@00000000
6F 00 00 0B 13 00 00 00 13 00 00 00 13 00 00 00
13 00 00 00 13 00 00 00 13 00 00 00 13 00 00 00
23 2E 11 FE 23 2C 51 FE 23 2A 61 FE 23 28 71 FE
23 26 A1 FE 23 24 B1 FE 23 22 C1 FE 23 20 D1 FE
23 2E E1 FC 23 2C F1 FC 23 2A 01 FD 23 28 11 FD
23 26 C1 FD 23 24 D1 FD 23 22 E1 FD 23 20 F1 FD
13 01 01 FC EF 00 80 12 83 20 C1 03 83 22 81 03
03 23 41 03 83 23 01 03 03 25 C1 02 83 25 81 02
03 26 41 02 83 26 01 02 03 27 C1 01 83 27 81 01
03 28 41 01 83 28 01 01 03 2E C1 00 83 2E 81 00
03 2F 41 00 83 2F 01 00 13 01 01 04 73 00 20 30
13 01 00 40 17 05 00 00 13 05 C5 F6 73 10 55 30
13 05 00 00 93 05 00 00 17 76 02 00 13 06 46 E2
63 0C B5 00 83 26 06 00 23 20 D5 00 13 05 45 00
13 06 46 00 6F F0 DF FE 13 05 00 00 93 05 80 00
63 08 B5 00 23 20 05 00 13 05 45 00 6F F0 5F FF
37 15 00 00 13 05 05 88 73 10 45 30 EF 00 90 64
6F 00 00 00 13 01 01 FF 23 26 11 00 23 24 81 00
13 04 01 01 13 00 00 00 83 20 C1 00 03 24 81 00
13 01 01 01 67 80 00 00 13 01 01 FF 23 26 11 00
23 24 81 00 13 04 01 01 13 00 00 00 83 20 C1 00
03 24 81 00 13 01 01 01 67 80 00 00 13 01 01 FE
23 2E 11 00 23 2C 81 00 13 04 01 02 23 26 A4 FE
83 27 C4 FE 73 90 07 BC 13 00 00 00 83 20 C1 01
03 24 81 01 13 01 01 02 67 80 00 00 13 01 01 FF
23 26 11 00 23 24 81 00 13 04 01 01 13 05 00 00
EF F0 DF FB B7 57 00 F0 93 87 C7 01 23 A0 07 00
B7 57 00 F0 93 87 C7 00 13 07 10 00 23 A0 E7 00
B7 57 00 F0 93 87 07 01 83 A7 07 00 63 98 07 00
13 07 10 00 23 10 E0 00 6F 00 40 01 B7 57 00 F0
93 87 C7 01 13 07 10 00 23 A0 E7 00 13 00 00 00
13 00 00 00 83 20 C1 00 03 24 81 00 13 01 01 01
67 80 00 00 13 01 01 FF 23 26 11 00 23 24 81 00
13 04 01 01 13 00 00 00 83 20 C1 00 03 24 81 00
13 01 01 01 67 80 00 00 13 01 01 FF 23 26 11 00
23 24 81 00 13 04 01 01 13 00 00 00 83 20 C1 00
03 24 81 00 13 01 01 01 67 80 00 00 13 01 01 FE
23 2E 11 00 23 2C 81 00 13 04 01 02 93 07 05 00
A3 07 F4 FE 03 47 F4 FE 93 07 A0 00 63 16 F7 02
13 00 00 00 B7 67 00 F0 93 87 47 80 03 A7 07 00
93 07 10 00 E3 08 F7 FE B7 67 00 F0 93 87 07 80
13 07 D0 00 23 A0 E7 00 13 00 00 00 B7 67 00 F0
93 87 47 80 03 A7 07 00 93 07 10 00 E3 08 F7 FE
B7 67 00 F0 93 87 07 80 03 47 F4 FE 23 A0 E7 00
13 00 00 00 83 20 C1 01 03 24 81 01 13 01 01 02
67 80 00 00 13 01 01 FE 23 2E 11 00 23 2C 81 00
13 04 01 02 23 26 A4 FE 6F 00 C0 01 83 27 C4 FE
13 87 17 00 23 26 E4 FE 83 C7 07 00 13 85 07 00
EF F0 DF F4 83 27 C4 FE 83 C7 07 00 E3 90 07 FE
13 00 00 00 13 00 00 00 83 20 C1 01 03 24 81 01
13 01 01 02 67 80 00 00 13 01 01 FD 23 26 11 02
23 24 81 02 13 04 01 03 23 2E A4 FC 23 2C B4 FC
83 27 84 FD 63 46 F0 00 93 07 10 00 23 2C F4 FC
03 27 84 FD 93 07 80 00 63 D6 E7 00 93 07 80 00
23 2C F4 FC 83 27 84 FD 93 87 F7 FF 23 26 F4 FE
6F 00 00 06 83 27 C4 FE 93 97 27 00 03 27 C4 FD
B3 57 F7 00 93 F7 F7 00 23 24 F4 FE 03 27 84 FE
93 07 90 00 63 EC E7 00 83 27 84 FE 93 F7 F7 0F
93 87 07 03 93 F7 F7 0F 6F 00 40 01 83 27 84 FE
93 F7 F7 0F 93 87 77 05 93 F7 F7 0F 13 85 07 00
EF F0 DF E8 83 27 C4 FE 93 87 F7 FF 23 26 F4 FE
83 27 C4 FE E3 D0 07 FA 13 00 00 00 13 00 00 00
83 20 C1 02 03 24 81 02 13 01 01 03 67 80 00 00
13 01 01 FD 23 26 11 02 23 24 81 02 13 04 01 03
23 2E A4 FC 83 27 C4 FD 63 98 07 00 13 05 00 03
EF F0 DF E3 6F 00 C0 0A 93 07 10 00 23 26 F4 FE
23 24 04 FE 6F 00 00 09 B7 17 00 10 13 87 07 10
83 27 84 FE 93 97 27 00 B3 07 F7 00 83 A7 07 00
23 20 F4 FE A3 03 04 FE 6F 00 00 02 03 27 C4 FD
83 27 04 FE B3 07 F7 40 23 2E F4 FC 83 47 74 FE
93 87 17 00 A3 03 F4 FE 03 27 C4 FD 83 27 04 FE
E3 7E F7 FC 83 47 74 FE 63 9C 07 00 83 27 C4 FE
63 88 07 00 03 27 84 FE 93 07 90 00 63 1E F7 00
83 47 74 FE 93 87 07 03 93 F7 F7 0F 13 85 07 00
EF F0 DF DA 23 26 04 FE 83 27 84 FE 93 87 17 00
23 24 F4 FE 03 27 84 FE 93 07 90 00 E3 D6 E7 F6
83 20 C1 02 03 24 81 02 13 01 01 03 67 80 00 00
13 01 01 FE 23 2E 11 00 23 2C 81 00 13 04 01 02
23 26 A4 FE 83 27 C4 FE 93 F7 F7 00 23 26 F4 FE
03 27 C4 FE 93 07 90 00 63 EC E7 00 83 27 C4 FE
93 F7 F7 0F 93 87 07 03 93 F7 F7 0F 6F 00 40 01
83 27 C4 FE 93 F7 F7 0F 93 87 77 05 93 F7 F7 0F
13 85 07 00 EF F0 9F D2 13 00 00 00 83 20 C1 01
03 24 81 01 13 01 01 02 67 80 00 00 13 01 01 FF
23 26 11 00 23 24 81 00 13 04 01 01 13 00 00 00
83 20 C1 00 03 24 81 00 13 01 01 01 67 80 00 00
13 01 01 FF 23 26 11 00 23 24 81 00 13 04 01 01
13 00 00 00 83 20 C1 00 03 24 81 00 13 01 01 01
67 80 00 00 13 01 01 FE 23 2E 11 00 23 2C 81 00
13 04 01 02 23 26 A4 FE B7 57 00 F0 93 87 87 00
23 A0 07 00 B7 57 00 F0 03 27 C4 FE 23 A0 E7 00
B7 57 00 F0 93 87 87 00 13 07 10 00 23 A0 E7 00
B7 57 00 F0 93 87 C7 00 13 07 10 00 23 A0 E7 00
6F 00 40 01 B7 57 00 F0 93 87 C7 00 13 07 10 00
23 A0 E7 00 B7 57 00 F0 93 87 07 01 83 A7 07 00
E3 92 07 FE 13 00 00 00 13 00 00 00 83 20 C1 01
03 24 81 01 13 01 01 02 67 80 00 00 13 01 01 FE
23 2E 11 00 23 2C 81 00 13 04 01 02 B7 77 02 10
13 87 C7 93 B7 17 00 10 93 87 87 12 B3 07 F7 40
23 24 F4 FE B7 17 00 10 93 87 87 12 23 22 F4 FE
23 26 04 FE 6F 00 80 02 03 27 44 FE 83 27 C4 FE
B3 07 F7 00 83 C7 07 00 13 85 07 00 EF F0 1F BF
83 27 C4 FE 93 87 17 00 23 26 F4 FE 03 27 C4 FE
83 27 84 FE E3 6A F7 FC 13 00 00 00 13 00 00 00
83 20 C1 01 03 24 81 01 13 01 01 02 67 80 00 00
13 01 01 FD 23 26 11 02 23 24 81 02 13 04 01 03
B7 77 02 10 13 87 C7 93 B7 17 00 10 93 87 87 12
B3 07 F7 40 23 2E F4 FC B7 17 00 10 93 87 87 12
23 2C F4 FC B7 77 02 10 13 85 C7 93 EF F0 9F C0
B7 77 02 10 13 85 87 97 EF F0 DF BF 83 27 84 FD
93 05 80 00 13 85 07 00 EF F0 1F C4 B7 77 02 10
13 85 07 99 EF F0 1F BE B7 77 02 10 13 85 47 99
EF F0 5F BD B7 77 02 10 93 87 C7 93 93 05 80 00
13 85 07 00 EF F0 5F C1 B7 77 02 10 13 85 07 99
EF F0 5F BB B7 77 02 10 13 85 C7 9A EF F0 9F BA
03 25 C4 FD EF F0 DF CB B7 77 02 10 13 85 07 9C
EF F0 5F B9 B7 77 02 10 13 85 87 9C EF F0 9F B8
23 26 04 FE 6F 00 C0 24 03 27 C4 FD 83 27 C4 FE
B3 07 F7 40 23 24 F4 FE 03 27 84 FE 93 07 00 01
63 F6 E7 00 93 07 00 01 23 24 F4 FE B7 77 02 10
13 85 07 A0 EF F0 1F B5 03 27 84 FD 83 27 C4 FE
B3 07 F7 00 93 05 80 00 13 85 07 00 EF F0 DF B8
B7 77 02 10 13 85 47 A0 EF F0 DF B2 23 22 04 FE
6F 00 C0 05 03 27 44 FE 83 27 84 FE 63 7C F7 02
03 27 C4 FE 83 27 44 FE B3 07 F7 00 03 27 84 FD
B3 07 F7 00 83 C7 07 00 93 05 20 00 13 85 07 00
EF F0 9F B4 B7 77 02 10 13 85 87 A0 EF F0 9F AE
6F 00 00 01 B7 77 02 10 13 85 C7 A0 EF F0 9F AD
83 27 44 FE 93 87 17 00 23 22 F4 FE 03 27 44 FE
93 07 F0 00 E3 F0 E7 FA B7 77 02 10 13 85 07 A1
EF F0 5F AB 23 20 04 FE 6F 00 40 15 03 27 C4 FE
83 27 04 FE B3 07 F7 00 03 27 84 FD B3 07 F7 00
83 C7 07 00 A3 0B F4 FC 83 47 74 FD 13 07 D0 00
63 8E E7 06 13 07 D0 00 63 42 F7 0C 13 07 C0 00
63 8E E7 08 13 07 C0 00 63 4A F7 0A 13 07 B0 00
63 8E E7 08 13 07 B0 00 63 42 F7 0A 13 07 A0 00
63 8E E7 02 13 07 A0 00 63 4A F7 08 13 07 90 00
63 86 E7 04 13 07 90 00 63 42 F7 08 63 88 07 00
13 07 80 00 63 84 E7 04 6F 00 40 07 B7 77 02 10
13 85 07 A2 EF F0 1F A2 6F 00 C0 0A B7 77 02 10
13 85 47 A2 EF F0 1F A1 6F 00 C0 09 B7 77 02 10
13 85 87 A2 EF F0 1F A0 6F 00 C0 08 B7 77 02 10
13 85 C7 A2 EF F0 1F 9F 6F 00 C0 07 B7 77 02 10
13 85 07 A3 EF F0 1F 9E 6F 00 C0 06 B7 77 02 10
13 85 47 A3 EF F0 1F 9D 6F 00 C0 05 B7 77 02 10
13 85 87 A3 EF F0 1F 9C 6F 00 C0 04 03 47 74 FD
93 07 F0 01 63 F0 E7 02 03 47 74 FD 93 07 E0 07
63 EA E7 00 83 47 74 FD 13 85 07 00 EF F0 1F 91
6F 00 00 02 B7 77 02 10 13 85 C7 A3 EF F0 9F 98
83 47 74 FD 93 05 20 00 13 85 07 00 EF F0 DF 9C
13 00 00 00 B7 77 02 10 13 85 07 A4 EF F0 9F 96
83 27 04 FE 93 87 17 00 23 20 F4 FE 03 27 04 FE
83 27 84 FE E3 64 F7 EA B7 77 02 10 13 85 07 99
EF F0 5F 94 83 27 C4 FE 93 87 07 01 23 26 F4 FE
03 27 C4 FE 83 27 C4 FD E3 68 F7 DA B7 77 02 10
13 85 47 A4 EF F0 1F 92 13 00 00 00 83 20 C1 02
03 24 81 02 13 01 01 03 67 80 00 00 13 01 01 F9
23 26 11 06 23 24 81 06 13 04 01 07 B7 17 00 10
93 87 87 12 23 22 F4 FE B7 77 02 10 13 87 C7 93
B7 17 00 10 93 87 87 12 B3 07 F7 40 23 20 F4 FE
23 2C 04 F8 93 07 10 00 23 2E F4 F8 93 07 20 00
23 20 F4 FA 93 07 30 00 23 22 F4 FA 93 07 F0 00
23 24 F4 FA 93 07 00 01 23 26 F4 FA 93 07 F0 01
23 28 F4 FA 93 07 00 02 23 2A F4 FA 93 07 F0 0F
23 2C F4 FA 93 07 00 10 23 2E F4 FA 93 07 F0 3F
23 20 F4 FC 93 07 00 40 23 22 F4 FC B7 17 00 00
93 87 F7 FF 23 24 F4 FC B7 17 00 00 23 26 F4 FC
83 27 04 FE 93 D7 17 00 23 28 F4 FC 83 27 04 FE
93 87 07 FF 23 2A F4 FC 93 07 00 01 23 2E F4 FC
B7 77 02 10 13 85 07 A8 EF F0 DF 83 23 26 04 FE
6F 00 80 0C 03 27 C4 FE 93 07 84 F9 13 17 27 00
B3 07 F7 00 83 A7 07 00 23 2C F4 FC 03 27 84 FD
83 27 04 FE 63 7A F7 08 B7 77 02 10 13 85 47 A9
EF F0 5F 80 93 05 80 00 03 25 84 FD EF F0 DF 84
B7 77 02 10 13 85 47 A0 EF F0 CF FE 23 24 04 FE
6F 00 C0 03 03 27 84 FD 83 27 84 FE B3 07 F7 00
03 27 44 FE B3 07 F7 00 83 C7 07 00 93 05 20 00
13 85 07 00 EF F0 5F 81 13 05 00 02 EF F0 0F F3
83 27 84 FE 93 87 17 00 23 24 F4 FE 03 27 84 FE
93 07 F0 00 63 EC E7 00 03 27 84 FD 83 27 84 FE
B3 07 F7 00 03 27 04 FE E3 E6 E7 FA 13 05 A0 00
EF F0 CF EF 6F 00 80 00 13 00 00 00 83 27 C4 FE
93 87 17 00 23 26 F4 FE 03 27 C4 FE 83 27 C4 FD
E3 6A F7 F2 13 00 00 00 13 00 00 00 83 20 C1 06
03 24 81 06 13 01 01 07 67 80 00 00 13 01 01 FE
23 2E 11 00 23 2C 81 00 13 04 01 02 B7 17 00 10
93 87 87 12 23 24 F4 FE 23 26 04 FE 6F 00 C0 04
03 27 84 FE 83 27 C4 FE B3 07 F7 00 83 C7 07 00
93 05 20 00 13 85 07 00 EF F0 0F F6 13 05 00 02
EF F0 CF E7 83 27 C4 FE 13 F7 F7 00 93 07 F0 00
63 16 F7 00 13 05 A0 00 EF F0 4F E6 83 27 C4 FE
93 87 17 00 23 26 F4 FE 03 27 C4 FE 93 07 F0 0F
E3 F8 E7 FA 13 00 00 00 13 00 00 00 83 20 C1 01
03 24 81 01 13 01 01 02 67 80 00 00 13 01 01 FF
23 26 11 00 23 24 81 00 13 04 01 01 B7 07 00 26
93 87 47 02 13 07 B0 00 23 A0 E7 00 B7 07 00 26
93 87 87 02 37 27 00 00 13 07 07 80 23 A0 E7 00
B7 07 00 26 93 87 C7 02 37 27 00 00 13 07 07 80
23 A0 E7 00 B7 07 00 26 93 87 07 03 37 27 00 00
13 07 07 80 23 A0 E7 00 B7 07 00 26 93 87 47 03
37 27 00 00 13 07 07 80 23 A0 E7 00 B7 07 00 26
93 87 87 03 13 07 30 40 23 A0 E7 00 B7 07 00 26
93 87 C7 03 37 27 00 00 13 07 97 80 23 A0 E7 00
B7 07 00 26 93 87 07 04 37 27 00 00 13 07 97 80
23 A0 E7 00 B7 07 00 26 93 87 47 04 37 27 00 00
13 07 97 80 23 A0 E7 00 B7 07 00 26 93 87 87 04
37 27 00 00 13 07 97 80 23 A0 E7 00 B7 07 00 26
93 87 C7 04 37 27 00 00 13 07 97 80 23 A0 E7 00
B7 07 00 26 93 87 07 05 37 27 00 00 13 07 97 80
23 A0 E7 00 B7 07 00 26 93 87 47 05 37 27 00 00
13 07 97 80 23 A0 E7 00 B7 07 00 26 93 87 87 05
37 27 00 00 13 07 97 80 23 A0 E7 00 B7 07 00 26
93 87 C7 05 37 27 00 00 13 07 97 80 23 A0 E7 00
B7 07 00 26 93 87 07 06 37 27 00 00 13 07 97 80
23 A0 E7 00 B7 07 00 26 93 87 47 06 37 27 00 00
13 07 97 80 23 A0 E7 00 B7 07 00 26 93 87 87 06
37 27 00 00 13 07 97 80 23 A0 E7 00 B7 07 00 26
93 87 C7 06 37 27 00 00 13 07 97 80 23 A0 E7 00
B7 07 00 26 93 87 07 07 37 27 00 00 13 07 97 80
23 A0 E7 00 B7 07 00 26 93 87 47 07 37 27 00 00
13 07 97 80 23 A0 E7 00 B7 07 00 26 93 87 87 07
37 27 00 00 13 07 97 80 23 A0 E7 00 B7 07 00 26
93 87 C7 07 37 27 00 00 13 07 97 80 23 A0 E7 00
B7 07 00 26 93 87 07 08 37 27 00 00 13 07 97 80
23 A0 E7 00 B7 07 00 26 93 87 47 08 37 27 00 00
13 07 97 80 23 A0 E7 00 B7 07 00 26 93 87 87 08
37 27 00 00 13 07 97 80 23 A0 E7 00 B7 07 00 26
93 87 C7 08 37 27 00 00 13 07 97 80 23 A0 E7 00
B7 07 00 26 93 87 07 09 37 27 00 00 13 07 97 80
23 A0 E7 00 B7 07 00 26 93 87 47 09 37 27 00 00
13 07 97 80 23 A0 E7 00 B7 07 00 26 93 87 87 09
37 27 00 00 13 07 97 80 23 A0 E7 00 B7 07 00 26
93 87 C7 09 37 27 00 00 13 07 97 80 23 A0 E7 00
B7 07 00 26 93 87 07 0A 37 27 00 00 13 07 97 80
23 A0 E7 00 B7 07 00 26 93 87 47 0A 37 27 00 00
13 07 97 80 23 A0 E7 00 B7 07 00 26 93 87 87 0A
37 27 00 00 13 07 97 80 23 A0 E7 00 B7 07 00 26
93 87 C7 0A 37 27 00 00 13 07 97 80 23 A0 E7 00
B7 07 00 26 93 87 07 0B 37 27 00 00 13 07 97 80
23 A0 E7 00 B7 07 00 26 93 87 47 0B 37 27 00 00
13 07 97 80 23 A0 E7 00 B7 07 00 26 93 87 87 0B
37 27 00 00 13 07 97 80 23 A0 E7 00 B7 07 00 26
13 07 10 00 23 A0 E7 00 13 00 00 00 B7 07 00 26
03 A7 07 00 93 07 10 00 E3 0A F7 FE 13 00 00 00
13 00 00 00 83 20 C1 00 03 24 81 00 13 01 01 01
67 80 00 00 13 01 01 FF 23 26 11 00 23 24 81 00
13 04 01 01 B7 37 00 F0 93 87 07 80 13 07 10 00
23 A0 E7 00 B7 37 00 F0 93 87 47 80 23 A0 07 00
B7 37 00 F0 93 87 87 80 13 07 10 00 23 A0 E7 00
B7 37 00 F0 93 87 C7 80 13 07 10 00 23 A0 E7 00
EF F0 DF C7 B7 67 00 F0 13 07 10 00 23 A0 E7 00
B7 37 00 F0 13 87 C7 00 93 07 00 00 23 20 F7 00
37 37 00 F0 13 07 C7 01 23 20 F7 00 B7 37 00 F0
13 87 87 00 93 07 00 00 23 20 F7 00 37 37 00 F0
13 07 87 01 23 20 F7 00 B7 37 00 F0 13 87 47 00
93 07 00 00 23 20 F7 00 37 37 00 F0 13 07 47 01
23 20 F7 00 37 37 00 F0 93 07 00 00 23 20 F7 00
37 37 00 F0 13 07 07 01 23 20 F7 00 B7 77 02 10
13 85 07 AA EF F0 0F AB EF F0 4F DE 13 00 00 00
83 20 C1 00 03 24 81 00 13 01 01 01 67 80 00 00
00 00 00 00 00 00 00 00 00 00 00 00 00 00 00 00
00 00 00 00 00 00 00 00 00 00 00 00 00 00 00 00
00 00 00 00 00 00 00 00 00 00 00 00 00 00 00 00
00 00 00 00 00 00 00 00 00 00 00 00 00 00 00 00
00 00 00 00 00 00 00 00 00 00 00 00 00 00 00 00
00 00 00 00 00 00 00 00 00 00 00 00 00 00 00 00
00 00 00 00 00 00 00 00 00 00 00 00 00 00 00 00
00 00 00 00 00 00 00 00 00 00 00 00 00 00 00 00
00 00 00 00 00 00 00 00 00 00 00 00 00 00 00 00
00 00 00 00 00 00 00 00 00 00 00 00 00 00 00 00
00 00 00 00 00 00 00 00 00 00 00 00 00 00 00 00
00 00 00 00 00 00 00 00 00 00 00 00 00 00 00 00
@00001100
00 CA 9A 3B 00 E1 F5 05 80 96 98 00 40 42 0F 00
A0 86 01 00 10 27 00 00 E8 03 00 00 64 00 00 00
0A 00 00 00 01 00 00 00 49 4D 47 21 01 01 00 00
40 01 F0 00 00 58 02 00 FF FF FF FF FF FF FF FF
FF FF FF FF FF FF FF FF FF FF FF FF FF FF FF FF
FF FF FF FF FF FF FF FF FF FF FF FF FF FF FF FF
FF FF FF FF FF FF FF FF FF FF FF FF FF FF FF FF
FF FF FF FF FF FF FF FF FF FF FF FF FF FF FF FF
FF FF FF FF FF FF FF FF FF FF FF FF FF FF FF FF
FF FF FF FF FF FF FF FF FF FF FF FF FF FF FF FF
FF FF FF FF FF FF FF FF FF FF FF FF FF FF FF FF
FF FF FF FF FF FF FF FF FF FF FF FF FF FF FF FF
FF FF FF FF FF FF FF FF FF FF FF FF FF FF FF FF
FF FF FF FF FF FF FF FF FF FF FF FF FF FF FF FF
FF FF FF FF FF FF FF FF FF FF FF FF DF FF FF FF
FF FF FF FF FF FF FF FF FF FF FF FF FF FF FF FF
FF FF FF FF FF FF FF FF FF FF FF FF FF FF FF FF
FF FF FF FF FF FF DF FF FF FF FF FF FF FF FF FF
FF FF FF FF FF FF FF FF FF FF FF FF FF FF FF FF
FF FF FF FF FF FF FF FF FF FF FF FF FF FF FF FF
DF FF FF FF FF FF FF FF FF FF FF FF FF FF FF FF
FF FF FF FF FF FF FF FF FF FF FF FF FF FF FF FF
FF FF FF FF FF FF FF FF FF FF DF FF FF FF FF FF
FF FF FF FF FF FF FF FF FF FF FF FF FF FF FF FF
FF FF FF FF FF FF FF FF FF FF FF FF FF FF FF FF
FF FF FF FF DF FF FF FF FF FF FF FF FF FF FF FF
FF FF FF FF FF FF FF FF FF FF FF FF FF FF FF FF
FF FF FF FF FF FF FF FF FF FF FF FF FF FF DF FF
FF FF FF FF FF FF FF FF FF FF FF FF FF FF FF FF
FF FF FF FF FF FF FF FF FF FF FF FF FF FF FF FF
FF FF FF FF FF FF FF FF DF FF FF FF FF FF FF FF
FF FF FF FF FF FF FF FF FF FF FF FF FF FF FF FF
FF FF FF FF FF FF FF FF FF FF FF FF FF FF FF FF
FF FF DF FF FF FF FF FF FF FF FF FF FF FF FF FF
FF FF FF FF FF FF FF FF FF FF FF FF FF FF FF FF
FF FF FF FF FF FF FF FF FF FF FF FF DF FF FF FF
FF FF FF FF FF FF FF FF FF FF FF FF FF FF FF FF
FF FF FF FF FF FF FF FF FF FF FF FF FF FF FF FF
FF FF FF FF FF FF DF FF FF FF FF FF FF FF FF FF
FF FF FF FF FF FF FF FF FF FF FF FF FF FF FF FF
FF FF FF FF FF FF FF FF FF FF FF FF FF FF FF FF
DF FF FF FF FF FF FF FF FF FF FF FF FF FF FF FF
FF FF FF FF FF FF FF FF FF FF FF FF FF FF FF FF
FF FF FF FF FF FF FF FF FF FF FF FF F7 FF B8 FF
9A F7 BA FF 99 F7 99 F7 BA FF BA FF BA FF BA FF
BA FF BA FF BA FF BA FF BA FF BA FF BA FF BA FF
BA FF B8 FF B7 FF BA FF BA FF BA FF BA FF 99 F7
99 F7 BA FF BA FF BA FF BA FF BA FF BA FF BA FF
BA FF BA FF BA FF BA FF B7 FF B8 FF BA FF BA FF
BA FF BA FF BA FF BA FF 99 F7 99 F7 BA FF BA FF
BA FF BA FF BA FF BA FF BA FF BA FF BA FF B7 FF
B9 FF BA FF BA FF BA FF BA FF BA FF BA FF BA FF
BA FF 99 F7 9A F7 BA FF BA FF BA FF BA FF BA FF
BA FF B9 FF B6 FF B9 FF BA FF BA FF BA FF BA FF
BA FF BA FF BA FF BA FF BA FF BA FF 99 F7 99 F7
BA FF BA FF BA FF BA FF B9 FF B7 FF BA FF BA FF
BA FF BA FF BA FF BA FF BA FF BA FF BA FF BA FF
BA FF BA FF BA FF 99 F7 BA F7 BA FF BA FF B8 FF
B7 FF BA FF BA FF BA FF BA FF BA FF BA FF BA FF
BA FF BA FF BA FF BA FF BA FF BA FF BA FF BA FF
79 F7 BA F7 B8 FF B7 FF BA FF BA FF BA FF BA FF
BA FF BA FF BA FF BA FF BA FF BA FF BA FF BA FF
BA FF BA FF BA FF BA FF BA FF 97 F7 B8 FF BA FF
BA FF BA FF BA FF BA FF BA FF BA FF BA FF BA FF
BA FF BA FF BA FF BA FF BA FF BA FF BA FF BA FF
B7 FF B8 FF 79 F7 BA F7 BA FF BA FF BA FF BA FF
BA FF BA FF BA FF BA FF BA FF BA FF BA FF BA FF
BA FF BA FF BA FF B7 FF B9 FF BA FF BA FF 99 F7
BA FF BA FF BA FF BA FF BA FF BA FF BA FF BA FF
BA FF BA FF BA FF BA FF BA FF BA FF B7 FF BA FF
BA FF BA FF BA FF BA FF 79 F7 BA FF BA FF BA FF
BA FF BA FF BA FF BA FF BA FF BA FF BA FF BA FF
B9 FF B7 FF BA FF BA FF BA FF BA FF BA FF BA FF
BA FF 79 F7 BA FF BA FF BA FF BA FF BA FF BA FF
BA FF BA FF BA FF B9 FF B7 FF BA FF BA FF BA FF
BA FF BA FF BA FF BA FF BA FF BA FF 79 F7 BA FF
BA FF BA FF BA FF BA FF BA FF BA FF B8 FF B7 FF
BA FF BA FF BA FF BA FF BA FF BA FF BA FF BA FF
BA FF BA FF BA F7 79 F7 BA FF BA FF BA FF BA FF
BA FF B8 FF B8 FF BA FF BA FF BA FF BA FF BA FF
BA FF BA FF BA FF BA FF BA FF BA FF BA FF BA F7
79 F7 BA FF BA FF BA FF B7 FF B8 FF BA FF BA FF
BA FF BA FF BA FF BA FF BA FF BA FF BA FF BA FF
9A F7 F5 FF FD FF FF FF FF FF FF FF 0F D6 40 DE
C0 E6 20 D6 40 D6 40 D6 40 DE 40 DE 40 D6 40 DE
40 D6 40 DE 40 DE 40 DE 40 DE 40 DE 40 DE 40 DE
40 DE 40 DE 40 D6 40 DE 40 DE 40 DE 40 DE 40 D6
40 D6 40 D6 40 DE 40 DE 40 DE 40 DE 40 DE 40 DE
40 DE 40 DE 40 D6 40 DE 40 DE 40 DE 40 DE 40 DE
40 DE 40 DE 40 DE 40 D6 40 D6 40 D6 40 DE 40 DE
40 DE 40 D6 40 DE 40 D6 40 DE 40 D6 40 DE 40 D6
40 DE 40 DE 40 DE 40 DE 40 DE 40 DE 40 D6 40 DE
40 DE 40 D6 40 D6 40 DE 40 D6 40 DE 40 DE 40 DE
40 D6 40 DE 40 DE 40 DE 40 DE 40 DE 40 DE 40 DE
40 DE 40 D6 40 DE 40 D6 40 DE 40 D6 40 D6 40 D6
40 DE 40 D6 40 DE 40 DE 40 DE 40 D6 40 DE 40 DE
40 DE 40 DE 40 DE 40 DE 40 D6 40 DE 40 DE 40 DE
40 D6 40 DE 40 D6 40 D6 40 D6 40 DE 40 D6 40 DE
40 DE 40 DE 40 DE 40 DE 40 DE 40 DE 40 DE 40 D6
40 DE 40 D6 40 DE 40 D6 40 DE 40 DE 40 DE 40 D6
40 D6 40 D6 40 DE 40 DE 40 DE 40 DE 40 DE 40 DE
40 DE 40 DE 40 D6 40 DE 40 DE 40 DE 40 DE 40 DE
40 DE 40 DE 40 DE 40 DE 40 DE 40 D6 40 DE 40 DE
40 DE 40 DE 40 DE 40 DE 40 DE 40 D6 40 DE 40 DE
40 DE 40 DE 40 DE 40 DE 40 DE 40 DE 40 DE 40 DE
40 DE 40 DE 40 D6 40 DE 40 DE 40 DE 40 DE 40 D6
40 D6 40 DE 40 DE 40 D6 40 DE 40 DE 40 DE 40 D6
40 DE 40 D6 40 DE 40 DE 40 DE 40 DE 40 DE 40 D6
40 DE 40 DE 40 D6 40 DE 40 D6 40 DE 40 DE 40 DE
40 D6 40 DE 40 D6 40 DE 40 D6 40 DE 40 D6 40 DE
40 DE 40 DE 40 DE 40 DE 40 D6 40 D6 40 DE 40 DE
40 DE 40 D6 40 DE 40 D6 40 DE 40 D6 40 DE 40 D6
40 DE 40 DE 40 DE 40 DE 40 DE 40 DE 40 DE 40 DE
40 D6 40 D6 40 D6 40 DE 40 D6 40 DE 40 D6 40 DE
40 D6 40 DE 40 DE 40 DE 40 D6 40 DE 40 DE 40 DE
40 DE 40 DE 40 DE 40 D6 40 DE 40 DE 40 D6 40 D6
40 DE 40 D6 40 DE 40 DE 40 DE 40 DE 40 DE 40 DE
40 DE 40 DE 40 DE 40 DE 40 DE 40 DE 40 D6 40 DE
40 D6 40 DE 40 D6 20 D6 40 D6 40 DE 40 D6 40 DE
40 DE 40 DE 40 DE 40 DE 40 DE 40 DE 40 DE 40 DE
40 DE 40 D6 40 DE 40 DE 40 DE 40 DE 40 DE 40 D6
20 D6 40 DE 40 DE 40 DE 40 DE 40 DE 40 DE 40 DE
40 DE 40 DE 40 DE 40 D6 40 D6 40 DE 20 D6 80 DE
C0 E6 E6 D5 BB FF FF FF 7F FF 9F FF 7F 92 77 71
67 CD 00 E7 80 DE 60 DE 80 DE 80 DE A0 E6 A0 DE
A0 DE 80 DE A0 DE 80 DE 80 DE 80 DE 80 DE 80 DE
80 DE A0 DE 80 DE 40 DE 60 DE 60 D6 60 DE 60 DE
80 DE A0 E6 80 DE 80 DE 80 DE 80 DE 80 DE 80 DE
80 DE 80 DE 80 DE 60 DE 80 DE 60 DE 60 D6 60 D6
40 D6 80 DE 80 DE 80 DE 80 DE 80 DE 80 DE A0 DE
80 DE A0 DE 80 DE A0 DE 80 DE 80 DE 60 D6 A0 DE
60 DE 60 D6 60 D6 60 D6 80 DE 60 DE A0 E6 80 DE
80 DE 80 DE A0 DE 60 DE A0 DE 60 D6 80 DE 60 D6
A0 DE 60 DE A0 DE 80 D6 60 D6 60 D6 40 D6 80 DE
60 DE A0 E6 60 DE A0 DE 80 D6 A0 DE 80 DE A0 DE
60 DE A0 DE 60 DE 80 DE 60 D6 A0 DE 40 D6 60 D6
60 D6 40 D6 80 DE 60 DE A0 E6 60 DE 80 DE 60 D6
A0 DE 60 D6 A0 DE 60 DE 80 DE 80 D6 A0 DE 60 D6
80 DE 60 D6 60 D6 60 D6 60 DE 80 DE 60 DE A0 E6
60 DE A0 DE 60 DE A0 DE 80 DE A0 DE 60 D6 A0 DE
80 DE 80 DE 80 DE 80 DE 40 D6 60 D6 60 D6 60 DE
80 DE 60 DE A0 E6 60 DE 80 DE 80 DE A0 DE 80 D6
80 DE 80 DE 80 DE 80 DE 80 DE 80 DE 80 DE 40 D6
60 D6 40 D6 60 DE 80 DE 80 DE 80 DE 80 DE 80 DE
80 DE A0 DE 80 DE 80 DE 80 DE 80 DE 80 DE 60 D6
80 DE 60 DE 40 DE 60 D6 40 D6 60 DE 60 DE A0 DE
80 DE 80 DE 60 DE A0 DE 80 DE 80 DE 80 DE A0 DE
60 DE A0 DE 60 D6 80 DE 60 DE 40 D6 60 D6 60 D6
80 DE 60 DE 80 DE 60 DE A0 DE 60 DE A0 DE 60 DE
A0 DE 60 D6 A0 DE 60 DE 80 DE 60 D6 A0 DE 60 D6
60 D6 60 D6 60 D6 80 DE 60 DE A0 E6 60 DE 80 DE
60 DE A0 DE 60 DE A0 DE 80 D6 A0 DE 60 DE A0 DE
60 DE A0 DE 60 D6 60 D6 60 D6 40 D6 80 DE 60 DE
A0 E6 60 DE A0 DE 60 D6 A0 DE 60 DE A0 DE 60 D6
A0 DE 60 D6 80 DE 60 DE A0 DE 60 D6 40 D6 40 D6
60 D6 80 DE 60 DE A0 E6 60 DE 80 DE 60 DE A0 DE
60 DE A0 DE 60 DE 80 DE 80 DE A0 DE 80 DE 80 DE
40 D6 60 DE 40 D6 60 DE 80 DE 60 DE A0 E6 80 DE
A0 DE 60 DE 80 DE 80 DE A0 DE 80 DE A0 DE A0 DE
80 DE 80 DE 80 DE 40 D6 60 D6 40 D6 60 DE 80 DE
80 DE A0 DE 60 DE 60 DE 80 DE 80 DE 80 DE A0 DE
A0 DE 60 DE 80 DE 80 DE 80 DE 60 DE 40 D6 60 D6
60 D6 80 DE 80 DE 80 DE 80 DE 60 DE E0 E6 23 DE
30 9B 3F 81 7F FF DF FF FF FE 7F FF 9D 9A 1E 48
1E 58 30 9B C8 D5 2D E6 A9 D5 AF CD 8E AC B0 CC
8F BC 90 D5 70 BC 30 CD EF C4 10 CD CF C4 70 CD
10 D5 90 C4 EF BC 90 E6 50 E6 71 EE 0C DE 49 DE
2E C5 CE B4 70 D5 CF C4 30 D5 50 D5 30 CD 50 D5
50 D5 8F CD EF BC B0 E5 30 CD B0 DD 70 EE 50 E6
90 EE 4B D5 EA D5 0F BD 6E CD B0 C4 70 D5 B0 C4
10 CD 6F BC 91 DD 4F BC 8F C5 CF BC F0 E5 0F B4
D0 DD 70 EE 30 EE 70 EE E9 D5 4B E6 6F B4 AF CD
CF C4 B0 DD 30 BC B0 D5 AF B4 F0 ED D0 CC F0 E5
4F BC F0 E5 AF C4 90 ED 70 EE 30 EE 70 EE 88 CD
0D DE 6E AC EF D5 EF BB 90 E5 F0 B3 6F CD 2F AC
F0 DD EF B3 F0 E5 CF C4 F0 ED 2F B4 90 F6 70 EE
51 F6 8F F6 E8 D5 4D DE EE A3 EE D5 EF C4 F0 E5
F0 B3 F0 ED 2F BC F0 DD CF CC 50 ED 6F BC F0 E5
B0 CC 70 F6 10 EE 31 EE 4D E6 88 CD CF DD 8E B4
CF D5 4F B4 D0 DD F0 B3 70 DD CF C4 B0 E5 4F B4
90 DD 4F D5 70 DD D0 C4 B0 F6 70 EE F1 F5 0D E6
28 D6 AE D5 4E A4 D0 DD D0 CC 30 CD 70 C4 B0 E4
CF C4 D0 CC 10 CD 10 D5 CF C4 50 CD 30 CD 90 F6
50 EE 71 F6 2A DE E9 D5 8E C5 2E BD 50 D5 30 CD
30 CD D0 C4 10 CD 6F CD 10 CD 70 D5 2F CD F0 E5
D0 C4 B0 CD AF DE 70 EE 70 EE 0B DE 2A DE 8F B4
EE BC F0 D4 AF D5 70 BC 70 D5 AF C4 50 CD 4F BC
D0 DD 2F B4 B0 E5 AF C4 0F CE B0 EE 70 EE 70 EE
C9 D5 4B DE EE B4 CE C5 8F BC D0 D5 90 C4 B0 DD
6F BC F0 ED 70 C4 F0 DD EF BC 30 EE 4F BC 10 EE
30 EE 30 E6 71 EE 69 CD 6C E6 EE A3 CF D5 B0 C4
10 E6 F0 AB F0 E5 EF B3 90 DD 4F BC 30 DE 2F AC
10 DE B0 C4 70 EE 70 EE 50 E6 8F E6 C8 CD 2D DE
8E AC 0F DE 4F BC 50 E6 F0 B3 AF CD 6F B4 50 E6
6F BC 10 E6 D0 C4 D0 DD 2F BC F0 F5 90 EE 70 EE
4F EE A8 D5 0E D6 EE A3 CF D5 F0 CC D0 E5 30 BC
F0 E5 4F B4 B0 CD D0 CC 90 D5 AF C4 90 DD 2F CD
B0 F6 50 E6 71 F6 4D E6 A8 D5 EF CD 4E B4 50 CD
AF B4 F0 DD F0 C4 30 CD B0 BC 70 D5 B0 BC 30 C4
4F CD D0 C4 F0 C4 90 F6 50 EE 71 EE 0C DE E9 DD
2F C5 AE B4 AF D5 90 DD 30 C5 10 CD 30 D5 CF C4
4F C4 B0 DD F0 CC 30 CD 30 D5 B0 DD B0 F6 70 EE
D1 ED AA D5 2B D6 2F BD 0F BD 2A DE 8B B4 5D 60
1F 48 5D 81 DF FF DF FF DF F7 BF F7 5C A3 9A 58
58 79 7A 58 BC 9A B9 BD D7 59 58 74 F7 59 7D B9
FE 71 9D 72 DB 9B DE 93 5E 49 9E 6A FE 68 9E 79
5E 9B 3E 93 5D 6A 5F DE 9F 93 DF 49 79 52 D6 52
77 52 17 42 7D 72 5E 82 DC A3 DC AB BE 8A 1E 6A
3E 7A 3E 5A 1E 72 1E 9B 3E 59 7E 41 DF 41 BF 39
9F 8B B9 82 78 5A B8 52 F9 6A 7E 9A 3E 41 BB 61
DC 82 9D 71 D4 AB BC 61 5E 73 9D 82 9F 5B 3D 51
DF 52 7F 4B 5F 7B 9F 4B D7 52 D7 53 57 4A 98 5B
5E 62 9E 73 FA 7A 5D 6C 3E 62 3E 84 FE 51 1F 3B
5D 49 1F 43 FD 59 FF 83 9F 7C 7F 74 9E 6C F8 61
39 4B 37 4A DB 5B 5E 61 1E 5B 1A 62 9D 7B DD 71
BF 5B 1D 51 FF 4A DE 51 1F 5B 3D 49 7F 6C 7F 74
BF 84 FD 8C B6 62 58 74 D6 49 3A 54 7F 62 9E 8C
1A 6A 5E 43 5D 49 1F 3B 9E 6A DF 8B FD 69 1F 74
9D 72 9F 64 5F 43 5F 43 BB 4B D7 61 5A 43 76 4A
DC 5B FE 71 1D 6C 1A 62 9E 52 DE 51 DE 72 7D 61
3F 63 5E 73 7E 73 9E 7A FF 7C 9F 7C 9F 74 3B 5C
F6 5A 19 64 D7 49 1C 4B FF 49 BD 52 7B 8B 3E 93
7E 62 9E 62 BE 7A 3E 7B FE 41 5E 6A 79 6A 7E B4
DF 51 DF 6A F8 62 B8 72 B7 6B 56 3A 5E 49 3E 59
FC A1 9B 49 DE 61 3E 93 FE 9A 3E 9B 9E 82 5F 5A
BE 69 3E 62 1F 94 3F AC DF 41 98 52 78 52 99 39
18 73 BE A2 5F 62 FB 71 DC 7A 7E 8A 5E 41 BD 50
DF 72 7D 71 7E 79 3E 61 FE 92 3F C5 5F 7B FE 39
57 5A 98 52 96 3A 79 8A BE 60 9E A3 5B AB D8 83
5B 59 1F 64 1D 62 DF 5B 9D 62 7F 74 7D 51 3F 3B
5F 33 3F 3B 35 A5 F7 71 59 5B 78 49 3A 6B 5E 92
FF 59 7A 61 7E 83 1D 79 7E 91 1D 51 FF 82 9D 81
3F 8B FD 48 DF 61 DF 31 BF 89 7C 4A 36 5A D8 6B
75 4A 3B 94 3E 69 FE 6A 3A 7A 7E 62 BD 71 1F BC
DD 50 BF 49 FE 48 7E 31 FD 81 3F C4 1F 8B FF 6A
DE 6A F8 61 D8 42 77 51 FC 6A 1F 9A DE 69 1A 72
FE 72 FD 89 FE 8A 1E 49 7E 59 FD 50 5E 81 3E 89
9F B3 9F A4 7F 8B 3A 3A 57 6A D7 6B 56 4A 3D 82
DE 79 BD B4 FB 91 3E 99 DD 40 5E 49 FE 58 FE 60
FE 92 FE 71 DE 91 9F A4 7F 62 3F 9C 1B 93 37 6A
77 6A 38 52 7D 8A BF BB 7C A3 FC 51 3E 41 FE 69
9E 92 5E 39 9E 61 1E AC FE 9A 7E 41 1F 8C FF 9B
9F 9C 18 63 FB 92 B8 7B 37 84 5C B4 5B 58 78 79
D9 68 FB 81 7F FF DF EF FF DF FF E7 F5 AC CF 92
4B B4 8C A3 50 A4 2D A6 8C 8B 6C 9D EC 9B AF CC
6F 9C 2D A5 8B C5 90 B3 30 9B F0 83 0F B3 F0 BA
50 9D EF 8B B0 92 D0 DC 50 BB B0 52 EB 6B 0A 94
EB 9B CC 83 0F 73 10 8B CC B3 EB 93 F0 6A D0 6A
D0 82 D0 8A F0 6A D0 AA D0 B2 D0 92 B0 52 B0 6A
B0 7A AD 9B AC 73 CC 7B 8D 73 EF 82 F0 72 0B 9C
AD B3 F0 9A 4D 73 0F 7B F0 9A F0 C2 F0 6A 0F 7B
F0 82 F0 AA F0 AA F0 AA EB 6B EB 9B EB 9B CC 6B
0F 7B F0 62 4A AC AD B3 F0 82 D0 5A F0 82 F0 CA
0F A3 F0 62 F0 72 F0 72 F0 A2 F0 6A 0F 63 AC 9B
AD 6B EC 83 6E B3 0F A3 2F 6B 8A AC 4F CB F0 9A
F0 5A 0F 83 F0 5A EF 8A F0 92 0F 8B D0 5A F0 52
D0 5A 0F BB 0B 8C EC 93 EB 8B 8D A3 10 7B 2F 73
8A BC 4F 9B F0 92 D1 82 F0 92 D0 7A EF 7A D0 5A
EF 82 D0 AA D0 6A D0 62 6E 8B AC 8B AD 83 0B 94
2F 93 0F 7B 8D 73 6A 9C F0 9A F0 82 F0 5A EF B2
D0 AA D0 6A D0 6A F0 AA B0 B2 D0 B2 D0 72 6D 8B
0B 8C AD 83 EC 83 4E 63 F0 8A 8E CB 4A B4 F0 82
F0 AA F0 8A F0 A2 F0 92 F0 B2 F0 BA 0E 9B D0 62
B0 62 90 6A AC 6B AC 8B EC 83 EB 7B EF 72 F0 6A
EB 8B EC BB D0 92 F0 6A D0 72 D0 6A F0 72 B0 B2
CF 8A D0 62 D0 5A B0 5A B0 52 AC 73 CC 73 8D 7B
CC 7B 2F 7B D0 B2 EB A3 CC 93 D0 8A D0 6A EF 82
D0 C2 EF A2 D0 8A D0 A2 D0 CA B0 62 D0 AA D0 92
CC 93 AC 73 0B 74 AD C3 0F B3 0F A3 4A A4 8C AB
EF 8A F0 9A EF AA F0 92 F0 9A D0 A2 EF A2 F0 C2
F0 92 F0 7A 2E 7B 6D 9B 8D A3 AC 9B 4D 63 EF 82
D0 92 4A AC 4F C3 EF 8A D0 5A EF 92 B0 AA EF 8A
D0 5A CF 8A B0 B2 B0 BA B0 BA 0F 6B EB 8B EC 83
2B 8C 6E 63 0F 83 0F 83 6A CC EF BA EF 92 D0 C2
EF 7A B0 5A D0 8A D0 B2 D0 B2 B1 7A 90 5A 70 82
B0 A2 8D 8B AC 63 CC 93 2E B3 F0 82 0E 83 2A A4
B0 AA F0 BA D0 CA CF 9A D0 92 CF 7A D0 72 D0 BA
B0 DA D0 72 B0 5A 6D 9B CB 83 EC 6B 0B 84 0F BB
0F 8B 8D 8B 0B C4 D0 B2 EF 72 D0 62 F0 C2 EF AA
F0 62 F0 6A D0 D2 D0 7A D0 5A D0 92 2E C3 CC 73
EC 7B AC 83 EF A2 D0 AA CC 93 EB 8B D0 92 D0 BB
D0 AC 10 83 F0 93 30 9D 70 94 B0 62 90 BA 10 9C
B0 AD 0C 94 2E B5 6C A5 2C 95 70 B5 2D 9B A9 BC
0E 93 13 AC FF FF FF E7 FF EF FF EF 39 AC B5 71
D2 92 CC A3 95 A3 D1 AD B0 72 51 8C B2 7A D1 DB
2C B5 B6 5A D6 A3 D6 BB 16 82 B6 62 56 B2 16 B2
F6 62 B6 51 D6 BA 37 D5 37 9A F6 81 4F 5B 6E 93
10 9B B2 52 CE 83 AE BB B7 99 B6 79 B6 61 D6 51
B6 59 B6 99 B6 59 B6 B1 D6 A1 D6 89 D7 81 D7 91
D7 C1 B2 A2 F1 52 F1 52 73 82 8F B3 AF A3 B6 69
B6 C1 B5 A1 B7 39 D5 59 D6 C1 D6 B1 D6 41 D5 69
D6 59 D7 B9 D7 F1 D6 B9 30 53 50 93 F1 82 D2 4A
2C 9C 11 A3 96 91 B6 D1 D5 91 B6 39 B6 61 B6 D9
B5 B9 B6 99 B6 59 B7 61 D7 C1 B7 B1 15 8A B1 8A
B2 4A D1 62 54 A2 0D C4 B3 7A 96 59 B6 99 B5 89
B6 39 B5 69 B6 39 B6 79 B6 B9 D5 99 D7 51 D7 39
D7 49 35 C2 4F 7B 31 83 D1 6A 11 93 6C A4 35 6A
B6 81 B7 B1 F4 A1 73 AA F6 89 16 7A D5 59 16 3A
F5 79 37 D2 16 4A 17 42 D3 5A D0 7A F2 82 F1 6A
F3 92 4C 9C 36 4A B6 59 F6 91 F6 71 16 4A D5 A1
16 AA F6 71 F6 81 F6 B1 37 EA 36 D2 17 82 D3 72
4F 83 12 A3 B1 62 B0 7B 4C B4 34 AA B6 89 D6 99
D6 C1 D6 A1 D6 99 D6 A1 B6 91 D6 A1 B5 81 D7 79
D6 91 D7 69 F1 5A D1 7A 11 73 D1 52 50 73 EE AB
97 49 B6 91 D6 A1 B6 41 B6 51 D6 49 B6 51 D6 D9
D6 71 D6 59 D7 39 D7 41 D7 51 F1 52 11 73 B2 6A
B2 62 CE 9B 50 DB B6 81 B6 71 B5 89 D6 41 B5 61
B6 D9 B5 A1 D6 81 B6 81 D6 D1 B7 99 B7 D9 F6 91
10 73 F1 52 30 53 B2 B2 0D DC 51 D3 B7 69 D6 91
D5 81 D7 81 D5 A1 D6 B9 D6 71 D6 C1 D5 A9 D7 C9
D7 D1 D7 69 F6 51 72 82 32 AB 92 82 D3 62 6C A4
D4 A2 D5 79 F5 C9 B5 81 D6 41 B5 91 D6 B9 D5 81
B6 59 D5 61 D7 B1 D7 D1 D7 89 54 82 10 7B 31 9B
10 6B D2 72 2C AC 16 5A B6 91 D6 D1 D5 99 D6 99
D5 61 D6 41 D6 79 D6 C1 53 BA 75 7A 57 42 57 7A
76 9A B1 82 51 5B 72 72 71 C3 8C AC 56 7A F6 81
56 D2 14 9A 15 92 D6 89 D6 81 D5 59 D6 49 D6 D1
D7 E1 D6 61 D7 41 B3 9A 10 6B 30 5B F1 6A 31 CB
CE BB B7 91 B6 A1 D6 B1 D6 59 D6 41 D6 C9 D6 C9
D6 61 D6 69 D6 C9 D7 79 D7 49 D7 E1 54 C2 10 53
11 53 92 72 CF C3 CE B3 B7 59 B6 51 D6 81 B6 C2
16 AB 96 8A 76 82 96 BB D6 9A 56 92 77 CA D7 C2
37 B4 51 7B 94 9B D2 73 F1 94 B6 B4 4E 9B 8F A3
B5 71 37 9B FF FF FF EF FF FF FF FF B6 BC 90 8A
F0 92 EB A3 AF BC CF B5 0E 7B EC B3 6A A4 B1 CA
F0 82 72 5A 31 B3 92 9B 91 82 72 5A 91 BA 92 D2
72 7A B1 82 91 CB D2 C3 D2 7A B2 CA 6F 7B AF 93
4C AC 6B AC 50 93 50 BB F2 AA 12 BB 12 BB F2 72
12 7B 12 BB 12 93 F2 B2 D2 AA D2 B2 D2 B2 F2 B2
12 EB 6F AB 8F 7B 4B 84 0D D4 11 CB 10 BB F1 A2
B2 AA F1 8A B2 62 B1 72 B2 D2 B1 A2 B2 72 B1 9A
B2 5A B2 7A B2 E2 B2 BA AD 6B AE 73 6A A4 2C 7C
10 7B F1 DA F1 A2 B2 9A B1 BA F2 6A F2 72 F2 B2
11 BB F2 B2 D1 8A D2 72 D2 6A F2 A2 31 BB 8F 93
AF 73 8A 9C AF 93 30 9B F1 A2 11 83 F2 82 11 8B
32 73 31 93 D2 62 D1 8A D2 BA B1 AA B2 72 B2 5A
B2 52 11 9B AD 8B CD 93 89 9C 8F 63 10 7B F2 82
B1 8A D2 A2 6D AB 8A AD 12 94 92 84 D1 83 B2 6C
F1 83 F2 84 D2 64 F2 64 D0 6C 8F 8B EE 94 C9 9C
F0 84 30 94 D2 74 B1 83 92 8C 12 94 92 8C F1 9B
92 A4 52 8C 72 8C 12 9C 12 AD D2 A4 F2 94 CF 5C
CD 83 CD A4 8A 9C 91 84 0D 84 EC 7B B2 92 B2 C2
B1 AA B1 BA B2 AA B2 AA D2 7A B2 9A D1 9A D2 CA
12 EB D2 7A 8F 83 6F 83 4C 7C 8A 94 51 7B 30 CB
12 93 B1 92 D2 BA F2 6A F2 7A B2 6A F2 7A F2 CA
B1 7A B2 8A B2 5A D2 7A D2 A2 8F 63 8F AB 0C B4
2B 84 31 8B F1 AA F1 A2 D2 92 F1 9A F2 72 11 7B
12 BB F1 B2 F2 9A 12 7B F2 BA F2 BA 12 D3 12 7B
8F 73 AE 7B A9 8C ED CB 11 C3 F1 E2 D1 A2 B2 9A
B1 9A B2 4A B1 7A B2 D2 B1 72 B2 7A B1 92 B2 72
B2 B2 B2 52 50 73 0F 83 8F 94 8A A4 CE 94 10 84
F2 9C AF A3 2F DB 12 AB F2 9A D1 AA F2 CA B1 AA
12 9B B1 72 B2 A2 B2 B2 B2 62 30 93 8D 8B CD 9B
C9 A4 6F 9B 10 93 D2 52 B1 7A B2 BA B1 B2 B2 7A
B1 72 B2 5A B1 82 B2 B2 CD B3 70 8C 12 74 12 64
F2 9B 4F 8B AD 9C 6A A4 30 A4 D0 A3 D2 A3 31 9B
D2 BB 2F 8B 4F 6B B2 7A B2 8A B1 8A B2 72 B2 D2
B2 AA B2 72 B2 62 4F 8B 6E 83 0C A4 AA AC 10 D3
F0 CA B2 CA B1 AA B2 CA B1 8A B2 62 F0 BA D1 BA
B2 B2 B1 BA B1 BA B2 8A B2 62 B2 F2 10 C3 6E 6B
4B 84 4B BC F0 DA F1 92 B2 7A B2 6A B2 72 92 B2
72 BA 92 72 91 8A 52 DA 92 A2 F2 D2 F2 8A B2 BA
52 C2 4E 6B B1 A2 AC 8B 0B BE 11 C5 CB A3 2F 9B
90 8A D4 AB FF FF FF FF FF FF FF FF B6 BC B0 8A
B1 92 0B AC C9 D5 2D C6 89 9C AC B4 8A 94 F1 B2
71 7A B2 5A 91 BA 51 AA F1 82 91 7B B1 BA B1 CA
D1 BA D1 9A B1 B3 B2 DA B2 B4 52 B4 4E CD 6D CD
70 CD 8E D5 12 C5 12 BD 32 C5 52 C5 12 BD 12 C5
52 CD 52 CD 32 CD 32 C5 F2 BC D2 B4 F2 B4 F2 B4
12 BD 8F CD 6F D5 6F CD 4F CD B2 BC 92 BC 71 BC
91 AB 72 B4 B2 72 B1 82 B1 A2 B1 6A B2 8A B1 9A
B2 52 B2 5A B2 BA 32 DB 0A A5 EB AC EE C4 4E C5
52 AC 72 AC 12 C5 B2 B4 B2 C4 12 C5 32 C5 32 BD
32 C5 32 BD D2 C4 F2 CC F2 B4 32 B5 52 C5 ED D5
51 CD AE D5 71 CD F2 BC D2 AC 52 CD 32 C5 F2 C4
12 BD 32 C5 32 7D F2 A4 92 B4 71 93 B2 74 92 6C
92 64 D0 8C 08 AD 0C 95 89 9C AF 6C B2 6B D2 94
CE B3 D1 BC 12 C5 D3 BC 52 CD F2 C4 92 BC 52 CD
52 CD 12 BD 32 D5 32 D5 71 DD ED DD 71 D5 CE DD
13 CD 13 C5 F2 D4 52 CD 12 CD 32 CD 12 CD 52 CD
D2 CC F2 CC D2 C4 92 C4 92 CC 12 F3 52 DB AE A4
A8 AC CD CB 8A 8C D1 6A 92 92 91 8A B1 C2 B1 E2
B1 9A B1 9A D1 A2 B1 72 F1 BB D2 C3 52 C4 52 B4
F2 C4 12 A4 2E C5 0D C5 2F C5 AE D5 D2 C4 B2 B4
32 CD 72 B4 B2 BC F2 C4 32 CD 92 B4 12 C5 F2 BC
92 B4 52 9C 92 AC B2 B4 B2 B4 4E BD 6E D5 EE C4
2E B5 92 B4 32 9C 12 BD 72 B4 F2 BC F2 C4 52 CD
52 C5 12 BD 32 C5 12 C5 F2 BC 32 BD 32 BD 92 AC
4D CD 4D B5 6B B5 0E CD D2 AB D2 CB F1 A3 B1 9A
D0 9A B2 5A B1 82 B2 EA B1 AA B2 7A B1 9A B2 B2
B2 A2 D2 52 B2 AA EB B3 4D C4 ED C4 4F A4 B2 9B
12 E4 12 C4 12 C4 51 AC 12 CC 32 BC 12 AD 31 93
32 B4 B2 83 B2 B2 D2 D2 B2 8A F1 9A C8 B4 EC 7B
C9 8C 4F B3 92 A2 92 62 B1 8A 92 AA B1 9A 92 8A
B1 72 92 7A 91 A2 92 B2 71 C2 32 AA 52 82 32 5A
B0 BA 8A B4 CD CB 8A A4 D0 BA 72 B2 92 BA 91 9A
72 B2 B1 A2 92 92 B1 72 B1 8A B1 A2 B2 7A B1 D2
B2 A2 B2 62 B2 5A CD C3 C9 AC 0C A4 A9 A4 D1 A2
91 C2 B2 C2 B1 AA B1 A2 B1 BA B2 7A D0 A2 D0 9A
B1 B2 B1 BA B1 B2 B2 92 B2 72 B2 DA AD CB 8A 8C
4B 7C 4B B4 B1 D2 92 8A B1 7A B1 62 B1 82 D1 92
F1 9A B1 92 91 82 B1 A2 71 A2 B2 C2 B2 82 72 92
B2 BA 6B 84 CD BB CC 8B AB BD EC D5 C8 BC D1 92
B0 8A F4 AB FF FF FF FF FF FF FF FF 38 B4 D3 79
14 82 F3 79 72 AC 51 B6 AE 83 10 8E D1 82 15 C3
B5 8B 96 73 95 AB 15 C5 F5 89 15 4A F5 B9 F5 B1
F5 B1 F5 89 75 B2 F6 BB 36 E2 96 D3 32 AC F1 BC
55 B4 36 B4 F7 BB 56 B4 36 AC 36 B4 56 BC 56 B4
36 AC 36 A4 36 AC 56 BC 36 AC 36 B4 36 9C 16 AC
F6 C3 93 B4 93 AC 35 A4 35 AC 36 BC 96 BB D6 AB
F6 A2 B6 A3 76 7A F5 81 F5 A9 F5 59 F6 79 F4 99
F6 B1 F6 99 F6 E1 F6 E1 90 B4 F1 8B F2 8B D6 AB
16 AC 56 D4 36 BC 56 AC 56 AC 36 AC 56 B4 56 BC
36 B4 56 B4 36 AC 56 B4 16 CC 16 C4 36 AC D2 BC
74 A4 36 A4 56 B4 36 B4 36 BC 36 B4 F6 A3 36 AC
36 B4 75 9B 36 9B 35 AB 16 82 F4 71 F6 71 F6 59
F6 71 54 AA 0C 9C 50 8B F0 6A B2 A2 F5 61 F6 59
35 9B 16 92 D5 A2 36 8B 35 8B 36 A3 55 9B 56 AB
75 A3 56 D3 76 8B 76 83 D3 8B 70 AC D4 8B 13 9C
11 AD 15 9C B6 94 15 9C 96 9C 36 A4 B6 A4 35 9C
B6 9C 76 8C 96 94 35 9C F6 9C D6 AC 75 9C 2E 74
ED 93 D2 B2 F0 62 34 4A 33 92 14 8A D5 A9 D5 C1
D5 A9 D5 B1 D5 91 D5 61 F5 A1 B5 C2 B5 8A 16 CC
36 DB 36 BC 73 C4 F3 BC 36 AC 76 BC 76 BC 96 BC
76 BC 96 BC 96 BC 76 BC 76 B4 76 BC 76 BC 76 BC
96 BC 96 BC 56 B4 16 AC 76 BC D4 BC D3 C4 56 B4
96 BC 96 BC 76 B4 56 B4 96 C4 96 BC 76 B4 76 B4
76 BC 36 B4 56 BC 76 B4 36 B4 56 C4 56 BC 36 B4
F3 C4 73 A4 12 7C 34 BC 35 AB D5 D2 D5 AB 35 A2
F4 89 D6 41 D5 61 D6 D1 D5 A9 D6 69 D5 91 D6 49
D6 F1 D6 C9 D6 B1 D1 A2 10 9B 33 83 F3 8A 35 72
36 A3 B5 92 76 D2 35 9B 96 9A D5 9A 56 AB B5 9A
36 BB 35 AB 36 82 16 A2 35 D2 0E C4 ED 8B D0 5B
4F 5B 53 6B 55 9A D6 42 55 62 B6 AA 54 62 D6 3A
35 5A D5 72 75 7A F6 72 74 A2 36 53 36 63 36 4B
35 93 8E 93 AE 8B B1 72 74 B2 15 AA 16 8A F5 81
16 BA F4 99 15 B2 F5 81 15 7A F5 91 15 92 15 CA
16 EA 16 C2 16 92 11 8B CD 93 50 9B 30 73 55 A2
F5 B9 16 B2 F5 B1 15 D2 F5 A1 15 62 F4 99 F5 89
15 CA 15 C2 F5 A1 16 B2 16 72 16 DA D2 BA AE 73
11 63 D1 92 35 CA 15 CA F5 A9 15 6A F5 A9 D5 BA
F5 B3 35 CA 95 9B 95 CC 35 BC F5 D1 F6 B1 D6 73
76 D5 CF 93 B1 94 31 5B D1 8C 32 B5 32 82 14 82
F3 79 56 9B FF FF FF E7 DF F7 FF FF BF 92 1F 48
1F 58 1E 48 7F 8A BC 95 39 39 19 6E 39 51 FF A9
9F 51 5F 19 FF 98 BF BA 1F 70 1F 18 1F A0 1F B0
1F A0 1F 98 1F 58 1F D0 1F E8 1F F8 5B 59 D9 61
9A 79 F8 51 5B 49 1F 98 1F 48 1F 40 1F C0 1F 68
1F 18 1F 50 1F 48 1F 98 1F 40 1F 80 1F 30 1F A0
1F B8 1C 21 7B 39 9A 19 3C 69 1F 98 1F B8 1F 88
1F 68 1F 48 1F 90 1F 38 1F 80 1F 10 1F 40 1F 78
1F C0 1F 88 1F 78 1F E0 B9 51 D9 19 98 41 DD 58
1F 40 1F A8 1F 80 1F 18 1F 48 1F 28 1F 88 1F 40
1F 58 1F 78 1F 10 1F 88 1F D0 1F 88 5F 40 3B 39
3C 31 9A 41 DE 68 1F 60 1F 90 1F 38 1F 18 1F 28
1F 90 1F 68 1F 58 1F 78 1F 40 1F 40 1F 48 1F 00
1F C0 3F D8 B7 41 79 69 58 39 BD 88 1F 20 1F 20
1F 58 1F 98 1F 80 7E 58 1F 30 1F 60 1F 38 1F A0
1F 28 3F A0 3F 10 1F 00 1D 01 FA 40 5C 01 B7 49
BA 91 1F 58 DF 30 1F 38 9F 38 3F 98 BF 88 3F 78
BF 98 7F 30 7F 20 3F 68 FF A8 FF D0 FF C0 99 49
B8 41 5B 91 78 21 9F 28 1F 90 1F 70 1F A0 1F 48
1F 88 1F B0 1F 70 1F 20 1F 88 1F B8 1F 38 DF B0
5F E8 FF 58 DC 49 9C 39 3B 22 3A 62 DF 70 BF 68
DF 90 BF 80 BF 60 DF 18 BF 30 DF 20 BF 38 FF A8
9F 38 BF 18 FF 08 1F 39 1F 29 DC 19 FB 81 9C 81
DB 29 DF 28 DF 20 9F 50 DF 88 9F 40 DF 40 9F 38
DF 20 9F 58 DF B8 7F 48 DF 48 1F 71 FF 90 3F 41
DB 71 BB 19 18 1A FC 99 5F 98 BF C0 BF 70 3F 98
1F 50 3F 00 1F 20 3F D0 1F 70 3F 20 1F 60 1F 00
1F E8 1F B0 1F 88 1F 50 9A 81 BB 50 D8 29 FD 30
DF 31 1F 38 3F A9 1F 50 1F 39 3F 50 3F 79 1F 68
3F 91 7F 78 7F 01 7F 19 9F A9 BA 63 58 39 3A 0B
17 2A 1E 23 1F 69 7F 5B 7F 39 1F 6B 3F 41 7F 3B
7F 51 3F 4B DF 39 3F 42 BF 70 FF 22 BF 4A DF 62
BF 6A 1D 58 19 62 39 41 9F 81 9F 90 3F 61 5F 40
5F A9 1F 70 DF 80 BF 38 1F 41 9F 50 1F 49 BF A0
BF B1 7F 39 9F 31 FC 29 59 49 99 5A F8 41 5F 81
7F 90 3F 79 BF 80 DF A0 9F 68 1F 19 1F 50 5F 50
FF A0 9F 98 9F 30 BF 91 7F 09 BF 91 3E 79 B9 49
39 5A 7A 51 3F 91 FF 70 DF 80 FF 18 BF 48 5F 92
DF 72 5F 82 BF 71 5F B3 5F A2 9F A1 5F 9A 3F 3B
DF B4 FA 51 DE 6A 1A 3B 19 6C FF 9B 1F 48 1F 58
1F 48 5F 79 FF FF FF E7 9E EF FF F7 DA A3 D8 60
F9 68 D9 60 19 9B B5 AD F4 59 14 94 14 52 DB 98
BA 40 BB 48 7A B8 7B A0 1A A1 1B 6A 9A A8 9B 98
9B A0 19 B1 19 71 7C F0 BB F8 9C F8 F5 71 93 72
34 92 72 42 F5 39 9B B0 9B 90 9B 38 9B 90 9B 88
9B 20 9B 80 9B 68 9B 70 19 41 DA 98 7C 88 7C 48
7C 40 B6 41 14 4A 14 2A B6 71 9A A0 9B D0 9B A8
BB 70 BA 50 BB A8 DA 48 DB 80 BB 50 BC 98 38 79
FA C8 BC 70 DC 70 FB D8 54 6A F1 42 B1 5A F7 39
7B 39 DB 89 5A 69 FB 51 5A 99 FB 41 9A 79 1B 72
1B 71 1B 3A F8 31 3B 4A 3C 42 3C 32 7A 4A F4 49
B6 5A 54 52 78 3A 58 61 F2 81 BB 40 BB 28 BA 40
BB B8 BA 70 BB 68 9B 80 DB 70 38 71 BC 60 BC 20
BC E0 FB F0 B2 5A 54 A2 54 62 97 99 BB 38 9B 90
BA 68 D9 A8 72 A2 55 7C 3B 72 1B 7B BB 49 9A 6B
98 4A F5 54 3A 2D FC 24 B7 24 F4 61 76 2C D4 52
FB 63 3B 62 3B 3C 1A 52 BB 43 BA 6A DB 33 7A 6A
DB 63 3B 53 DA 33 39 83 9C 7C 9C 6C 1C 74 57 5B
13 53 16 64 F4 59 58 23 9A 79 BA 69 1A 82 BB 62
3B 7A 7B 92 59 7A 77 52 1C 99 B9 A9 59 99 5C E1
9C E1 7C 61 75 4A 15 5A 94 52 93 52 5A 79 3B A1
3B B9 1A 39 3B 49 5B 21 3A 31 3B 29 1B 31 3C B1
99 51 9A 29 7C 11 9C 19 7C 11 75 2A 74 7A 16 82
54 32 5A 31 5B 29 1A 59 5B 99 1A 71 3B A1 FA 50
5B 19 DA 48 5B A9 98 91 9B 79 9C B1 9C B9 DB 51
53 72 95 32 B3 32 75 9A 3B A9 7B C9 1A 79 5B A1
F9 68 BB 19 3B 51 FA B1 F8 51 5C 13 58 52 38 2C
3B 8C 1C 64 1C 3C 78 51 F5 63 15 5A B6 52 FA 59
B7 5A 7A 59 9B 9A 7B 71 F7 72 97 69 3C 41 DA 70
5B A9 79 A2 FC 61 DC 62 1C CB 7C B3 9A A3 DA 93
FA A3 BB AB FB BA 5C D3 7B A3 FC BA D7 B3 57 BC
FA BB 71 D3 5B 8B FB 41 98 99 BC 61 BC B1 BC 79
FA 91 18 79 16 8A 14 5A 39 D1 BB C0 BB 88 BA 68
BB E0 DA 98 BB B0 BA 68 BB 78 9B 78 1A 81 19 B9
BC F0 BB 50 BC 68 D7 51 54 72 74 72 73 62 1A B1
BA B8 BB B0 BB B0 BB D0 9B 98 9C 80 D9 70 BA 70
9B C0 19 C9 19 59 BC D8 DC 50 BC D8 78 A9 54 7A
54 8A 15 6A FA A8 BB 98 BB 98 BB 10 BB 40 3B B9
1B 49 FB 78 7B 98 FB E0 19 B9 1A 92 FC C1 1C 51
1C B9 55 72 78 81 D5 49 D4 94 59 B4 B9 60 F9 70
D9 60 B8 92 FE FF BE F7 FF FF FF FF 0F DE 6D 9B
92 8A 71 82 12 B4 EF BD 0E 83 4E AB ED 8B F0 BB
D3 8A 33 A3 D2 AA F3 92 B2 AA B3 72 53 A3 91 B3
12 AB 0E CC 6D 9C 34 DB 33 DB 33 DB 6F 8B ED 8B
CE 9B 6E 73 B2 72 D3 82 F3 9A F3 5A F3 7A F3 92
F3 62 F3 7A 11 93 12 6B AD 8C 2F AC 54 83 73 4B
73 4B 6F 73 8E 7B CE 6B AF 8B F3 AA 4F 9B 2F A3
73 92 72 72 73 C2 72 72 73 CA F1 BA 92 E2 2C B4
30 EB 73 CA 73 9A 93 EA AD 8B 10 9B 8E 93 F0 8A
73 9A 73 DA 72 BA 73 9A 72 A2 73 6A 72 92 73 AA
F1 A2 D1 B2 6B C4 D2 52 53 4A 73 62 B2 82 4E 8B
4F 6B 6E 7B 11 53 72 82 93 72 72 7A 73 52 72 72
73 DA 72 92 93 AA F1 A2 D2 D2 89 CC F2 8B D3 6B
D3 BB CE B4 ED 7B 8E 8C 8E 83 51 8C 73 63 33 84
12 8B 53 A4 51 9B 34 7C 93 8B 32 AC 71 93 91 9C
AC 94 54 5C 53 74 73 8C 70 64 4E 83 70 6C EC 83
AE 85 F2 7B 93 65 B2 7B 33 6D 53 7C 73 5D 12 74
92 75 F1 7C CF 7D 8C AD 33 76 33 6E B3 6D AF 7C
2D 7C 2F 7D 2F 83 92 5D F3 83 72 83 52 7C 53 7D
B0 83 F0 8A F2 7C 0F 8C 72 84 8D 9D CE AC B3 85
10 95 33 7D 4F 7C CF 7B 8E 7C 4E 74 32 6C 13 9C
33 94 F2 83 13 7C 53 5C F2 6B 53 64 B1 74 D2 94
0C 9D 0F 75 14 55 F3 54 33 4D 4F 64 4E 74 EF 73
0F 74 32 64 73 64 92 7B 53 8C B2 8B 33 94 72 7B
B3 5C F0 83 73 6C EB B4 F1 94 D3 8C D3 94 F3 5C
CE 7B 4E 6C 0D 6C 8F 94 B3 9B 73 A4 B2 8B F3 93
D2 8A B3 54 73 7B 0E B5 8F 93 72 A3 4B BC 4F 7B
10 BB B3 E2 B3 A2 B1 7A 8F B3 2F 8B 2F 93 72 92
B3 A2 92 82 F3 D2 92 92 D3 92 B2 8A 12 6B 11 A3
51 A3 4B B4 F3 CB 33 AB D3 B3 73 BC 92 AC 92 B4
92 B4 73 AC 13 B4 D3 9B 33 AC D3 BB 51 CC 51 B4
32 A4 6E AC 91 AC B0 8B 2C 9C F3 52 F3 C2 F3 82
12 93 B1 9A 30 93 6E 83 D1 D2 73 CA 73 B2 72 8A
73 DA 72 AA 73 D2 72 9A D1 A2 D1 BA AE DB 0C DC
73 C2 73 62 73 AA 30 8B 6E 8B AE 93 AD 83 73 A2
52 C2 53 BA 72 BA 53 DA 8D 7B 8E 9B 73 82 D1 72
B2 C2 AE DB 6F BB 34 EA 53 A2 53 EA D1 B2 8E 93
8E A3 4F 8B 92 BA 73 AA 73 B2 73 8A 73 9A 53 BA
72 72 53 D2 F1 C2 72 BA 0C BC 0F 53 34 9A 73 9A
53 C2 4F 93 F1 A2 0F 7B 4E A5 F2 BC 71 82 92 8A
2F 9B 89 CD FB FF FF FF FF FF FF F7 74 BD 2A B4
72 8A 52 82 12 AC EE B5 0E 7B 8F A3 EE 93 30 BC
13 93 53 AC 33 A3 73 AB 73 A4 B4 73 53 93 4C DE
0B C5 91 9B 13 9B 90 94 B2 9C 94 AC 8F 83 2D 84
2E 8C AE 73 72 6B B3 8B F2 9B F3 6B D3 7B D3 6B
D4 5B F4 73 2C B5 6C 9D D0 83 74 73 B4 8B B4 6B
B4 53 70 6B AF 83 CF 7B B0 83 13 A3 2F 83 10 93
54 A2 52 92 53 CA 33 8A 34 DA AA D4 30 EB 33 A2
53 D2 54 EA 54 A2 54 F2 8E 8B 4F 93 8E 8B 11 93
73 9A 94 D2 73 B2 73 92 73 82 73 7A 54 82 93 6A
CA BC D2 BA 53 A2 74 6A 74 52 74 52 B3 7A 2F 93
30 5B 6E 73 F1 5A 53 72 54 A2 52 A2 92 8A 72 7A
54 D2 34 8A F1 B2 C9 DC 73 BA 52 92 53 9A 54 A2
73 E2 2D CC CD 73 4F 94 6E 83 8E 94 72 83 F4 A3
12 9B 92 8C 72 8B D4 74 94 7B 0F A5 0B C5 D0 94
B1 7B 34 55 F4 6C 14 75 D1 64 2F 7B B0 64 CD 7B
70 85 B3 7B 54 55 92 7B 51 6D 32 8C 13 75 94 7B
8E B5 6B AD 74 74 F3 8B D4 85 94 7D 34 6D 50 74
0D 7C CF 7C 2F 83 12 75 12 84 B1 83 F3 7B F3 8C
92 83 D2 8A 34 74 2C A5 8D A5 54 84 93 7B D3 85
2F 84 14 5C CF 73 8F 7B 0F 74 EE 6B 73 5B 53 9B
73 A3 33 A3 53 AB 93 53 34 63 54 5B 2B 9D CE BC
14 6B 93 5B F4 53 D4 53 F4 63 EF 83 CF 63 90 73
AF 6B 73 63 93 63 13 7B 73 93 33 8B 73 A3 D3 7A
B3 63 29 B5 2E 7D 73 73 74 74 D4 64 B4 84 F3 4C
AE 73 4F 6C 0D 6C 8F 94 93 9B 94 9C B3 83 13 94
D2 8A F3 54 74 73 8C AC 48 BD 10 CC B3 92 93 72
F3 CA 14 DB F4 72 91 7A AF AB 2F 83 30 93 93 9A
D3 8A 93 82 D4 D2 92 8A D3 82 74 8A B0 93 09 BD
33 83 B3 7A 54 83 14 A3 34 AB B2 9B 8E 7B 0F 74
CE 7B B1 63 F3 7A 54 63 F3 72 54 8B D3 BA 34 A3
B4 6A 31 74 69 C5 13 AB 93 82 34 5B 14 CB 14 9B
33 9B 91 9A 6F 93 4E 7B B2 D2 53 C2 73 DA 53 92
73 D2 72 AA 53 B2 34 A2 0D C4 6B D4 54 D2 53 D2
74 CA 74 72 74 BA 30 AB 6E 83 8F 9B AD 7B 70 A3
B3 B2 13 B3 D3 B2 F3 C2 50 83 51 9B 54 72 2C 8C
8C DC B4 B2 D3 9A 34 D3 14 93 34 C3 31 A3 6E 93
8E 9B 4F 8B 73 BA 53 A2 53 B2 53 9A 73 9A 73 BA
34 8A B4 CB 6A DD 4E C4 54 9B 93 8B 74 D2 74 82
54 DA 2F 9B B1 A2 CF 7A 4E 9D F2 B4 52 82 73 8A
EB AB 4F C5 DF E7 FF FF FF FF FF EF 77 A4 2A B4
4F 9B 13 82 12 A4 CD AD 0F 7B AF 9B 4F 8B 13 B2
B3 A2 94 BC B3 BA F4 CA 15 A4 ED AC EB A3 D1 A4
11 CB 10 BB 74 AA 6E 93 F0 A3 F4 BB 6F 83 ED 73
ED 7B AF 73 B3 6B 13 7C 70 8C 53 83 54 7B 34 5B
6C 8D 2E A5 14 9B 6E A4 EC 9B 54 8A 74 9A 74 52
74 4A 10 63 4F 93 6F 8B 30 93 53 BA 54 92 53 AA
93 A2 34 B2 94 C2 AA CC 71 D3 73 9A B3 D2 73 9A
94 82 B4 D2 94 D2 B4 E2 8E 8B 6E 7B 4E 7B 71 93
13 9B B2 9B 32 93 D4 64 54 5B B3 7C 8A B5 51 65
73 73 D4 54 B3 8B D4 8C F4 54 F4 5C 13 65 4F 83
10 63 4F 73 F1 5A 33 72 54 92 52 9A 8D CB B3 7A
D1 BB AA C4 B2 A3 92 A3 94 74 13 73 B4 7C B4 8C
90 AB 32 A4 CE 73 8F 8C 4F 7B 6C 8D 12 84 D4 94
92 8B 71 74 34 73 92 85 29 BD EE 8B D2 83 B0 7D
31 7C B4 55 94 65 B5 55 51 5D 2F 7B 30 5D CE 7B
33 7D B3 73 74 4D B2 83 8F 74 92 8B 8B AD EC BC
94 9C 53 7C 54 7C D3 8B 34 8D 14 8D D4 6C 30 74
EE 7B B0 84 10 83 D3 74 AF 83 4E 8B D3 83 74 8C
14 7B 0D AC CC AC 13 7B F3 93 14 9C 53 7B F4 9C
14 84 55 4D 4F 7C AF 7B AF 6C 4E 6C 73 5C 53 74
73 7C 13 84 14 8C 34 54 2B 9D 2E 85 14 64 D3 94
F3 6B B4 5C 74 4D 54 4D 74 6D 6F 8C 4F 64 10 6C
0F 6C 53 64 B4 5C B3 7B 93 7C 94 73 34 84 0B AD
50 85 53 7B 90 7E B3 6C 74 4E 14 57 F4 5E 33 4F
EE 73 0F 65 6E 6C 90 65 B4 74 72 6D 52 7C 94 84
93 7A AF 6C A9 B5 30 94 33 7B F0 74 71 7B 92 73
73 84 12 6E 54 66 F2 82 4F 75 4F 7B 30 7C 93 83
13 6D B3 7B F4 65 54 6B B3 6D 69 BD 50 95 12 83
B4 53 13 63 F4 53 F4 7B D4 93 12 6C 6E 7B 2F 74
AD 7B F1 5B B3 7A F2 A3 12 7B D2 8B 94 8A B0 AC
2A AD D3 53 53 83 94 AB F3 82 F4 6B D4 8B F4 83
D3 83 B1 8A EC 83 2F 83 92 D2 34 CA 34 D2 53 92
14 DA D4 A1 2F D3 4B E4 33 9A 53 BA 34 E2 33 D2
14 DA 14 72 F4 91 F1 CA 4E 7B 6E 8B 4E 83 10 AB
73 BA B4 DA 93 BA 74 C2 F5 91 EE DB 0D A4 53 8A
93 C2 73 BA 73 AA B4 E2 B4 BA B4 B2 F2 AA 4F 93
6F 9B 2F 8B 53 BA 54 A2 53 B2 53 92 14 72 14 AA
0C CC 0E D6 53 B4 F3 CB B3 A4 14 B5 74 EA 34 72
54 E2 6F 93 51 93 8F 73 0E 8D 12 A5 12 82 F1 92
6A B4 F4 AB FF DF FF F7 FF EF FF FF 38 AC 8C A3
EA BC F3 79 F3 AB F0 BD EF 72 6F 9B CF 83 74 AC
94 A2 B5 A2 F5 A9 4F E3 EE CB D2 9A 6F 9C EF 6A
35 B3 D5 AA 54 93 73 A3 8D 8B 55 8D B0 7B 4E 7B
6E 7B CF 73 D3 73 74 64 95 54 B5 64 CD A5 AF 85
D0 75 71 6E 74 74 15 6D 95 5C 94 55 33 5E 34 4D
75 4D D0 6B CF 7B 2F 6C 51 74 D4 83 D3 8B 14 83
15 8C 0D AD 90 9D 8F 9C 33 8D D4 83 14 85 53 7B
F4 74 95 8D 94 8D 95 8D 0F 74 51 83 10 7B F1 83
F4 8B AE 7B 31 73 74 6E 0B A6 B1 76 4F 8D B3 5E
14 6C 94 56 B4 64 B5 4E F5 56 F5 4E 13 4F 4F 7B
91 5C CF 73 D2 54 34 7B D4 54 13 6B 94 64 0C A5
71 95 4F 9C B4 64 33 7C F4 65 93 73 75 6E 75 6E
93 6C D2 6D CE 73 6F 6D 4F 73 EF 75 32 7C F5 84
35 73 AF 8C 4B A5 F1 6E 2E 95 34 74 33 74 74 56
94 6C 15 4F F5 4E 13 5F 4F 6D F0 7A 90 5C AE 73
6F 6D 94 83 34 75 54 6B 12 75 CD 95 51 65 8F 94
F5 5C 94 54 B4 5C 14 8C B5 85 B1 5E 94 5D 51 64
0E 74 F0 7C F0 82 33 6D 34 83 93 82 B5 73 4F 96
2D 9D 90 93 90 76 F4 73 B4 5D 14 56 34 6C F5 3F
F4 5D 93 4F AE 64 B0 7B AF 6C 4F 64 94 5C 74 6C
95 7C F5 5B 2E 8E 4E 86 D0 7C 31 6D 94 5C 70 6D
D4 63 74 5C 55 6D 35 4D 56 4D 50 7C 2F 6C F0 7B
F0 63 34 5C 94 54 54 6B 55 5C AC A5 31 75 30 94
12 5D 34 6B 55 4C 94 63 B4 54 F4 7C D5 54 F4 44
8F 73 2F 64 CE 63 CE 84 32 94 10 93 71 8A 15 B3
AB B4 6F 93 6F A3 73 B3 74 7A 35 93 91 82 D0 82
52 B2 10 A3 35 93 92 72 D0 A3 30 7B 31 93 94 A2
F4 BA 55 9A 73 6B 8B A4 72 6B 6F 8B 92 63 72 7A
F5 51 14 62 D5 71 F5 C1 D5 79 93 52 6E 73 50 5B
8E 73 CC 84 11 93 CE 95 B4 7B CE 8D EB AC 10 76
EF 8C 95 55 34 6C 34 65 93 73 F5 45 D5 4D D5 5D
74 5D 91 8A 8E 7B 2F 7B 12 A4 54 A3 B4 8B 95 7A
50 C4 6C BC 32 AC 8F AC B4 7B 34 93 D4 AB 74 A3
35 9C 55 64 95 64 51 94 6F 7B EC 6C 10 8B 74 CA
54 B2 55 DA F5 A9 70 DB 2C B4 31 C3 30 B3 34 AA
54 B2 54 C2 54 9A 75 D2 75 BA 75 A2 D2 B2 6F 8B
6F 9B 30 83 94 B2 34 A2 F5 B9 D6 91 ED 93 8F D3
11 CB F1 DB F4 C2 14 9A 14 9B 94 62 95 C3 B5 93
D5 DB 70 93 92 93 D0 73 0F A5 F3 BC F4 79 CD AB
E8 BC 76 9B FF F7 FF F7 FF FF FF FF 58 B4 32 82
CA BC 91 8A B4 A3 F0 B5 CF 72 6F 93 4F 8B 54 CA
B5 91 D1 BA 50 CB F2 D2 6B BC 32 A3 95 7A 94 82
52 B3 90 AB 90 73 EF 73 74 74 D5 5E 12 7C 92 83
D4 83 92 5C 2F 64 75 54 51 6D 71 6D B1 75 B1 6D
D7 44 50 54 EE 72 96 45 B5 5C 75 4D 76 3E 36 3E
56 3E 35 5C 55 5C F5 4C F5 5C 35 74 71 6B CC 93
F3 94 70 94 72 8D 15 7B D3 9B 35 8B 15 A4 B4 92
F6 8B 93 94 0D 64 F2 DA 8E 8B 72 8A B1 82 50 73
74 82 14 8B AD 9B 2B 84 6C 9C D2 65 D6 53 76 45
54 63 76 45 D5 5B 96 45 D6 3D B6 3D D6 3D 15 6B
14 4D B3 63 B6 45 14 6B B6 45 54 6B 55 4D 6F 9C
B5 85 D5 72 F5 6D 51 84 B2 7C B5 82 96 A4 96 9C
13 8C 11 6E 6F 6B 70 84 0F 7B 72 84 16 83 14 B4
CF B3 72 A3 8E AB 50 C4 94 9A 95 A2 50 8B 0E 7E
32 74 D6 3D B6 3D 8F 76 B2 5D D5 6A 15 45 B5 5B
F6 44 14 6B D5 5C F5 62 F0 6B 0F 85 16 45 55 63
15 4D 75 54 D5 54 D5 83 D6 75 D5 74 56 5D 52 5C
EE 73 2F 6D B1 7A 74 5D 35 73 52 93 0D 9D 4F 7E
90 8C F5 7A 91 7A 32 82 D1 82 71 83 14 83 8F 95
CF 94 AD 8D CE 62 B0 9B F4 8B 95 63 75 6B 35 6B
F1 83 B1 7B 31 84 B1 84 F6 62 76 63 54 6B 91 5B
F4 6A B5 6B 36 64 35 5C F2 4B 74 63 95 6B 35 6B
54 63 33 5B 96 63 B0 83 F1 73 30 94 CF 6B 54 62
D6 63 94 72 B5 63 15 63 53 74 49 C5 B4 6A B6 5A
55 72 95 62 95 6A 13 F2 11 C2 F0 B2 AB C3 0F D3
6F A3 92 7A 95 89 F5 C1 F4 91 15 B2 F4 81 14 7A
15 C2 16 BA B3 8A 71 7A D0 7A 31 82 51 6C 55 73
55 65 AF 94 B1 66 6F 85 15 4E 75 63 56 46 74 6B
76 46 75 64 54 4F 15 47 34 57 74 56 75 63 31 6E
12 7C D6 3C 35 73 F5 44 4D 9C 0F 7C 8D 9C 51 85
55 73 33 5E 55 5C 75 4D 94 6B 56 3E 36 3E 56 3E
50 6E 73 82 91 73 71 7A 52 65 53 6B 90 74 2D 9C
4D 7C EF A3 35 84 B6 83 B5 6C B5 83 B5 84 15 84
30 7E 91 9C F6 9B 12 94 0F 73 4F 6C 10 83 54 A3
95 9A 32 BC 10 B4 B2 BB 6F AB B6 A2 35 92 94 9A
15 9B F5 A2 D5 92 B6 C3 B6 93 B6 8B 33 9B 70 7B
EF 8B 70 83 30 9C F5 C1 11 E3 30 93 50 7B 10 D3
D5 B9 D5 D1 F4 C1 14 A2 F4 99 D5 A9 F5 D1 35 7A
F5 F1 F0 A2 72 8A 90 62 4F A5 D3 BC 32 82 AA BC
2E 9B 56 9B FF FF FF FF FF FF FF FF 39 AC 75 71
2D B4 EF 92 76 A3 53 B6 91 6A 31 93 31 83 D5 C2
55 93 30 D5 4D DC 37 C1 B5 9C 55 BB B6 7A 55 8B
96 BA 76 AA 36 A2 56 AA 56 AA B7 DA 11 83 F2 72
4A CB 65 DC E8 DC C8 DC 25 ED 25 F5 88 D4 A8 DC
E7 DC 87 DC 07 E4 08 DD C7 DC E8 DC 28 DD 28 D5
48 D5 A7 DC A8 DC C7 DC E8 D4 67 CC 06 D4 24 E4
26 E4 48 D3 C8 DB 87 DB 87 EB 48 DB 88 EB 47 DB
88 E3 88 EB 67 DB A7 F3 A5 D3 66 D3 65 CB 67 D3
86 E3 A6 DB 84 DC A4 E4 28 DC A8 DC 67 DC A8 DC
47 DC C8 DC 67 DC C8 DC C8 D4 C8 D4 E8 D4 47 E4
67 DC 26 E4 A8 DC 27 E4 A8 DC 88 DC 87 DC 88 CB
48 B5 C6 CB 25 DC 87 DB E7 D3 47 D3 E8 E3 E8 DB
A8 D3 27 D4 A5 CB 06 D4 86 CB 06 D4 E6 DB 07 E4
24 F4 67 DB 08 D3 27 CC A7 D3 87 DB 27 E4 08 D5
C8 DC 28 D5 08 DD 08 D5 08 D5 47 E4 08 DD 87 DC
08 DD 67 DC 08 D5 67 E4 87 DC 68 DC 07 DD A7 DC
E7 D4 E8 DC 66 DC 88 B4 A5 B5 06 DC 28 D4 E6 D3
C5 CB 06 CC 46 CB 86 D4 E6 D3 A5 DB 44 E4 E8 D3
68 D3 87 D3 27 D3 07 D3 28 DB 48 E3 67 D3 06 EC
C5 DB A6 DC 66 E4 A7 E4 A7 EC A7 E4 A7 E4 88 E4
05 F5 05 F5 68 E4 88 E4 A7 E4 A7 E4 A7 E4 66 DC
67 E4 C8 E4 07 E5 E8 E4 A6 DC 87 E4 A7 E4 87 E4
87 E4 66 E4 A8 E4 05 F5 05 F5 29 DC 46 DC 46 E4
E8 EC 47 E4 C7 E4 C8 E4 E7 E4 07 ED 08 E5 07 E5
67 E4 C7 E4 06 DC A8 BC 47 D4 67 EB E4 EB C5 EB
E8 CA 28 C3 27 DB 67 E3 27 D3 68 DB 27 CB 27 CB
47 E3 88 DB A8 CB 27 CB 47 D3 27 D3 C6 D3 C6 DB
07 DC 43 EC E6 E4 C9 D4 C8 D4 C7 D3 E8 DC A7 D3
A8 D4 E7 D3 07 DD E7 DC E7 DC E7 DC C7 D3 A7 DC
07 D4 87 DC E6 DB A6 E4 64 F4 87 DC 88 D3 C7 DC
C7 D3 A7 DC 08 D4 68 D4 A7 D3 C8 DC A8 DC C7 DC
05 C5 47 D3 86 D3 27 CB A7 E3 A6 E3 A7 EB 24 EC
67 DB 08 D3 A7 E3 87 DB A8 CB 67 DB A8 E3 88 D3
07 E4 26 E3 C8 EA 46 EB 85 CB 85 D3 66 D3 27 F3
47 EB 66 F3 C4 FB C8 F2 E8 D2 07 EB 27 DB 27 E3
E8 EA E8 EA E7 EA E8 FA E8 EA E8 EA 46 EB 84 EB
F0 9A B2 82 14 C2 F6 D9 8F E3 8D D4 77 A9 D7 B1
56 AA 96 D1 B6 B9 16 9A B6 99 16 A4 77 C3 77 61
77 F2 32 9B 54 82 F2 62 F0 9C 95 B4 32 82 09 C5
F3 81 17 9B FF FF FF FF FF FF FF EF 77 A4 13 82
10 9B 2B AC 13 A4 51 AE 0F 7B EF A3 2F 8B 10 D3
0B C6 54 C5 94 B2 33 C3 14 AD 34 C4 D3 79 53 A3
34 DA 14 CA 33 B2 13 C2 13 C2 F5 F9 2F 93 31 83
05 F3 A8 FD 33 EF F1 EE D2 E6 D2 E6 F1 EE F1 EE
F1 EE F2 EE 12 EF F1 EE F1 EE F1 EE D1 EE D1 EE
D1 EE F1 EE F1 EE F1 EE D1 E6 69 B5 68 B5 90 83
93 D2 B1 B2 B2 DA 91 B2 D2 CA B2 AA D2 DA B1 AA
D2 DA D3 E2 B2 BA F3 E2 8E 93 B0 8A 6E 83 4E 93
A9 C4 AC C3 CA A3 AB DE 12 EF F1 EE 11 EF F1 EE
11 EF F1 EE 11 EF F1 EE F1 EE F1 EE F1 EE 11 EF
12 EF 12 EF F1 EE 11 EF F1 EE 31 EF 90 E6 71 A3
13 BC 10 A3 0F E3 72 CA 72 B2 91 9A 72 F2 53 EA
52 B2 B1 E2 CC 83 8E B3 6D 8B 8E C3 A9 D4 D1 EA
33 B2 72 C2 B0 92 D0 BA 0F AB B0 B3 71 DE 11 EF
F1 EE D1 EE F1 EE F1 EE F1 EE 11 EF F1 EE 11 EF
F1 EE 11 EF F1 EE 11 EF 12 EF 11 EF F1 EE 11 EF
D1 EE 31 F7 50 D5 D0 9B EE DB 50 E2 14 D2 0F AB
AD 93 4E BB 0F 8B 8D EB 4A DC 52 A2 33 C2 33 EA
71 BA 71 B2 91 A2 91 92 B0 AA B0 D2 72 9A 53 FA
8F AA 2F CE 32 F7 F1 E6 F1 EE F1 EE F1 EE 11 EF
F2 E6 F2 E6 11 EF 11 EF 11 EF F1 EE 11 EF 12 EF
12 EF F2 EE B1 E6 D1 E6 12 EF 12 EF F1 EE 11 EF
12 EF 12 EF F1 EE F2 E6 F2 E6 11 EF 12 EF 12 EF
F1 EE 12 EF F1 EE F1 EE F1 EE F2 E6 F1 EE B1 E6
F1 E6 52 EF F0 C4 F2 8C 2A C5 0C CC D1 9A 52 D2
91 92 91 7A 91 A2 72 CA 71 A2 72 D2 91 8A 91 8A
72 D2 72 BA 73 92 B0 7A D0 A2 B0 92 4E A3 8A D4
ED CB 10 93 92 E6 31 F7 71 E6 11 B4 B2 E6 F1 AB
51 E6 91 BC 12 F7 D1 EE F2 EE 12 EF 71 BC 91 E6
D1 C4 90 E6 A9 D5 D1 EE 72 B4 31 DE 31 B4 91 E6
31 B4 B2 E6 11 C5 31 DE 31 B4 31 F7 F1 EE F1 EE
31 CC B1 9A 8D 8B D0 8A F0 CB 08 BD 2E A3 52 AA
71 BA 91 AA 72 DA 72 B2 72 A2 72 BA 72 E2 72 AA
53 F2 93 CA 93 CA 4F B3 8D 7B AD 7B 4E 93 AE DB
4B CC 53 C2 72 CA 92 D2 91 92 92 A2 91 9A 91 BA
92 BA 92 A2 92 C2 93 F2 92 B2 93 AA 4D CB 00 FC
6D A3 10 83 ED C3 0D E4 D5 C1 D4 C4 F4 BC D4 B4
B4 BB F4 CB 54 B3 74 BD F4 AA D4 C3 B4 D4 54 7B
F4 EC 70 9B 52 84 EF 73 2F 8D F3 9C CC AB AE A3
F3 79 95 A3 FF F7 FF E7 FF EF FF FF 19 AC 75 71
B6 79 2B B4 50 C5 D4 AD 32 62 0E B4 49 CD 16 B2
F6 A2 37 C4 F6 B1 17 C2 F6 A2 97 A2 F6 81 B6 9A
B7 D1 B6 B9 96 A9 B6 B9 B6 B9 98 F1 B2 82 B3 6A
06 E3 CC F5 8F EF 32 EF 37 E7 36 E7 37 E7 37 E7
37 E7 37 E7 37 E7 37 E7 37 E7 37 E7 37 E7 37 E7
36 E7 18 E7 4F EF 70 EF 75 EE 91 AA F3 92 15 92
97 B2 17 9A B8 BA 17 9A 97 B2 57 8A D8 C2 16 92
B8 BA F8 C2 57 A2 18 CB F2 7A 77 61 CA A4 6B A4
D5 79 B5 A9 51 8B D2 BE 38 EF 4E EF 51 EF 38 E7
36 E7 37 E7 37 E7 37 E7 37 E7 37 E7 37 E7 37 E7
37 E7 37 E7 37 E7 37 E7 17 E7 6D F7 11 DF 36 9A
17 F1 D5 99 D5 CA 17 AA 78 AA F5 69 15 DA 98 E9
97 A1 F6 D9 F1 62 11 AB 68 BD B3 B2 98 99 97 E9
96 A9 97 B1 95 79 97 C1 B6 A9 35 BA D5 DD 77 EF
4C EF 33 E7 37 E7 36 E7 37 E7 37 E7 37 E7 37 E7
37 E7 37 E7 37 E7 37 E7 37 E7 37 E7 36 E7 18 E7
4E EF 91 F7 58 C5 10 A3 CF F2 D7 D1 55 BA 94 8A
D2 6A CF BB E9 AC 75 C2 D6 A1 B6 91 F5 A1 35 AA
B7 A1 B6 99 B6 89 96 81 13 82 91 92 35 82 B5 C2
D4 89 33 C6 58 EF 4D EF 32 EF 38 E7 36 E7 37 E7
37 E7 37 E7 37 E7 37 E7 37 E7 37 E7 37 E7 37 E7
37 E7 37 E7 F6 DE 4C EF 32 EF 38 E7 36 E7 37 E7
37 E7 37 E7 37 E7 37 E7 37 E7 37 E7 37 E7 37 E7
37 E7 37 E7 37 E7 4D EF 33 EF 37 E7 36 E7 16 E7
17 E7 37 EF AB DE 31 F3 78 B9 B6 B9 D5 A1 97 D1
96 79 96 59 96 89 97 C1 96 79 97 B1 96 71 96 69
97 C1 78 C1 98 81 76 59 14 92 09 BD 30 A3 78 A1
F4 B2 D3 8A B7 DE 8C F7 B4 DE 97 A3 B6 DE 36 9B
76 DE 56 AC 77 EF 17 E7 17 E7 57 EF B7 A3 95 DE
49 DE D3 DE B6 A3 0B EF 13 AC 37 D6 96 9B D7 DE
D6 AB B7 DE B6 B4 16 D6 96 A3 77 EF 37 E7 17 EF
F8 E9 38 89 6F 9B 09 BD 37 CA F5 91 14 9A 96 A1
97 A9 96 91 97 C9 97 B9 97 B9 97 B1 98 D9 97 C1
98 F1 98 F1 78 D9 74 A2 72 52 CE 7B 29 CD B7 D1
97 B1 98 D9 97 C1 97 D1 96 81 77 99 B5 91 14 8A
78 B9 97 91 97 A9 98 F9 98 B9 78 C1 91 CA C1 F3
AA D4 CA B4 B7 A1 B7 D9 97 C9 37 C3 F7 BB 77 B3
17 C2 77 93 D6 AA 17 B4 D7 A2 D7 BA B8 AB F7 72
F8 EB B2 92 36 8C CC B5 6C C6 55 B5 69 B4 14 82
75 71 17 93 FF F7 FF E7 FF FF FF FF 97 BC 71 82
72 8A AD A3 E9 D5 4D CE 89 A4 AD A3 2C A4 D2 BA
12 AA F3 C9 32 C2 32 CA 32 B2 F3 A9 92 AA 72 B2
33 D2 32 C2 72 B2 52 BA 92 C2 73 EA 2C B4 CA A4
25 E3 C7 F5 4A E7 F1 E6 F2 E6 F2 E6 12 E7 F2 E6
F2 E6 F2 E6 F2 E6 F2 E6 F2 E6 F2 E6 F2 E6 F2 E6
F2 E6 F2 E6 09 EF 4F E7 13 EE 53 BA 53 C2 52 AA
53 D2 72 BA 53 E2 72 BA 53 D2 52 AA 53 EA 72 AA
53 EA 53 EA 52 BA 53 F2 C9 C4 AD 93 AD 83 6E AB
73 A2 D0 B2 10 93 10 BE 32 EF 29 EF 10 E7 F2 E6
F2 E6 F2 E6 12 E7 F2 E6 F2 E6 12 E7 F2 E6 F2 E6
12 E7 F2 E6 F2 E6 F2 E6 11 E7 28 EF 10 E7 31 A3
92 DA D1 A2 F0 BB 13 AB B3 C3 92 8A 93 C3 D3 BB
33 9B F1 C3 47 B5 AD AC 0C 94 10 A4 33 9B 93 C3
12 A3 12 AB 91 92 53 B3 F1 92 F1 B2 F2 E5 50 E7
28 EF F1 E6 F2 E6 F2 E6 F2 E6 F2 E6 12 E7 F2 E6
F2 E6 F2 E6 F2 E6 F2 E6 12 E7 F2 E6 F2 E6 11 E7
08 E7 30 EF D2 CD 71 C2 D1 F2 4E AB 6D 7D ED 9C
48 B5 8E A4 AD 93 AD A4 31 9B F3 9A 2E 83 0B 74
33 A3 12 9B D2 92 91 92 B2 8A F2 8A 11 8B 72 A4
6E 83 71 CE 31 EF 29 EF F1 E6 F2 E6 12 E7 F2 E6
F2 E6 12 E7 F2 E6 F2 E6 F2 E6 F2 E6 F2 E6 F2 E6
12 E7 F2 E6 11 EF 28 EF 10 E7 F2 E6 12 E7 F2 E6
F2 E6 F2 E6 F2 E6 F2 E6 12 E7 F2 E6 F2 E6 12 E7
F2 E6 F2 E6 F2 E6 28 EF 0F E7 F3 E6 12 E7 D1 DE
F2 E6 32 EF 6F C5 D1 E2 73 C2 72 C2 72 B2 72 D2
72 8A 72 72 71 9A 72 CA 72 82 73 AA 72 8A 72 7A
73 CA B2 DA 93 C2 4B 9C 8E B3 4E 9B 8E A3 73 B2
6F B3 2F 93 CF E6 49 EF 92 DE F1 AB 92 DE D1 A3
92 DE D2 BC 32 EF F2 E6 F2 E6 11 E7 6A CD D0 E6
6F C5 71 DE 6F B4 E9 E6 51 B4 32 D6 32 B4 B2 DE
52 B4 92 DE F1 BC 32 D6 52 B4 32 EF 12 E7 B2 E6
91 E3 4B C4 AD AB 8D 93 53 E2 72 B2 53 C2 72 AA
72 B2 72 A2 73 D2 72 C2 73 DA 72 BA 73 DA 72 CA
73 DA 93 EA 73 EA AE D3 08 A5 CD 9B 0C A4 92 D2
72 BA 73 E2 72 CA 73 D2 72 92 73 AA 91 9A B0 72
73 CA 72 A2 72 BA 73 F2 73 F2 73 FA AC DB 00 FC
EC B3 ED 9B 92 C2 73 DA 73 D2 53 BA 13 C2 32 C2
52 CA 33 6A 52 BA 33 9A 53 A2 53 B2 33 72 53 AA
33 EA 4B C4 8D BC 2E 94 6D AD 4C D6 89 B4 92 8A
71 8A B5 A3 FF FF FF FF FF FF FF FF BA AB 17 69
38 71 76 71 52 B4 32 C6 6F 7B D3 83 53 7A 39 B1
B9 99 3A C9 59 A3 79 B3 79 A9 39 A2 19 A1 58 A1
99 CA 39 B2 38 A2 79 AA 19 B9 BC F8 F2 92 71 83
A7 E2 0A FE 95 EF 38 EF 39 EF 39 EF 39 EF 39 EF
39 EF 39 EF 39 EF 39 EF 39 EF 39 EF 39 EF 39 EF
39 EF 38 EF 53 EF 98 EF 19 F6 19 B1 19 B1 18 99
F9 D0 19 A9 FA E0 19 A9 F9 D0 F9 98 FA F0 18 A1
FA E8 FA F0 F9 B0 FA F8 8F A3 34 72 14 5A D6 59
18 79 1A 91 F5 A0 F4 D5 98 EF 53 EF 38 EF 39 EF
39 EF 39 EF 39 EF 39 EF 39 EF 39 EF 39 EF 39 EF
39 EF 39 EF 39 EF 39 EF 38 EF 73 F7 D7 DE F6 89
39 E1 38 99 5A E1 39 B1 3A E9 38 81 3A E1 5A E1
3A 99 B8 D9 0D 8C 12 AB 53 62 16 A2 3A 91 39 E9
38 A9 39 B1 18 79 19 C9 18 81 98 99 F8 ED 97 EF
53 EF 39 EF 39 EF 39 EF 39 EF 39 EF 39 EF 39 EF
39 EF 39 EF 39 EF 39 EF 39 EF 39 EF 39 EF 58 EF
33 EF 78 F7 98 C5 19 B9 DC F8 F9 C0 BB B0 54 A2
0D 9C 34 AA D5 69 39 E1 F9 A8 18 A9 F8 90 FA C0
F9 A0 F8 98 18 89 18 79 18 81 18 99 18 91 DA F8
36 99 56 C6 78 F7 33 EF 39 EF 39 EF 39 EF 39 EF
39 EF 39 EF 39 EF 39 EF 39 EF 39 EF 39 EF 39 EF
39 EF 39 EF F6 E6 33 EF 38 EF 39 EF 39 EF 39 EF
39 EF 39 EF 39 EF 39 EF 39 EF 39 EF 39 EF 39 EF
39 EF 39 EF 58 EF 53 EF 37 EF 39 EF 39 EF F8 E6
18 E7 B9 F7 79 B4 FA E0 39 B9 19 B9 18 A1 19 C9
18 89 18 89 18 79 19 C9 18 69 19 99 38 91 19 79
D6 99 30 5B D7 82 F3 82 54 92 38 61 15 8A FA A8
F4 B1 14 7A D7 E6 94 F7 99 DE 38 9B B8 DE F8 92
98 DE 38 AC 79 EF 39 EF 39 EF 58 EF B1 BC D7 E6
59 B4 99 DE 95 A3 F4 E6 B8 A3 38 D6 78 A3 D9 E6
98 A3 B8 DE 78 B4 38 D6 98 A3 99 EF 39 E7 F9 EE
F9 F1 B2 AA 74 72 76 69 1A D9 38 99 39 A9 18 99
18 A9 18 91 19 C9 19 B9 19 D9 19 B1 19 D9 39 C9
1A 49 3A A1 1A F9 94 CA CE 8B B3 9A 34 6A 58 D1
19 B1 1A E1 19 C1 19 C1 18 81 19 91 38 79 18 49
19 D9 19 C1 19 B9 1A F9 3A E9 1A B1 91 A2 00 FC
72 8A 35 7A 58 D1 1A D1 19 D1 39 89 39 99 39 D1
59 C1 19 31 F9 A0 19 C1 F9 C8 39 C9 3A A1 FA A8
FA F0 51 A3 53 52 75 21 B4 94 53 C5 13 82 38 71
17 69 B9 92 FF FF FF FF DF DF FF EF 9F 82 1E 48
1E 58 1E 48 5F 7A DC 85 99 38 19 64 99 59 1F B3
5F 8A BF CA 9F 8A 5F A9 1F A0 5F 91 1F 98 9F 88
1F BB 7F 93 1F 98 FF A0 1F B0 F4 F1 B6 59 BD 40
29 E2 30 FE 9F EF 7F EF 7F EF 7F EF 7F EF 7F EF
7F EF 7F EF 7F EF 7F EF 7F EF 7F EF 7F EF 7F EF
7F EF 7F EF 5F EF BF EF 3F FE 3A A0 9F 80 3F 70
FF A0 5F 80 1F A9 5F 80 1F A1 9F 70 5F B9 1F 70
1F B1 7F B9 BF 88 BF C1 99 51 1F 30 3A 39 58 41
3D 58 1F 80 3D 88 3C CE BF F7 5F EF 7F EF 7F EF
7F EF 7F EF 7F EF 7F EF 7F EF 7F EF 7F EF 7F EF
7F EF 7F EF 7F EF 7F EF 7F EF 7F EF 3F E7 FD 78
1F E8 1E 80 BF B1 9F 88 7F B9 1F 58 5F B1 BF B1
DF 70 DF A9 B7 31 79 6A 78 41 3C 72 BF 50 3A 71
9F 70 FF 78 1C 60 3C C8 1F 70 3E 88 DE ED DF EF
5F EF 7F EF 7F EF 7F EF 7F EF 7F EF 7F EF 7F EF
7F EF 7F EF 7F EF 7F EF 7F EF 7F EF 7F EF 7F EF
3F E7 DF F7 3F B5 1F B0 9D F8 1F A8 1F 98 FC 70
98 49 7A 89 DA 48 DC B0 1F 90 1F 98 1F 70 1F B0
5C 50 1E 60 1F 70 1F 58 1D 60 1F 78 1F 70 1F F8
1D 80 5C BE BF F7 7F EF 7F EF 7F EF 7F EF 7F EF
7F EF 7F EF 7F EF 7F EF 7F EF 7F EF 7F EF 7F EF
7F EF 7F EF 5F EF 7F EF 7F EF 7F EF 7F EF 7F EF
7F EF 7F EF 7F EF 7F EF 7F EF 7F EF 7F EF 7F EF
7F EF 7F EF 7F EF 7F EF 7F EF 7F EF 7F EF 5F EF
5F EF FF F7 1F AC 1F E8 1F B0 1F B0 1F 90 1F C0
1F 78 1F 88 1F 60 1F C0 1F 48 1F 88 1F 68 1F 70
1F A8 1F B8 1F 80 1F 20 1D 70 1E 50 F7 61 7D 88
DA 62 5B 51 DF EE BF F7 BF DE 5F 8A DF E6 FF 81
9F DE 5F 9B DF F7 5F EF 7F EF BF F7 9F 8A BF DE
DF A3 9F DE 9F 8A FF E6 FF 92 3F D6 9F 8A FF E6
BF 92 DF E6 FF AB FF D5 7F 8A FF F7 7F EF 5F EF
7E C2 1F 50 19 31 5C 50 1F D8 1F 90 1F A8 1F 88
1F 98 1F 80 1F C8 1F B0 1F D8 1F A8 1F D8 1F C0
1F 30 1F 80 1F F8 DC A8 39 31 B9 59 39 59 1F C8
1F A0 1F E0 1F B8 1F A0 1F 70 1F 80 1F 50 1F 30
1F D8 1F B0 1F B0 1F F8 1F F8 1F D0 38 81 E1 FB
97 71 1A 61 1F C8 1F D0 1F D0 1F 78 1F 88 DF C0
5F AA 1F 68 BF 90 5F C2 FF B0 1F D8 1F 88 FF A8
7F EB DA 61 FE 41 DA 3A 38 74 1F 94 1F 40 1E 58
1E 48 5F 71 FF FF FF E7 FF EF FF EF 77 AC 56 71
19 71 F8 68 59 93 16 9E 14 5A 54 7C 54 72 7A BA
BA A2 5B DA BA 9B BA BA 9A A9 7A A2 FA A9 B9 99
3B C3 D7 BB 16 B2 1A AA F9 B8 32 F2 92 7A 16 62
A7 E2 EC F5 7B E7 39 EF 39 EF 3A EF 3A EF 3A EF
3A EF 3A EF 39 EF 3A EF 3A EF 3A EF 39 EF 3A EF
3A EF 3A EF 39 EF 79 E7 1A F6 18 A9 3A A9 F9 90
3A C1 19 A1 3B D1 F9 A0 5A C9 1A A9 3B D9 55 AA
D9 D9 5B E9 3A B9 9B E9 74 7A 19 61 14 52 F5 89
39 B9 37 99 93 8A B5 C6 5A EF 39 EF 5A EF 39 EF
39 EF 5A EF 39 EF 3A EF 39 EF 3A EF 39 EF 3A EF
5A EF 3A EF 39 EF 39 EF 39 EF 59 EF 1A E7 18 92
F9 E0 F9 98 DA E8 DA B0 1A F1 34 92 FA F0 DB E8
DB A0 59 D9 B2 5A 94 9A D5 61 15 8A 19 99 51 72
19 91 FA B0 17 71 37 D1 F9 80 58 A1 F8 ED 9A EF
39 EF 3A EF 3A EF 3A EF 39 EF 3A EF 39 EF 3A EF
3A EF 3A EF 39 EF 5A EF 3A EF 3A EF 39 EF 5A EF
F8 E6 7A EF F7 C5 F4 C9 CF DB 38 9A 1B 92 B6 7A
F2 62 15 8B F5 61 D2 6A F9 98 FA A8 F9 88 FA B8
57 51 38 79 19 81 F9 70 F8 78 F5 A1 B6 99 FB F0
17 91 36 C6 7A F7 39 E7 3A EF 3A EF 3A EF 3A EF
3A EF 3A EF 39 EF 5A EF 3A EF 39 EF 39 EF 3A EF
3A EF 3A EF 39 EF 39 EF 39 EF 3A EF 3A EF 5A EF
3A EF 39 EF 3A EF 3A EF 3A EF 39 EF 3A EF 39 EF
3A EF 39 EF 3A EF 39 EF 3A EF 3A EF 3A EF 39 EF
3A EF BA F7 99 B4 FB E0 FA B8 FA B8 F9 A0 FA C8
F9 88 F9 90 F9 78 FA C0 D9 70 1A C1 34 9A 18 89
DA B8 DA C0 DB 90 18 49 57 89 18 69 92 82 76 99
B4 8B B7 82 BA E6 79 EF 99 DE 39 9B DA E6 D9 92
98 DE B4 BC 79 EF 19 E7 3A EF 59 EF 99 A3 99 DE
79 DE D8 DE 39 D6 19 E7 59 D6 59 D6 39 9B B9 DE
79 9B B9 DE 7A B4 77 DE 35 AC 9A EF 3A EF 19 EF
32 7E 78 69 D5 61 B6 61 77 92 5A 91 99 99 38 91
39 99 38 79 58 A9 FA C0 FA D8 FA B0 D7 E1 16 D2
FB B0 FB A0 FB F8 F6 B9 73 62 B3 92 34 72 39 C9
FA B0 FB E0 FA C0 FA 98 19 81 FA 90 F9 68 F9 78
DB B8 D7 A9 97 D1 FB E8 FB E8 FB F8 33 C2 00 FC
72 8A 15 7A 19 D1 FB D0 FA C8 FA A0 FA A8 DA C1
3A B3 DA A9 DA B2 1B A4 F5 BC 98 B9 FB 80 5B B3
3B E5 75 72 B7 94 B5 84 53 74 D9 A4 F8 68 19 71
18 69 94 A3 FD FF FF E7 BE FF FF FF F0 D5 2E 9B
92 8A 71 8A 12 B4 EF BD 0E 7B 4E 9B 8E 93 52 CA
32 BA 33 DA 92 BA 92 CA 72 B2 33 AA 52 C2 71 B2
53 D2 8D DB 0C C4 93 BA 72 C2 D6 F9 4F 93 4F 83
05 EB C9 F5 53 E7 F2 E6 D1 DE 12 E7 F2 E6 F2 E6
D1 DE 12 E7 D1 DE 12 E7 F2 E6 12 E7 B1 DE 12 E7
32 EF 32 EF F1 E6 52 E7 53 F6 12 BA 12 BA 92 AA
53 DA 92 B2 93 D2 D3 BA 33 DA 52 B2 93 E2 2B CC
F0 EA 33 FA 33 CA 34 FA 6E 93 72 A2 4E 83 F0 AA
53 CA 72 B2 6B B3 4C D6 13 E7 12 E7 F2 E6 D2 E6
D1 DE F2 E6 D1 DE 12 E7 D1 DE F2 E6 B1 DE 12 E7
12 E7 F2 E6 F2 E6 12 E7 F2 E6 33 EF D2 DE 10 A3
72 DA 72 AA 93 E2 92 C2 D2 C2 8A B4 B2 DA 73 CA
73 B2 D2 DA AD 7B AE 7B F0 8A 73 DA B2 B2 F0 82
92 B2 72 C2 91 8A D2 BA 71 9A EF 7B AD C6 D2 E6
D2 E6 F2 E6 F2 E6 F2 E6 D1 DE F2 E6 B1 DE 12 E7
F2 E6 F2 E6 D1 DE 12 E7 F2 E6 13 E7 B1 DE F2 E6
F2 E6 53 EF 6E D6 EC D3 F4 F1 52 CA 33 C2 F0 AA
AD 8B 2F B3 0F 83 B2 C2 72 B2 52 A2 72 9A 72 C2
52 A2 52 AA 52 A2 91 92 92 92 EC BB CD BB 73 EA
70 AA EE BD 53 EF D1 DE F2 E6 F2 E6 D1 DE 12 E7
F2 E6 F2 E6 D1 DE 12 E7 12 E7 13 E7 B1 DE 12 E7
F2 E6 12 E7 D1 DE F2 E6 B1 DE F2 E6 F2 E6 12 E7
D2 E6 F2 E6 12 E7 12 E7 D2 E6 D1 DE F2 E6 D1 DE
F2 E6 D1 DE F2 E6 B1 DE 12 E7 F2 E6 12 E7 D1 DE
F2 E6 32 EF 12 C5 73 E2 92 C2 53 CA 72 B2 73 CA
72 A2 72 AA 72 92 72 CA 91 9A D2 D2 6A C4 B1 AA
73 C2 72 CA 74 B2 91 72 B0 9A 91 8A D0 A2 53 B2
70 CA 2F 9B B2 DE 72 EF 71 D6 F2 AB D2 E6 B1 A3
F0 E6 EA D5 52 EF 12 E7 32 EF 73 EF 31 AC 92 DE
B4 F7 53 EF 32 EF B1 DE 72 EF 52 D6 12 AC B2 DE
52 B4 B2 DE F1 BC 8F DE 6B C5 12 E7 D2 E6 52 E7
AF 66 71 82 EF 82 EF 82 11 8D 72 8B F2 8B 51 83
32 8C F0 8A 2C 85 53 CA 92 DA 72 BA CE E3 2C D4
73 B2 73 A2 73 F2 30 C3 8D 7B AD AB 4E 8B 92 D2
72 BA 73 E2 72 CA 73 D2 91 82 72 A2 72 8A 91 92
92 CA CD D3 8E DB 73 EA 93 EA 73 F2 2E D3 00 FC
8D A3 4F 93 92 D2 73 D2 73 D2 73 B2 73 9A F2 C2
D3 92 B3 A2 72 CA F3 BA 2B D4 EF B3 33 A3 B3 CA
13 EB AF 9B F1 AA 2F A3 4E A5 F1 C4 71 82 92 8A
D0 92 6A CD FB FF DF EF FF FF FF FF 35 C5 4A AC
F0 92 91 8A 31 B4 EE BD 6D 83 AD 9C 8D 93 D1 D2
F1 BA B2 DA F1 BA 12 CB F2 BA F1 C3 D1 BA ED C3
ED E3 93 C2 72 B2 92 C2 D1 B2 4C B4 6E 93 D0 7B
E5 DB 88 F5 F1 D6 F1 E6 32 EF 12 EF 32 EF 32 EF
12 EF F1 E6 12 E7 12 E7 F1 E6 F1 E6 F2 E6 32 D6
11 D6 B2 CD 92 CD B2 CD 52 CD 52 C4 52 BC 92 BC
92 C4 B2 BC D3 BC 11 C5 71 CC 4B CD 30 CD B3 B3
D2 CB 52 C4 F0 AB CE CC CE 93 B1 9A 6E 83 4F A3
F2 C2 F0 9A 2B BB 0B DE F2 E6 B0 DE 12 EF 32 EF
12 EF 32 EF 32 EF 12 E7 F1 E6 12 E7 12 EF F1 E6
F1 E6 12 E7 90 D6 B0 DE 12 EF B0 DE B1 DE 50 A3
B1 E2 F1 B2 10 E3 6A D4 D2 DA 72 92 92 D2 B2 CA
B2 B2 F1 DA CC 83 CD 83 0F 8B B2 D2 92 AA 91 9A
91 BA B2 C2 B0 8A AD 8B 2F 9B 70 74 30 BF D1 EE
D1 DE 12 EF 12 EF 12 EF 12 EF 12 EF 12 EF 12 E7
12 E7 12 EF F1 E6 F1 E6 11 E7 B0 DE F1 E6 11 E7
4E CE 51 DE D2 CD 33 CB 92 E3 32 C3 12 C3 2F A4
EE 9B F0 C3 D0 9B 30 AC 51 A3 B1 AB B1 A2 B1 C2
B1 AA D0 B2 0F 8B 2B AC AD B3 72 A2 B0 A2 F1 CA
CF 92 70 D6 12 EF F1 E6 F1 E6 F1 E6 F1 E6 F1 E6
F1 E6 F1 E6 F1 E6 11 E7 D1 DE 6F D6 11 E7 12 E7
12 EF 12 E7 B0 DE 12 E7 12 EF 12 E7 12 E7 F1 E6
F1 E6 F1 E6 F1 E6 F1 E6 11 E7 D1 E6 F1 E6 11 E7
F1 E6 F1 E6 F1 E6 F1 E6 F1 E6 F1 E6 F1 E6 F1 E6
F1 E6 51 EF 11 C5 92 E2 B1 C2 10 AB 91 B2 B2 CA
B1 A2 B1 AA F0 9A F0 CA 8A BC 30 D3 72 A2 91 AA
D2 C2 B1 C2 10 A3 F0 82 30 A3 D1 92 F1 AA F1 B2
4F B3 8E 9B 32 D6 51 DE 32 D6 D1 BC 4F DE 8B CD
CD AC 50 AC 6D BD 8E BD F0 CD 4D B5 92 BC 4E BD
2A AD 8C BD F1 E6 F2 E6 F1 E6 AE C5 AF A3 0E CE
EE A3 8A BD EA D5 11 D6 32 AC 51 EF 72 DE 31 D6
B1 AD F2 AB 6F 9C 10 A4 D2 B4 12 9C 72 B4 11 AC
72 B4 D1 AB 90 B4 F1 CB 4D DC CC DC D3 CA D2 B2
32 C3 32 BB 32 DB AF BB 8D 7B EE 83 8E 93 6F C3
B1 BA 92 E2 92 CA B2 DA 91 82 D1 A2 D1 92 CD AB
0C E4 73 C2 92 C2 B2 EA B2 EA B2 E2 4D B3 00 FC
AC A3 6E 93 D1 D2 B2 D2 B2 D2 92 B2 B2 8A 92 CA
B1 BA B1 AA 4B DC 4E CB 33 BA 92 B2 92 9A 72 CA
32 EA 4E A3 F0 8A 2E 9B 6E A5 11 BD 90 8A D1 92
0A AC 10 C5 FF FF FF FF FF FF FF FF B6 BC 0A AC
6F 9B 71 8A 52 A4 2F AE 8E 83 0E 9E 6E 93 11 CB
52 AC 72 D3 D2 B3 B2 BC 93 C2 CD DC AE CB B1 B2
B2 D2 92 C2 92 B2 92 C2 D0 AA 2D 94 F1 9A 70 7B
E5 E3 C5 DC 2F C6 B0 DE CD BD EE C5 4F CE 6C B5
90 D6 6F D6 8C BD 0E C6 12 E7 12 EF 12 E7 4E BD
AD AC 12 D6 6F AC 4C 9C 93 CD 73 BC 72 BC 52 B4
93 C4 53 BC 92 C4 4C CD D0 C4 72 C4 72 C4 52 BC
13 CC 53 BC 12 AC CF CC AD 8B 91 A2 6E 8B 6E 93
F1 AA 10 9B AF 9B B0 C6 2F CE 70 D6 90 D6 CD BD
CD C5 2F CE 6C B5 70 D6 2F CE CD C5 CD C5 32 EF
12 E7 12 E7 88 9C 6B B5 F1 E6 47 94 6C B5 32 AB
10 E3 4B C4 D2 E2 D1 C2 93 EA 91 9A 93 DA 93 D2
92 B2 D1 DA CD 83 CE 8B 0F 8B 93 D2 92 AA 92 9A
91 BA 92 C2 52 82 8E 9B 6A B4 D1 93 D3 DE 2E CE
2F CE B1 DE AD BD AD BD 90 D6 AD BD 0E CE EE C5
0E C6 EE C5 33 EF 12 E7 B3 E6 EE C5 71 D6 51 D6
8A 9C 8F C5 72 C5 B2 CB 93 E3 72 C3 33 BB 51 AC
2F 9C 31 BC D1 9B 31 A4 52 A3 52 AC 32 AB 72 C2
72 8A 8E B3 2B AC D0 92 B1 9A 91 A2 91 AA 92 D2
D0 8A 90 D6 12 E7 F2 E6 12 E7 F2 E6 F2 E6 12 E7
F2 E6 F2 E6 F2 E6 32 EF 2E CE C9 9C 12 E7 EE C5
AC BD F1 E6 EE C5 AD BD 6F D6 AC BD 2F CE 12 EF
12 E7 12 E7 D1 DE 2F CE 12 EF 4F CE 90 D6 12 E7
F2 E6 F2 E6 F2 E6 F2 E6 F2 E6 F2 E6 12 E7 D1 E6
F2 E6 52 EF F1 BC 93 E2 B2 BA F0 92 92 B2 92 CA
52 A2 B1 AA 4B B4 10 CB D1 9A B2 CA 91 A2 91 AA
F2 C2 72 C3 92 AB D2 AB 51 AC 72 A3 32 B4 B3 BC
51 B4 92 BC 13 C5 13 C5 32 C5 CC D5 11 C5 D2 BC
91 B4 B1 BC 91 B4 AF AC 32 C5 AF AC 71 B4 AD AC
0A A5 4B B5 12 E7 12 E7 B0 DE 29 94 0E 8B 2D CE
E9 BC EB AC 30 C5 52 DE 51 B4 32 EF D2 E6 D1 C5
F1 AB 73 BC 4F 9C D0 9B B3 BC D2 A3 13 BC 72 B4
91 A3 73 A3 70 BC EC D4 32 CC F2 D3 92 D2 B2 CA
B3 EA B3 CA B3 E2 50 C3 AD 73 2C 74 6E 93 10 CB
92 BA 92 E2 92 CA 73 D2 72 7A ED AB CD A3 D0 92
D2 D2 92 C2 92 C2 93 EA 73 EA 93 E2 4E A3 00 FC
8D A3 6F 93 B2 D2 92 D2 92 D2 92 AA 73 A2 93 CA
4D DC AE BB 31 BB 92 B3 52 C3 92 C2 93 8A 33 BB
B3 EB 8E A3 70 8B 4E 9B 2D 9D F1 BC 71 82 10 9B
2A AC 33 AC FF FF FF EF FF FF FF FF B6 BC EE 92
0C AC CF 92 70 A4 2E AE CD 8B 2D A6 CC 8B ED A3
B1 BB 31 DB B1 BA CE D3 CD D3 D1 D2 F0 BA D0 B2
D1 D2 D1 C2 D0 BA D0 C2 D1 BA 92 E2 B0 AA 6E 8B
65 F3 06 DD F0 DE 2D CE C8 9C CC C5 4A AD C8 9C
8B B5 AB BD 6A B5 09 AD 8F D6 AF DE 6E D6 CC BD
AB BD EF DE E8 A4 CB BD D1 EE 70 A3 CF A3 11 9B
D1 AB 4C B4 0B BD 70 9B 11 AC B1 A3 51 B4 50 9B
51 AC 91 B4 F1 AB 90 AC 8C 8B 50 93 8E 8B EC 83
AE 83 EE 8B 31 65 72 A7 ED D5 F0 DE 0D C6 4A AD
CC BD 09 A5 C8 A4 8B B5 AB BD 8B BD 4A B5 8F DE
AF DE 0D CE CC BD 4A AD 2E CE 8B BD 4A AD 8B BC
10 E3 F0 B2 D1 E2 D1 C2 D1 EA D0 9A D1 E2 D1 E2
D1 BA 30 DB EC 8B ED 9B 4E 8B D1 D2 F0 B2 D0 9A
91 B2 2F CB 0B A4 D0 B2 F0 9A D0 C2 11 F6 0C BE
4E D6 8F D6 6A B5 8B B5 0D C6 AB BD CC BD 8B B5
29 AD AB BD 8F DE 8F D6 D0 CD F1 D5 51 DE 71 C5
70 C5 2B AD B0 B4 B1 C3 31 EB F1 C4 51 AC AF AB
AF AC 8E A4 2F 9B 11 BB 10 BB 30 A3 F1 A2 8E D3
AD 9B D0 A2 D0 AA B0 9A D0 9A D0 AA D0 AA F1 CA
CE 92 2E CE 31 EF F0 E6 F0 E6 F0 E6 F0 E6 F0 E6
F0 E6 F0 E6 F0 E6 11 E7 6F D6 AB BD 11 EF 29 AD
4A AD 4E D6 CC C5 8B B5 2D CE 09 AD 4A B5 6E D6
8F DE AF DE D0 E6 8B B5 11 EF 8F D6 2D CE 11 E7
F0 E6 F0 E6 F0 E6 F0 E6 F0 E6 F0 E6 F0 E6 AF DE
D0 E6 30 EF 30 C5 D1 E2 F0 BA D0 A2 B1 B2 10 BB
0B BC 4E B3 D0 9A D1 CA B0 9A D1 CA D0 AA D0 AA
D1 C2 11 BC F1 BB 51 C4 50 B4 90 A3 31 B4 D1 C4
51 BC 92 B4 51 C5 51 CD 51 C5 F1 BC 51 C5 91 BC
52 C5 F1 C4 92 CD 90 CD B1 CD 8E C5 90 B4 CD C5
6E D6 6E D6 8F DE 8F D6 D1 DE 8B BD 0B BD D0 E6
4F AC 70 DE 31 C5 30 D6 50 B4 30 E7 11 EF 8E CE
2D 83 10 93 2E 8B 4F 93 50 B3 F0 A2 51 B3 F1 9A
6D A3 2C B4 10 BB F0 C2 31 D3 F1 C2 D1 DA D1 C2
D1 F2 D1 DA D1 EA 6F C3 0C 84 2B 8C 8D 93 4F C3
D1 C2 D1 DA 92 C2 6F E3 EB A3 0F 83 D0 92 CF 92
D1 D2 D1 C2 D1 CA F1 E2 10 D3 F1 E2 8C B3 E0 FB
CC A3 AD 9B F0 D2 D1 D2 B1 D2 B2 A2 CD AB 2E D4
71 C4 91 AB 11 A4 F1 C4 D1 C4 B1 CA B1 AA 71 BC
D1 DD ED A3 CF AC 6D AC 2D 9D 30 BD B0 8A AD A3
8C A3 F4 AB FF FF FF E7 FF F7 FF F7 97 B4 B0 8A
E9 BC CF 92 F2 AB CE BD 6E 83 6E A5 6D 83 92 BA
33 BA 4F E3 CD CB 10 D3 EE CB 52 C4 72 BA 92 B2
92 D2 92 C2 92 B2 92 C2 92 BA 92 D2 91 A2 30 83
45 EB C9 F5 33 E7 12 EF 53 EF 33 EF 33 EF 53 EF
32 EF 12 EF 33 EF 33 EF CD C5 EE C5 EE C5 33 EF
32 EF F2 E6 33 EF 73 EF 12 EE 72 BA 53 BA CC BB
50 DB 6F C3 D2 E2 72 B2 72 D2 72 C2 73 EA 72 B2
53 E2 53 F2 72 CA 53 F2 D0 9A 91 82 2F 83 B2 A2
92 9A CE AA D0 7C 53 9F F2 F6 F2 E6 32 EF 53 EF
33 EF 53 EF 53 EF 32 EF 12 EF 33 EF 12 EF AD BD
ED C5 2E CE 53 EF 32 EF 12 E7 53 EF F1 E6 0C B4
B1 E2 92 AA 93 E2 92 C2 93 EA 91 9A 93 E2 93 E2
92 AA D1 DA CD 83 CE 8B 0F 8B 73 D2 53 AA D1 9A
0C CC 2F C3 AD 9B 91 AA B0 8A AF 9B 91 D6 32 EF
12 E7 12 E7 33 EF 33 EF 12 EF 33 EF 33 EF 33 EF
53 EF 90 DE CD BD CD BD 70 D6 12 D6 12 E7 32 D6
13 D6 13 EF 92 C5 52 CB F3 EA B2 C3 73 BB D1 AB
50 AC EF AB 90 92 72 BA 53 AA 2E A3 EC B3 2F CB
4E BB 92 AA 91 9A 91 92 91 9A 92 A2 91 AA F1 9A
8F 82 2F CE 32 EF F2 E6 F2 E6 F2 E6 12 E7 F2 E6
F2 E6 12 E7 F2 E6 F2 E6 12 E7 33 EF F2 E6 33 EF
53 EF 12 E7 D1 DE 32 EF 12 EF 53 EF F2 E6 EE C5
CD BD 2F CE F1 E6 32 EF F2 E6 12 E7 12 E7 F2 E6
F2 E6 F2 E6 12 E7 F2 E6 F2 E6 F2 E6 12 E7 D1 DE
F2 E6 52 EF 12 C5 93 E2 72 BA 91 9A 0C C4 4E AB
AE B3 10 AB 91 92 92 CA 91 9A 92 CA 91 9A 92 92
92 CA 72 C2 72 B2 71 92 B0 92 72 92 8F AA AE AA
32 93 4B AC 10 E7 52 EF B2 DE 11 AC D2 E6 D1 A3
91 DE B1 BC 72 EF 12 E7 12 E7 52 EF 51 B4 B2 DE
52 EF D1 E6 F3 E6 10 E7 4C EF D1 E6 CD BC B1 DE
72 B4 B2 DE 11 BD 11 D6 31 AC 52 EF F2 E6 D2 E6
71 93 D1 82 91 8A F0 8A 8F 8B B1 9A 30 A4 2C A4
2F A3 6D AB 72 B2 72 CA 72 DA 72 BA 92 DA 92 8A
93 EA 93 CA 93 DA 30 AB AD 8B 92 BA 4F 93 D2 D2
53 BA 4F E3 ED D3 30 D3 8D 9B 72 8A 91 8A 91 92
72 DA 92 C2 92 CA D2 E2 2F AB F1 E2 4C AB C1 FB
AC A3 6F 93 92 D2 53 D2 8F DB CE AB 4F B3 6F D4
D2 C3 92 A3 92 B2 D2 CB 92 CA 52 CC B3 DC 73 BB
53 B4 2E A4 70 8B 0E 94 2E A5 11 BD 91 8A C9 BC
8C A3 95 A3 FF FF FF EF FF FF FF FF B6 BC 71 82
8E A3 8D A3 11 AC 0F BE 2E 83 AE B3 8D 83 50 BB
6F CB 10 E3 2F CB 53 CA 33 AA 52 D2 D2 BA B1 B2
92 D2 92 C2 92 B2 92 C2 92 BA 92 D2 91 A2 30 8B
45 EB C9 F5 33 E7 F1 E6 F1 E6 F1 E6 F1 E6 F1 E6
F1 E6 F2 E6 F1 E6 F1 E6 32 EF 32 EF 32 EF F1 E6
F2 E6 F2 E6 F1 E6 31 E7 12 EE 2F C3 2F C3 4F B3
10 DB 73 B2 8D D3 0F AB F2 BA D2 BA 12 D3 B1 AA
F2 D2 13 DB F2 C2 13 DB F0 92 D1 7A 2F 7B D0 9A
8D AB 11 BB 8F AA EE CD 32 EF F1 E6 F2 E6 F1 E6
F1 E6 F1 E6 F1 E6 F1 E6 F1 E6 F1 E6 F1 E6 32 EF
32 EF 12 EF F1 E6 F1 E6 F2 E6 F1 E6 F2 DE F2 AA
93 EA 91 AA 92 E2 92 C2 93 EA 91 9A 92 E2 93 E2
92 BA F1 DA CC 83 CD 93 0F 8B B2 D2 6E BB F0 A2
6E C3 B1 C2 52 82 0F 93 91 92 B2 B2 D2 ED 31 E7
F2 E6 F2 E6 F1 E6 F1 E6 F1 E6 F1 E6 F2 E6 F1 E6
F1 E6 12 E7 32 EF 32 EF 12 E7 12 E7 F2 E6 12 E7
D0 DE 31 EF F1 CD 72 C2 93 F2 72 C2 73 BA 2F A3
AC 8B 8E B3 B1 82 10 A3 4F C3 F0 A2 6E B3 72 BA
72 A2 91 AA 91 9A 91 92 91 9A 91 A2 91 AA D1 AA
D0 8A 70 D6 12 E7 F2 E6 F2 E6 F2 E6 F2 E6 F2 E6
F2 E6 F2 E6 F2 E6 F2 E6 F2 E6 F1 E6 F2 E6 F1 E6
F1 E6 F2 E6 12 E7 F2 E6 F1 E6 F1 E6 F2 E6 32 EF
32 EF 12 EF F2 E6 F1 E6 F2 E6 F2 E6 F2 E6 F2 E6
F2 E6 F2 E6 F2 E6 F2 E6 F2 E6 F2 E6 12 E7 D1 DE
F2 E6 52 EF 11 BD 93 E2 4F CB 0F AB 4F C3 D0 B2
52 A2 71 AA 91 9A 72 D2 91 9A 92 CA 91 9A 91 8A
92 CA 92 C2 92 B2 B1 92 F0 9A 91 92 D0 AA CD C3
90 9B AD A3 D1 E6 12 E7 92 DE 11 AC 91 DE F1 AB
72 DE D2 BC 12 E7 F2 E6 F2 E6 11 E7 51 AC 91 DE
F1 BC 70 D6 EE BC D0 E6 CE BC 31 D6 32 AC B2 E6
51 B4 91 DE F1 BC 32 D6 51 B4 32 EF 12 E7 B1 E6
91 93 F1 82 B0 92 B0 8A F0 9A AD AB 6F AB 6E A3
71 92 72 92 92 B2 92 CA 92 DA 92 BA 92 DA 92 92
93 EA 93 DA 93 CA 4F 93 8D 8B AE A3 AD 8B 6E D3
50 C3 11 E3 6F CB 92 AA 51 8A 91 A2 91 9A B1 AA
D1 C2 B2 BA 92 CA 93 D2 92 CA 93 EA CF C2 E1 FB
AC 93 4F 9B 4F B3 30 DB 10 DB 4F AB 73 92 52 CA
72 CA 32 BA 72 B2 72 DA 92 D2 B2 BA D3 92 B3 B2
53 A2 4E B3 F0 7A 0E 93 4D A5 F1 BC 4E 9B 0C AC
71 8A D4 AB FF FF FF FF FF FF FF FF 58 AC F4 79
F1 92 CC AB B4 A3 11 B6 B0 72 50 AB F0 72 11 C3
CC D4 15 D3 55 B2 55 C3 75 B3 F5 CA 35 BA 14 A3
15 D2 F5 C1 F5 B1 F5 B9 F5 B1 F5 D1 F4 99 B3 7A
05 EB EA F5 56 E7 14 E7 15 E7 15 E7 15 E7 15 E7
15 E7 15 E7 15 E7 15 E7 14 E7 15 E7 14 E7 15 E7
15 E7 15 E7 15 E7 55 E7 F6 ED AF D3 AE CB D5 99
F5 D1 F4 B1 B2 D2 34 A2 35 BA 35 BA 56 DA 14 A2
56 DA 56 E2 35 C2 56 E2 52 82 34 8A B1 7A 13 82
4B BC 50 AB 13 A2 31 D6 55 EF 15 E7 15 E7 15 E7
15 E7 15 E7 15 E7 15 E7 15 E7 15 E7 15 E7 14 E7
14 E7 15 E7 15 E7 15 E7 15 E7 35 EF D4 DE 93 A2
F6 E9 F4 A1 F6 E1 F5 B9 F6 E9 F4 89 F6 E1 F6 F1
F5 C1 54 DA 4F 73 50 83 52 7A 54 D2 6B CC 53 9A
D5 A9 F5 B9 F3 79 F4 A1 F4 81 F5 B1 D5 F5 54 E7
15 E7 15 E7 15 E7 15 E7 15 E7 15 E7 15 E7 15 E7
15 E7 15 E7 14 E7 14 E7 15 E7 15 E7 15 E7 15 E7
D4 E6 55 EF B4 C5 F5 B9 F6 F1 15 C2 F6 B9 D2 A2
4F 83 31 AB F4 81 11 BB 0C CC D4 89 D4 91 F5 B9
F4 99 F4 A1 F4 91 F4 89 F4 89 F4 99 F4 A1 14 AA
52 7A 91 D6 35 EF 15 E7 15 E7 15 E7 15 E7 15 E7
15 E7 15 E7 15 E7 15 E7 15 E7 15 E7 15 E7 15 E7
15 E7 15 E7 F4 DE 15 E7 15 E7 15 E7 15 E7 14 E7
14 E7 15 E7 15 E7 15 E7 15 E7 15 E7 15 E7 15 E7
15 E7 15 E7 15 E7 15 E7 15 E7 15 E7 15 E7 D4 DE
F4 E6 75 EF B4 BC 34 D2 89 CC B0 A3 76 92 74 92
74 8A B3 92 13 82 B2 92 F5 91 F5 C9 F4 91 F4 81
F5 C1 14 BA 33 9A 13 8A 53 8A F4 89 13 8A 4C C4
71 B2 53 82 F5 E6 55 EF 94 DE B4 A3 B5 DE B4 A3
95 DE 74 B4 55 EF 15 E7 15 E7 35 EF 14 AC 95 DE
B5 BC B3 DE 6B C5 D4 E6 35 AC 55 DE 14 AC B4 DE
D4 A3 B5 DE D4 BC 35 D6 14 AC 55 EF 15 E7 F5 E6
F4 92 14 82 13 82 14 7A 10 9B 6B C4 53 B2 D4 81
F4 89 F4 89 F5 B1 F5 C9 F5 D9 F5 B9 F5 D9 F5 91
F6 F1 F6 F1 F6 E9 D2 B2 10 7B 50 A3 10 7B F2 E2
AE D3 B6 E1 B5 C9 D5 B9 F3 71 D4 71 F4 91 D4 A1
33 B2 D5 B9 D5 C9 97 E1 D5 C9 B6 F9 31 BA E1 FB
2E 93 B2 8A AE DB CE E3 D6 D1 D5 99 F5 89 15 CA
F5 C1 55 D3 F5 BA D5 D9 35 D2 B5 C1 D6 C1 F6 A9
16 A2 F1 A2 73 9A B1 9A 10 95 95 B4 4D 9B 8E A3
F4 79 56 9B FF F7 FF FF FF FF FF EF 97 AC 71 8A
92 8A AC A3 0E C5 AE B5 4E 83 4C C4 C9 A4 72 BA
B3 B3 93 CC F2 BA 92 C3 F2 B4 52 C4 72 BA 92 AB
93 DA 72 C2 92 B2 92 C2 92 BA 92 D2 91 A2 50 8B
45 EB A9 F5 4E E7 EF E6 F2 E6 12 E7 F2 E6 F2 E6
12 E7 F2 E6 F2 E6 F2 E6 F2 E6 F2 E6 12 E7 F2 E6
F2 E6 F2 E6 0D E7 2E E7 53 EE 72 BA 72 BA 91 AA
92 D2 92 B2 73 E2 72 B2 72 CA 72 C2 73 E2 72 B2
73 E2 73 F2 72 CA 73 EA F0 92 91 A2 4B AC 8E A3
52 92 72 AA D1 B2 91 E6 12 E7 0D E7 0F EF F2 E6
12 E7 12 E7 F2 E6 F2 E6 12 E7 F2 E6 F2 E6 12 E7
F2 E6 F2 E6 12 E7 F2 E6 F2 E6 2C EF CE DE 12 AB
73 EA 92 AA 93 E2 92 C2 93 EA 91 9A 93 E2 93 E2
93 B2 D1 DA CD 83 CD 93 6A AC B2 DA 73 AA 92 92
92 BA 92 C2 91 8A 92 AA 91 92 92 BA F3 ED 32 E7
0C EF 10 E7 F2 E6 F2 E6 F2 E6 F2 E6 F2 E6 F2 E6
12 E7 F2 E6 F2 E6 12 E7 F2 E6 F2 E6 12 E7 F2 E6
0D E7 4F EF B2 C5 92 C2 93 F2 92 C2 93 D2 4F B3
AD 8B ED C3 0C AC 73 BA 72 B2 91 9A 91 A2 92 C2
92 A2 92 AA 91 9A 91 92 91 92 92 A2 92 AA 92 B2
8F 82 0E CE 33 EF 0C E7 0F E7 12 E7 F2 E6 F2 E6
12 E7 F2 E6 F2 E6 12 E7 F2 E6 F2 E6 F2 E6 F2 E6
F2 E6 12 E7 B1 DE 0C E7 0F E7 F2 E6 F2 E6 12 E7
12 E7 F2 E6 12 E7 12 E7 F2 E6 F2 E6 12 E7 F2 E6
F2 E6 12 E7 F2 E6 0C EF 10 E7 F2 E6 12 E7 D1 DE
F2 E6 32 E7 EC D5 CD CB F0 9A 92 A2 B2 B2 B2 AA
91 A2 92 AA 91 8A B1 AA 92 9A 73 CA 91 9A 92 8A
92 CA 92 BA B0 92 D0 9A 10 9B 2B B4 F0 9A 52 A2
91 AA 31 9B B1 DE 2C EF 91 DE 32 B4 B2 E6 D1 AB
72 DE 91 B4 32 EF F2 E6 F2 E6 32 E7 71 B4 91 DE
AB CD 8F DE 32 AC EB E6 90 B4 32 D6 11 AC B2 DE
51 B4 B2 DE 12 C5 32 D6 11 AC 32 EF F2 E6 F2 E6
11 A3 91 92 4E 9B 4B AC 91 A2 72 A2 72 C2 91 92
91 92 91 92 92 B2 92 CA 93 DA 92 BA 93 DA 92 B2
93 F2 93 E2 93 EA 4F C3 8D 83 0D BC 08 B5 ED BB
13 A3 B3 BB 72 AB 12 A3 91 82 D2 7A B1 9A F1 9A
52 AB 52 AB 52 AB 10 AC 72 AB D1 B3 0D AB C1 FB
69 B4 6B B4 93 CA 73 D2 92 D2 92 A2 92 9A 92 CA
72 CA F3 CC 32 BC 73 D3 12 C4 53 BC 93 DA 73 B2
73 AA 6E AB F1 AA EB C3 0A AE 70 B5 EB AB B1 92
71 8A D4 A3 FF DF FF FF FF F7 FF FF D5 BC EE 92
F0 92 CC A3 E8 D5 4B CE E7 AC 2C B4 2B 94 4F BB
D0 BB 70 D4 10 BB 10 CB B0 C3 50 D3 30 C3 D0 AB
2F C3 0F BB F0 B2 F0 C2 F0 B2 F1 CA EC C3 E9 B4
45 EB C6 F5 29 E7 EF E6 F0 E6 F0 E6 F0 E6 F0 E6
F0 E6 F0 E6 F0 E6 F0 E6 F0 E6 F0 E6 F0 E6 F0 E6
F0 E6 EF E6 08 EF 2E E7 30 EE F0 BA F0 C2 F0 B2
F0 D2 F0 BA D1 E2 D0 B2 D0 CA F0 CA D1 E2 F0 B2
D1 E2 D1 F2 F0 C2 D1 E2 A9 C4 2B BC AD 9B 2E 9B
EF A2 F0 B2 0E AB 0D D6 30 EF 08 EF EF E6 F0 E6
F0 E6 F0 E6 F0 E6 F0 E6 F0 E6 F0 E6 F0 E6 F0 E6
F0 E6 F0 E6 F0 E6 F0 E6 EF E6 08 EF EE DE 90 B3
F1 EA F0 B2 F1 E2 F0 C2 F1 EA EF A2 F1 E2 F1 E2
F1 B2 4F E3 66 B5 6B A4 AC 9B 10 D3 F0 BA F0 A2
F0 BA F0 C2 EF 92 F0 AA EF 9A F0 BA D0 ED 2E E7
08 EF F0 E6 F0 E6 F0 E6 F0 E6 F0 E6 F0 E6 F0 E6
F0 E6 F0 E6 F0 E6 F0 E6 F0 E6 F0 E6 F0 E6 EF E6
08 E7 0E EF F0 CD B1 CA B2 F2 F0 C2 F1 D2 EC C3
47 BD EC BB 6D 9B F0 BA D0 BA EF A2 EF A2 F0 C2
F0 AA F0 AA EF A2 EF 9A EF 9A F0 AA F0 B2 F0 B2
0E 8B 4E D6 0F EF E8 E6 EF E6 F0 E6 F0 E6 F0 E6
F0 E6 F0 E6 F0 E6 F0 E6 F0 E6 F0 E6 F0 E6 F0 E6
F0 E6 F0 E6 CE E6 08 E7 EF E6 F0 E6 F0 E6 F0 E6
F0 E6 F0 E6 F0 E6 F0 E6 F0 E6 F0 E6 F0 E6 F0 E6
F0 E6 F0 E6 F0 E6 08 E7 EE E6 F0 E6 F0 E6 F0 E6
F0 E6 30 E7 6E CD 10 DB F0 B2 EF AA F0 BA F0 B2
EF AA F0 B2 EF 92 F0 BA F0 AA 10 CB EF 9A F0 9A
F0 CA 0F B3 F0 9A A9 C4 EC B3 4E A3 0F A3 F0 AA
EF B2 4F 9B AD E6 29 EF 90 DE 4F B4 90 DE 0F AC
70 DE F0 BC 10 E7 F0 E6 F0 E6 0F E7 A8 CD CE E6
4E C5 4E D6 AD BC E8 E6 8F B4 30 D6 6F B4 B0 E6
90 BC 90 DE 0F BD 30 D6 6F B4 30 EF F0 E6 B0 DE
AE AB A9 BC 6D 9B 6E 9B EF A2 F0 AA F0 C2 EF 9A
EF 9A EF 9A F0 BA F0 CA F0 DA F0 C2 F0 DA F0 D2
F1 EA F1 CA F1 D2 0C CC 47 B5 0C B4 89 9C 6A C4
70 AB D1 C3 90 B3 70 AB EF 92 30 8B 0F A3 30 A3
90 B3 90 B3 AF BB 08 A5 B0 AB 0F B4 E9 AB 00 FC
0A 94 0C AC 10 CB F0 D2 F0 D2 F0 AA F0 9A F0 CA
F0 CA 70 D4 50 BC 30 CC D0 C4 10 C5 71 DB 51 B3
31 AB C9 CC AB AC ED A3 6B A5 2A CE A8 BC 10 93
EF 92 13 AC FF E7 FF F7 FF FF FF FF BB AB F7 60
38 71 F8 68 78 A3 F4 B5 13 6A 94 9A 53 5A 38 A9
99 B0 5A E0 F9 B0 DA C0 99 B8 DA D0 F9 98 B9 98
77 89 77 99 18 71 F9 A8 F9 A8 FA C8 38 91 16 6A
A7 E2 0C FE 7A E7 39 EF 39 EF 39 EF 39 EF 39 EF
39 EF 39 EF 39 EF 39 EF 39 EF 39 EF 39 EF 39 EF
39 EF 39 EF 38 EF 79 E7 1A F6 F9 B0 DA B0 F9 98
FA D0 F9 A8 D6 D9 58 99 5A B9 39 B1 7A D9 39 99
7A D9 7B E9 5A B1 7B D9 B6 79 76 81 F5 69 F9 70
F8 80 FA A0 D6 A0 D5 DD 9A EF 38 EF 39 EF 39 EF
39 EF 39 EF 39 EF 39 EF 39 EF 39 EF 39 EF 39 EF
39 EF 39 EF 39 EF 39 EF 39 EF 59 EF F8 DE D8 99
FB F0 19 99 FA E8 F9 B0 FA F0 18 81 FA E0 1B E1
FA 98 78 D9 F1 6A D3 92 96 61 FA C8 19 C1 F9 A0
F9 A0 F9 B8 F8 68 F9 90 18 71 F9 A8 9A F5 99 E7
38 EF 39 EF 39 EF 39 EF 39 EF 39 EF 39 EF 39 EF
39 EF 39 EF 39 EF 39 EF 39 EF 39 EF 39 EF 39 EF
F7 E6 99 EF 16 C5 31 AA 54 F2 19 B1 1A D1 15 A2
F1 72 74 A2 18 71 1A B1 77 89 37 71 F9 88 19 B1
F9 90 F9 98 F8 80 F8 78 F8 78 18 91 19 99 F9 A0
36 61 56 D6 79 EF 38 EF 39 EF 39 EF 39 EF 39 EF
39 EF 39 EF 39 EF 39 EF 39 EF 39 EF 39 EF 39 EF
39 EF 39 EF 18 E7 38 EF 39 EF 39 EF 39 EF 39 EF
39 EF 39 EF 39 EF 39 EF 39 EF 39 EF 39 EF 39 EF
39 EF 39 EF 39 EF 58 EF 39 EF 39 EF 59 EF 18 E7
19 E7 B9 F7 79 BC FA D0 18 91 F8 88 F9 A8 F9 98
F8 88 F9 98 F8 68 19 A1 F9 98 39 C9 18 89 F9 98
19 B1 57 81 F9 80 77 81 96 81 D9 70 F8 78 F9 98
F8 98 96 79 F9 E6 79 EF 99 DE 38 9B B9 DE F8 92
99 DE 18 AC 79 EF 39 E7 39 EF 79 EF B7 A3 B9 DE
59 B4 DA E6 78 A3 D8 E6 B8 A3 39 D6 58 9B D9 E6
78 A3 B9 DE 78 B4 19 D6 78 A3 99 EF 39 EF 19 E7
D8 89 57 79 18 69 D8 68 F8 88 F9 90 FA B8 F8 78
F8 78 F8 78 F9 A8 FA C0 FA D8 F9 B0 1A D9 19 C1
FB F8 1A C1 FB D0 16 AA B2 6A B3 9A 93 6A 1A D1
D9 A8 DA D8 DA C8 F9 B0 F8 60 F9 58 F8 88 F9 90
D9 B8 F9 B8 DA C8 7C E8 D9 B8 DB E8 94 91 C1 FB
92 8A 15 7A 39 89 FA D0 FA D0 1A 91 1A A1 1A C9
1A C1 DA D8 D9 B8 DA D8 D9 B8 7A 70 3B D1 7A A1
5B 91 74 A2 D6 71 D5 81 D4 8C 98 BC 17 69 18 71
F8 68 99 92 FF FF FF FF DF FF FF FF 9F 8A 1F 48
1F 58 1E 48 7F 92 1C 9E 99 40 B9 91 78 39 3F 99
BF A0 DF D1 1F A0 5F B8 1F A9 7F C0 FF 90 5F 81
1F A0 1F A0 1F 58 1F A0 1F 90 1F C0 1F 78 7D 48
29 E2 30 FE BF EF 7F EF 7F EF 7F EF 7F EF 7F EF
7F EF 7F EF 7F EF 7F EF 7F EF 7F EF 7F EF 7F EF
7F EF 7F EF 5F EF BF EF 1F FE 1F 98 1D A0 1F 88
1F C8 1F 98 D5 C1 9C 80 9F A0 5F 90 DF C0 1F 78
9F C0 FF D0 5F A0 FF D0 3D 58 3C 58 FA 48 1F 50
1E 58 BB 70 3D 51 DD A6 9F FF 7F EF 7F EF 7F EF
7F EF 7F EF 7F EF 7F EF 7F EF 7F EF 7F EF 7F EF
7F EF 7F EF 7F EF 7F EF 7F EF 9F F7 3F DF 9F 88
1F F0 1F 88 1F E8 1F A8 1F F0 1F 60 1F F0 1F F0
1F A0 1F D8 B7 39 B9 89 7C 48 1F C8 1F B8 1F 90
1F 90 1F A8 1F 48 1F 88 1F 58 1F A0 7F FD FF EF
5F EF 7F EF 7F EF 7F EF 7F EF 7F EF 7F EF 7F EF
7F EF 7F EF 7F EF 7F EF 7F EF 7F EF 7F EF 7F EF
5F EF FF F7 FF BC DC 90 77 F9 1F B0 1F D8 9C 90
98 49 3A 91 1E 50 1F A8 1E 68 1E 48 1F 78 1F B0
1F 60 1F 78 1F 70 1F 58 1F 60 1F 78 1F 80 1F 90
1D 48 BE D6 BF F7 7F EF 7F EF 9F EF 9F EF 9F EF
9F EF 9F EF 9F EF 7F EF 9F EF 9F EF 9F EF 9F EF
7F EF 7F EF 3F E7 7F EF 7F EF 9F EF 9F EF 9F EF
9F EF 9F EF 9F EF 9F EF 9F EF 9F EF 9F EF 9F EF
7F EF 9F F7 9F EF 7F EF 7F EF 7F EF 7F EF 7F EF
7F EF FF F7 FF B3 1F D0 1F 80 1F 78 1F 98 1F 88
1F 78 1F 88 1F 48 1F 98 1F 88 1F D0 1F 70 1F 80
1F B0 1F 88 1F 70 1F 68 1D 60 1F 60 1E 60 1D 78
1F 80 7D 60 1F EF BF F7 BF DE 5F 8A DF E6 FF 81
9F DE 5F 9B DF F7 7F EF 7F EF BF F7 BF 92 BF DE
DF A3 9F DE 9F 8A FF E6 FF 92 3F D6 7F 8A FF E6
BF 92 DF E6 1F AC FF D5 7F 8A FF F7 7F EF 5F E7
9F 70 1F 58 1E 48 1E 50 1F 68 1E 78 1E B0 1F 60
1F 58 1F 60 1F 98 1F C0 1F D8 1F A8 1F D8 1F C0
1F F8 1F F0 1F F8 BC 90 58 41 99 89 B8 49 1F D0
1F 90 1F C8 1F C0 1F A0 1F 40 1F 38 1F 70 1F 88
1F 98 1F 80 1F C0 FA A0 1F A8 1F E8 3A 78 A2 FB
97 71 1A 61 1F A8 1F D0 1F C0 1F B8 1F 98 1F B8
1F B8 1F D8 1F B0 1F D8 1F B8 7F A8 3F E0 1F A8
1F E0 FA 78 3E 88 9A 78 79 74 DF AB 1F 40 1F 58
1F 48 5F 71 FF FF FF FF FF FF FF EF D4 AC D4 79
96 79 75 71 B6 9B 74 A6 71 6A 91 9B D1 6A 76 B1
B7 B2 B7 CB 37 B2 F7 BA 77 AC 17 BC 57 B9 B7 A2
58 A1 93 C2 B2 92 77 A9 97 B1 97 D1 96 99 94 6A
26 E3 CB F5 58 E7 16 E7 57 EF 37 EF 57 E7 37 EF
36 E7 36 E7 38 E7 37 E7 57 EF 37 E7 37 E7 37 E7
17 E7 57 EF 57 EF 57 EF D7 E6 B7 8A EF A2 B5 99
98 C9 97 A9 59 D9 77 A9 77 D1 38 B1 39 E9 F1 BA
15 EA 58 F1 77 C9 78 F9 F4 81 B6 91 53 7A 96 79
D5 81 52 8A 76 6B 97 AF F6 EE 17 E7 16 E7 37 E7
17 E7 37 E7 17 E7 37 E7 17 E7 37 E7 37 E7 17 E7
37 E7 17 E7 37 E7 17 E7 17 E7 37 EF F6 DE 56 A2
78 E9 96 99 98 E1 38 B1 D7 E9 10 A3 D7 E9 98 E1
97 B9 16 DA 30 6B 11 A3 33 72 98 C9 D5 C1 D4 A1
97 A1 97 B9 95 71 15 92 B6 81 12 8A B2 C5 57 EF
16 E7 37 E7 37 E7 37 EF 37 E7 57 EF 37 E7 37 E7
37 E7 57 EF 37 E7 57 EF 37 E7 37 E7 37 E7 56 EF
F7 E6 58 EF F4 CD 70 BB 73 AC D7 92 38 9B 93 83
50 6B F2 83 B5 79 B7 92 17 8A 76 79 16 82 D7 92
16 62 36 7A F6 81 76 79 77 79 F2 A2 30 93 14 7A
95 81 76 E5 57 E7 36 E7 B7 DE 97 DE 96 DE 76 D6
97 DE 77 DE 97 DE B7 DE 56 D6 96 DE 77 D6 B8 DE
32 EF 14 E7 F6 DE 16 E7 37 E7 96 DE 96 DE 77 DE
77 DE 76 DE B7 DE 16 CE 96 DE 57 D6 97 DE 16 D6
D7 DE B7 CD 97 DE 36 E7 17 E7 17 E7 17 E7 36 E7
16 D6 F6 DE D6 BC 77 D1 B6 99 96 91 B7 A9 B6 99
96 91 B6 99 95 71 97 A1 77 99 53 CA F1 AA B6 99
97 B9 96 99 97 81 B6 81 F4 81 96 81 D4 81 33 92
17 92 34 82 95 D6 97 EF 96 DE 96 A3 B7 DE F7 92
B5 DE 30 C5 56 EF 17 E7 16 E7 36 EF D6 AB 97 DE
96 B4 96 D6 B6 A3 D6 E6 F6 AB 37 D6 B6 A3 B6 DE
B6 A3 B7 DE 16 A4 33 D6 B2 BC 57 EF 36 EF B5 D6
34 82 96 81 D5 71 D5 79 96 89 54 82 D0 B2 95 81
96 81 96 81 97 A9 B7 C1 78 D1 38 A9 94 E2 B2 D2
B8 E9 B8 E1 B8 D9 94 A2 D1 72 11 9B 11 73 F6 C9
97 A1 98 C9 B7 C1 B7 A9 96 69 96 61 96 89 77 91
78 B1 B3 C2 93 D2 14 AA 97 B1 78 E9 F2 99 C1 FB
F0 7A 93 82 B7 D1 97 D1 77 C9 97 C3 D7 AA 17 BB
37 BB F7 D9 B8 B9 58 C3 F2 DA 74 DC D8 DB 98 C1
F8 EB 52 8B F5 92 52 8B D1 8C B6 B4 75 71 96 79
95 79 F1 AB FC FF FF EF FF F7 FF F7 F0 CD CC A3
33 82 12 82 F3 AB 11 B6 0E 73 8E 83 2F 7B 13 B3
34 B3 54 CC 94 BA 54 CA 94 BB F4 CA B4 B2 6F BC
F0 C2 F1 CA 4F A3 F4 B9 51 BA 13 DA 13 A2 D1 82
25 EB A9 FD 55 EF 73 F7 93 D5 34 DE D3 D5 14 D6
14 DE 54 E6 4F E6 B0 EE B3 D5 53 E6 33 F7 F3 F6
53 F7 93 D5 93 D5 33 DE F3 DC 94 B2 ED B2 32 AA
D4 D9 F3 B9 D4 E9 F4 B1 D4 D9 4F D3 91 F2 6E C3
52 F2 95 F9 F4 D1 B5 F9 91 8A 32 9A F0 8A 33 8A
52 92 10 9B D4 83 13 BF 73 F7 34 EF 34 EF 13 F7
53 EF 13 F7 33 EF 13 F7 33 F7 13 F7 13 F7 54 EF
13 F7 33 EF 13 F7 53 EF 13 F7 54 F7 F3 EE 13 AB
14 EA F4 A9 33 F2 6E D3 33 FA 8E AB F4 F1 B5 F1
F4 C9 33 E2 8E 7B 4F B3 B1 82 D5 D9 51 CA 70 B2
F4 B1 F4 C1 32 7A CF 8A 53 82 30 7B 2F D7 54 F7
33 F7 F3 F6 F3 F6 13 E7 F3 EE 53 DE F3 F6 93 E6
F3 F6 73 DE D3 F6 53 DE D3 EE 93 E6 D3 EE 74 DE
0F EF 6F F7 31 DE 6D B3 F0 9B 34 A3 75 AB B1 93
AE 7B 30 94 72 82 14 A3 B2 8A 32 82 93 92 14 A3
93 7A B3 8A 54 8A 6E A3 0F 93 4E 9B 4E 94 53 82
92 7A 90 CE 54 F7 93 F7 94 D5 93 CD 53 CD 13 C5
73 CD D4 BC 13 C5 D3 DD D3 C4 54 CD 0E DE 70 E6
4F CD 51 E6 74 FF 13 F7 93 FF 93 D5 73 CD F3 C4
13 C5 53 CD D3 DD 13 B4 B3 D5 73 BC 73 D5 B3 AB
33 DE AD BC 32 DE 94 F7 33 F7 33 F7 13 F7 73 F7
53 B4 B3 D5 74 D5 D3 D9 8F AA 14 83 93 83 53 83
F3 82 53 83 13 82 B3 83 EE 9C 6F 85 2C A4 B0 8B
D5 6C 94 7B 52 7B F1 7A 31 7B 53 82 B3 82 74 73
13 8A B2 7A CF 4D B4 64 95 4E 14 6C 73 57 EE 94
F2 5E 8F 85 95 3F 76 3F 95 47 D6 3F 74 6C 34 47
D2 64 F4 4E 54 6C 75 47 73 6C B4 4E 34 6C 35 47
34 64 B3 57 6E 94 52 66 6F 85 D0 5C 2E 73 ED 6B
32 82 71 82 32 82 72 82 52 82 F1 7A 51 7C 73 8A
73 82 73 82 B4 83 55 7C 10 8E 2F 95 91 95 2F 9D
F5 7D D4 7D F5 75 51 75 6F 7B 2F 75 EE 73 13 7D
D3 83 4E 7E 73 A3 F4 9A 32 82 93 92 53 8A AF AB
50 B4 F1 B3 2B CC 33 CA 33 B2 74 DA 70 A2 E1 F3
6E 7B 10 93 53 D2 34 DA 14 CA F4 BC D4 B5 34 B5
54 C3 D4 C4 CE CC 91 C6 0F CD B1 DC 35 D5 35 C4
F5 CD 90 93 12 A5 70 9C 0F 8D 13 AD 12 82 33 82
6E 9B AA CD FD EF FF E7 BE F7 FF FF 35 C5 6A B4
F4 81 B5 79 B5 A3 D2 B5 91 72 D2 92 F0 6A 95 B2
B6 B9 96 D9 76 B9 96 C9 96 C1 D5 D9 55 B2 EE D3
8A A4 33 82 B6 81 95 92 13 9B 36 A3 15 92 54 63
85 DB 4B AE AE A5 F1 A5 56 75 12 74 76 6D 11 83
52 75 56 66 4C 9E F0 86 37 65 76 66 96 5F 76 5F
B7 5F D6 6C F6 6C F6 65 96 65 54 74 95 7B F5 7A
96 74 56 7B F6 74 94 83 D6 74 0C AE 8F 86 F5 72
17 75 D7 75 36 7C B7 75 93 7A D4 7A F2 72 D5 79
75 7A 74 73 F4 81 91 7B F3 8A 74 75 B4 7D 16 67
B5 7C F6 66 56 75 95 6E 72 75 76 5F 76 5F 55 84
96 6E 56 75 17 67 55 84 F6 66 D6 75 F7 66 B3 72
F1 6C 95 7B 33 76 2A AE 15 6E F6 79 D7 65 B8 5E
B6 6C F5 65 8F 6B 90 5D 72 72 B6 6C 95 6C 95 73
75 73 36 6C B5 81 34 7B 54 7A 71 8B 6B BC 33 7D
76 86 35 77 D1 86 4C 7C 74 76 B5 7B D6 76 F6 7C
D6 76 15 7C D6 76 D5 7B 16 76 B6 7C B5 7E 33 83
AD 9D CB AD 54 74 B6 6B B6 6D 36 74 D7 74 93 6C
D0 6B 11 65 14 7A D6 73 94 6B 34 7A 95 7A 16 74
B5 6A 34 7B 55 82 4C AC 8E A3 16 72 F5 72 D4 81
95 72 70 6D 71 85 76 86 F1 74 94 94 D0 A4 54 7C
F6 63 50 94 8F 9C 96 6C 74 84 F3 8C 2C A6 2F 96
97 73 B6 74 B6 75 96 7D B6 75 B6 7C B6 74 16 74
36 7C 56 84 D6 74 95 7B B6 74 B6 7B 96 74 B4 83
55 7D CA B5 B3 85 96 7C 96 75 B6 75 B6 75 34 86
F6 7B 10 8D 10 84 F6 6C 15 73 B5 7A 75 7B 15 7B
95 7A 15 7B 13 82 B4 83 8A B5 52 93 16 72 14 7B
B4 6C 53 7B 54 7A F4 79 D3 72 D5 81 35 7A F5 72
B5 81 B5 7A 36 66 16 73 D4 65 33 74 AD 8D 4A B5
D4 56 55 64 73 57 74 4F B3 46 2D 5D 91 6B D0 63
F0 72 91 56 73 6B 8F 64 F3 7A CE 73 74 73 F5 65
B2 73 8C 7D 29 BD 50 64 15 5C 8F 5C 53 7A 91 73
F4 79 34 7A 51 6B 13 7A 14 7A B1 72 CD 73 14 82
B5 89 B5 81 F5 B1 15 C2 CF E3 4C DC B7 D1 B7 C1
F7 F1 F7 91 D7 E1 B3 BA F0 72 31 A3 30 7B 15 CA
D6 B1 34 DA B6 C9 B6 B1 B5 79 F4 A1 D5 89 AE C3
ED E3 77 B9 96 C9 B6 C9 14 A2 73 9A 31 9A C1 F3
0F 73 D2 8A F5 D1 D6 C1 B6 C1 76 CA 76 C2 36 BA
35 B2 55 DA 6B DC F0 E3 17 C2 97 CA F7 D2 37 C2
D7 DA 11 93 74 93 11 8C D0 94 D5 BC B4 71 D5 81
0B AC 30 C5 DF F7 BE F7 DF FF FF FF 38 B4 2A AC
ED AB 13 7A F2 AB F0 BD 0F 7B 50 9B 4F 7B 33 BA
53 BA 14 E2 D3 B3 B2 BB 72 AA CA C4 4D D4 75 A2
50 7B 70 83 93 8A 13 94 94 8B F1 8C 51 8B 51 6B
C4 DB A8 A5 74 55 F3 64 B4 5D 92 5D D3 5D B1 6C
6A 9E ED 86 B5 5C 14 5E 73 5D 34 56 34 47 14 4F
34 4F 91 6C 70 6C 71 5D 4E 6C 70 7B F4 6C D3 7B
D3 65 92 74 53 5E 09 B6 F0 76 95 64 B5 56 F3 73
D3 56 32 4F 72 65 93 47 31 7B 52 7B 70 7B 52 8A
F3 82 13 74 72 82 33 74 D1 73 F1 5D 89 A6 51 67
34 64 34 4F 14 5D 92 4E 2F 5D B4 47 93 47 30 73
D1 55 51 6C B3 4E D3 6B D4 4E D3 73 54 56 12 74
6D 6E C8 B5 13 57 B4 64 54 4F F2 82 B3 56 B0 4E
B4 5D 13 4F EE 73 2F 56 D0 82 B4 5D 73 65 33 74
33 74 33 65 52 8A 90 84 08 C5 D2 8A 32 73 D1 55
F4 64 94 47 54 47 91 56 71 56 30 7B 51 56 50 6C
93 4E 53 6C D4 4E 13 74 53 56 D3 64 2E 7F 2A AD
D4 64 94 64 D3 64 B3 6C 14 4F 53 65 14 56 70 65
2E 74 EF 5D 92 82 53 74 F3 7B B3 82 12 83 B3 74
52 83 ED A4 EA B4 34 7A 13 82 52 7B 93 7B 72 82
D2 82 D2 5D 71 73 11 6C 4E 5D 8F 7C 32 75 D1 74
94 64 71 84 D0 84 B4 5C 4A A6 0D 86 35 54 14 55
13 6C D4 5C B4 5D 94 65 B5 4D 90 5C 70 64 11 6C
11 6C 94 7C B3 54 93 6B 74 54 D3 6B 34 5C 8A A5
CF 6D F5 62 94 4C 93 6B D4 5C 35 45 F4 4C 90 6D
EF 73 AE 7C 0D 74 90 84 53 83 12 8B 93 8B 53 8B
12 8B B0 93 08 C5 B1 AB B3 82 F1 82 71 92 B1 92
33 AB B1 A2 53 92 52 8A B1 92 33 92 71 8A B1 8A
52 8A 93 92 94 C3 D3 9A D1 C3 48 D5 50 B3 54 82
74 A4 0F 94 8D A5 90 9D 71 7D EE 6C 8F 7B F1 82
51 82 2D 65 71 7B 90 7B 52 83 D1 82 D0 8B EC AD
28 BD 8D 7B 32 82 D0 92 32 93 50 7B 92 8A B3 92
71 82 92 8A 90 8B 91 82 D2 92 B2 9A 50 AB 72 8A
72 92 72 8A 8E BB CA DC 14 D2 14 BA 54 DA 33 D2
34 EA 34 82 34 EA 6D C3 4F 7B 8F AB 8E 83 73 D2
33 BA 35 E2 53 CA 73 BA 52 82 0C C4 2C BC 14 9A
34 C2 53 C2 B2 B2 53 C2 33 BA 34 BA 8F A2 E1 FB
8D 8B 30 93 73 D2 34 CA 53 CA 14 D2 53 BA 14 C2
4B DC 0D EC F5 B9 D4 D9 13 D2 14 DA F4 E1 14 BA
B4 E1 EF A2 92 A2 AF A2 2F 9D F2 BC 33 7A 2F 9B
C8 BC B5 A3 FF FF FF FF FF E7 FF EF 19 A4 EF 92
E9 C4 F3 81 D4 A3 F1 AD 2F 73 30 8C 0F 73 74 B3
F4 A3 95 CB 15 9C 6E C5 0A BD 92 83 13 A3 13 93
52 83 B3 93 34 82 72 93 34 8B 51 8C 8E 83 10 6B
A5 DB C6 B4 16 84 14 65 94 5D 36 5D 6B 9E EE A5
54 64 D4 74 D4 73 95 7C 35 5C B5 6C 75 45 55 75
75 8D B1 7B B0 73 50 6C 4E 83 53 8A 93 8B 93 82
55 7C AB AD 10 9E 74 8B D4 84 F4 83 35 85 54 83
2F 85 2F 6C D1 74 71 5D D1 7A D3 82 11 7B 13 82
B3 82 B2 83 F4 79 B2 7B 09 AE B1 7E B4 74 92 6E
13 74 36 56 95 6C B4 65 B1 6C B6 56 D4 4E F0 7A
50 65 CF 73 F1 65 B4 7B F5 4E B5 6B 74 56 0A AE
D2 66 72 7B F5 4E D4 64 35 47 B4 7A 34 56 EE 64
74 5D F4 4E AE 6B 2F 56 B1 7A 95 5D 54 65 14 6C
B5 63 B1 75 89 BC B3 7B 11 83 B3 7A 54 6C 15 4F
B4 64 95 47 55 4F B6 47 92 56 D0 7A F1 55 AF 73
73 56 34 6C D5 4E B5 63 F1 6E 4B A6 94 5E B3 7B
14 65 73 6C 94 64 74 6C B5 4E 14 65 D5 5D 0F 6D
EF 73 30 6D 53 82 B4 83 53 83 53 82 55 7A 6E A5
EC AC 14 83 F2 8A 53 82 13 82 F3 82 14 7B 13 82
93 82 54 75 94 8A B1 73 D0 64 8D 6C 91 75 6F 84
93 74 F7 6B 0D 9E 0D A6 F4 8B 74 7C 15 74 B5 84
B4 73 75 6C 36 6D 34 75 2E 8E 4F 64 10 7C D1 7B
F0 73 34 8C 8E 8C D4 7A 36 53 6B A5 70 8C D4 7A
B4 5B B4 6A 75 6B F5 92 94 9B 13 5C D6 5C D5 6C
6F 6B 10 84 0F 74 F0 7B D4 92 53 8A D4 8A 92 92
29 BD EE 9B 33 8A 34 93 D3 82 73 82 53 8A 93 82
95 B2 B3 8A 34 8A 33 82 B2 8A F4 89 B3 8A D3 8A
13 82 35 82 D3 C3 09 CD 93 BB F3 A2 15 AB 53 8A
35 C3 72 93 D5 9C 97 9C B0 A4 0E 75 50 73 D3 7A
32 82 EF 6B 33 82 52 7B D4 7A 32 8B A8 C5 91 B4
B2 92 D0 7A 53 8A 94 9A B2 9A D2 82 D2 8A F4 91
52 7A 33 8A 10 8B 91 7A D3 A2 74 A2 95 B2 B5 81
6E A3 8A BC 33 B2 53 A2 15 D2 14 BA 15 DA 15 CA
15 DA 15 8A F6 D9 F1 B2 2F 73 50 83 4F 83 54 C2
14 B2 F5 E1 B6 B9 8F CB 8A B4 33 A2 53 9A 14 A2
15 C2 F5 C1 34 B2 14 CA 14 B2 15 BA 50 9A 00 FC
AC 93 F1 8A 34 CA 15 DA F5 C9 D6 C9 4C D4 4E DC
54 BB 34 DA 34 C2 15 D3 75 CA 15 E2 15 EA 55 B2
75 DB 70 9B F3 AA 50 A3 EF 94 F3 BC D4 79 0D AC
6A B4 56 9B FF FF FF EF FF E7 FF EF 96 AC 91 8A
6B B4 EF 92 11 A4 EE A5 6D 83 0E 94 8D 83 71 AC
33 A4 EF CD E9 A4 8D 7C 31 AC 32 9B F0 93 AE 8B
92 9B 11 A4 B1 8A 2D 8D 90 8C 0F 84 AC 83 CE 73
A4 DB 45 B5 32 6D 0F 94 A9 B5 EC CC CB AC B1 8C
92 6C F2 74 32 8C D2 7C 72 6C F2 74 93 65 73 75
B3 7D 2F 8C 2E 7C AE 74 EF 8B F2 8A EE 7B A8 A4
B0 7E B0 84 91 6E 52 74 32 66 12 75 D2 5E 72 7C
50 6D 11 7C B3 6D 32 75 50 83 91 83 4F 83 B0 8A
F2 82 F1 83 2A B4 4B 9C 6F 8C 12 7E 72 84 11 7E
30 84 F1 6D 92 84 B0 7D 4E 7C 33 76 32 6E 6E 83
2E 75 2D 84 AF 7D 93 83 71 76 4B AD 51 7E 8F 8C
71 6E 72 83 72 6E D2 7C B2 66 11 8B 31 6E 2E 75
52 75 71 6E 0C 7C ED 6D 2F 8B 72 75 13 6D 50 84
6B A5 10 85 0F 9B B0 83 12 7C 91 83 51 7C F3 5E
F2 74 73 57 53 57 53 57 90 66 4E 83 0F 66 2D 7C
71 66 53 6C 0F 77 6B A5 51 6E 50 7D 93 5E D2 7B
52 75 4D 7C 8E 74 D2 74 B2 5E 31 75 D2 6D 6F 6D
4D 7C AE 6D F0 8A D3 74 90 73 AC 9B 0C A5 71 75
30 8C F2 7B 51 83 F1 8A 91 92 71 83 D1 83 B1 8A
51 83 32 66 90 92 6F 7C 8E 6D CD 74 51 6D 0F 7B
AA 95 4D 8E 70 7D D1 7D D2 7C 52 7D 32 7D D2 75
B2 7C 72 75 53 76 52 6E B0 76 EE 74 AE 7C 6F 84
8E 7C 12 7D 92 75 6D A5 6E 86 10 7D F1 75 32 7C
53 6E 31 7C 12 6E F2 74 D0 6D 4D 75 53 5F 52 5F
2D 7C 4E 6D CD 74 2E 75 F3 7B 91 8A 09 A5 2B 94
CF 93 D1 93 71 8A 12 84 12 84 91 8B 51 83 F2 7B
32 75 F1 83 31 8B B0 8A B0 83 B1 92 B1 83 B2 73
91 92 EB A4 50 6F 30 8C 52 66 72 7C 92 6D 31 8B
D2 5E D0 7C 8F 67 B2 47 92 56 8F 6D CE 7B 50 83
CF 8A B1 74 52 8A 90 84 6B A5 AF 8B AD 8B D0 6D
90 83 ED 7B D1 92 91 93 92 93 90 9B 4F 9B B1 92
B0 8A 6E 83 CB 84 2F 8B F1 A3 13 93 30 AC 4B B4
0F 93 2F A3 92 C2 72 9A 92 D2 92 BA 92 DA 92 CA
93 CA 92 92 93 CA 30 AB 8D 83 CD 8B CD 93 B2 BA
73 B2 8F EB 0C D4 D1 B2 0F 9B 71 A2 91 9A 91 AA
B1 BA B1 BA 72 C2 92 CA 91 BA 92 BA CE A2 E1 FB
8D A3 6E 93 92 B2 53 D2 AE DB ED DB F1 BA F1 C3
72 BC F2 D2 D2 BB 52 C5 92 C4 52 CA 53 DA 13 C4
53 E6 0E 9C 30 A5 4E 9D ED 94 32 AD 90 8A AA BC
0E 93 B5 A3 FF FF FF E7 FF FF FF FF 77 BC 13 7A
0D AC AD A3 B4 A3 F0 B5 EF 7A 10 9B 10 73 B1 C2
2F CB D0 EA 0E C4 D4 AA 14 C2 13 AA 14 C2 14 BA
13 9A 13 AA 32 7A 95 DB 54 CA F5 C9 0F 8B 6F 6B
84 DB 65 C4 8C B4 D1 DA D1 C2 AC 8B 90 B2 34 82
34 5A 14 9A 34 CA 34 92 34 5A 34 92 34 92 34 72
34 72 F0 92 2F 83 30 7B D1 92 EF A2 11 DB 6F D3
D1 E2 F4 B1 14 E2 33 B2 14 BA 14 C2 14 EA 33 B2
34 D2 33 AA 14 D2 34 CA 91 8A D0 92 52 8A F0 7A
6F AB 10 AB CD A3 91 AB B4 A2 74 9B 13 9B 75 AB
11 9B 4C 8E 33 84 71 6E F4 7C D5 7D D3 6D 2F 83
D0 7C 90 73 12 75 4F 9C 72 95 CD A4 13 8D 73 83
90 8D F3 8A 34 8D D4 8B 54 85 93 82 D1 7D 33 7D
54 8C 33 85 CE 73 2F 75 72 7A B0 8C 4C 9D D2 8B
0D A5 13 8C 92 7A 10 7C 53 7B 13 83 F3 7B 74 66
93 74 F5 5E F3 5E 54 5F 31 66 0F 7B B0 5D AF 6B
52 66 CF 94 91 76 0D 95 D4 65 94 6C 54 5E 10 7B
CE 73 D4 65 F4 65 13 74 73 66 D3 65 34 66 51 65
8E 7B ED 73 93 7A 91 84 90 94 30 93 AD 9C B3 6C
13 73 73 73 D3 7A 73 82 12 82 F3 7A 53 73 32 82
D3 7A B4 65 13 8A EF 73 ED 5C 6F 64 2F 84 F0 8B
6F 94 4B 8D B3 6C 74 55 D4 6C 54 6D 14 65 F4 5D
73 74 94 65 D5 66 94 66 B5 56 CF 5C AF 64 30 6C
30 64 B0 85 D2 75 0F 8D 70 6E 54 5C 94 65 13 74
54 56 D3 73 14 4E D3 64 52 5E F0 63 94 5E F1 65
30 7A 8F 74 0E 6C 10 74 CF 9B AF 92 ED A3 70 94
92 73 31 7B 53 8A 32 8A F3 8A 93 8A 73 82 D3 82
94 93 B2 8A 73 82 72 82 F1 82 34 82 32 8A 6D A3
B1 92 ED B3 B2 AC D4 82 15 94 53 8B D4 93 93 8A
B4 9C 93 93 F4 9C F2 9B 52 93 92 84 4F 83 91 8A
33 7A CF 8A 2E 9B 51 9B 4D B4 50 8A 33 8A 74 94
33 8B 54 8B 93 8A 33 8B 33 8B F2 8A AF 82 32 82
32 82 30 83 10 9C 91 7A 72 BB AF B3 12 AB CD AB
33 92 14 9A 33 BA 34 C2 34 D2 33 BA 34 E2 34 CA
35 CA 34 8A 35 D2 F1 BA 4F 7B 50 93 2F 83 D1 CA
10 CB D1 EA 8E DB F4 B1 13 82 33 A2 33 92 13 B2
10 7B 52 83 8D B3 2C C3 14 BA 14 C2 70 A2 E1 FB
4E 9B F1 8A 50 DB 11 DB 30 DB 8F DB 14 D2 F4 BB
F4 BB 74 D3 74 C2 14 BC 94 BA B4 C3 F5 CB 14 CB
B5 E4 10 94 72 AB F0 9B EF 9C D4 B4 0F 93 CA BC
52 82 76 A3 FF FF FF EF FF FF FF FF 78 B4 F3 79
92 8A 0B AC 51 B4 D1 B5 0F 73 8F 93 6E 93 F1 BA
4F CB D5 D9 B4 A9 F3 B1 34 BA 73 A2 34 BA 34 B2
33 A2 34 AA 33 7A D4 D9 14 CA 4E B3 6E 7B F0 6A
85 DB 86 CC 32 AC 0F B4 95 B3 76 73 35 A3 14 93
95 83 D5 8B 34 B3 54 9B 54 63 75 8B 14 8C CE A4
14 94 B1 73 D1 93 4D 94 AF 93 D0 AB B0 B4 15 AB
55 A3 34 93 94 B3 D4 9A 94 93 14 9B B5 B3 B3 92
92 8B D4 A2 70 8B 92 A2 72 92 33 92 2F 9B 4F 8B
6F AB D1 B2 D4 81 34 AA 54 B2 95 BA 54 B2 55 A2
54 AA 75 92 54 A2 55 EA 74 8A 95 BA D4 E2 10 7B
31 AB 0D A4 31 9B 6F AB F3 AA F5 99 74 C2 54 AA
D2 DA 53 9A 95 DA 54 BA 95 D2 33 82 55 DA 74 CA
74 C2 D3 CA 8E 7B AF A3 8E 93 B3 CA 8F D3 B0 AA
F2 92 14 9B B2 8A 74 93 D3 8A B3 8A F4 92 36 A4
54 9B B5 84 93 94 70 7C 71 65 F0 7A B0 65 6C 84
12 6E CF 9C 15 66 75 6B 95 55 74 74 D5 65 F4 73
75 5D 14 65 74 65 F4 7B F4 6D 94 6D F5 6D 10 6D
6E 73 EE 74 70 8B 92 84 2F 8D B5 8B 54 82 94 9C
D4 A3 B5 AC 54 AC D4 A3 D4 AB 14 AC 34 AC 14 9B
F4 AB 15 AD 34 AC 74 A3 6F A4 AE 8C 11 AD 0F B5
35 A4 F5 94 14 95 B5 AC F5 AC F5 9C D5 B4 35 AD
94 A4 55 95 95 9D 55 A5 55 A5 F4 A4 F5 AC D0 9C
B1 9C 51 BD B1 A5 76 AC 35 95 94 AC 55 B4 B5 B4
F5 AC 75 B4 F5 AC 95 A4 54 9D B5 9C 75 9D F5 B4
F4 AB 93 A4 10 BD D2 BC 50 CD D1 BC 56 B4 75 B4
94 BC 94 BC B5 BC 75 BC 35 BC 75 BC F4 B3 F5 BB
D5 CB 35 BC 35 B4 74 9B F3 AB 2F A3 72 82 8E 9B
51 8A F4 81 35 BB 72 8A 2B C4 B2 92 B5 A2 72 92
F2 94 B4 83 95 8D D5 8C 15 84 92 84 10 7B F3 A3
EF A3 91 B4 6F CD 75 BC 56 B4 95 BC B5 BC 75 C4
B5 C4 35 BC 55 B4 95 C4 55 B4 B5 B4 75 B4 34 AC
94 A3 32 8B CF A4 8D 93 52 A4 2E AC 74 8B 53 72
91 82 52 9A 33 BA 14 B2 14 DA 14 AA 14 CA 14 CA
15 C2 35 92 15 D2 F1 92 4E 73 69 94 2D 9C D1 AB
D0 B3 F5 C2 95 AA B4 A2 33 82 73 92 53 8A 73 9A
33 92 94 A2 F3 AA 13 B3 B4 A2 B4 A2 8F 9A C1 FB
CC AB 8E 9B 30 DB 30 E3 F5 C9 F5 C9 34 AA F4 C9
D4 B9 14 AA 14 CA D4 B9 34 BA 94 CA B5 B2 75 CA
D5 F1 F0 9A 72 8A 2E A3 AD AD F3 BC EC AB F0 9A
F3 79 76 A3 FF FF FF FF FF FF FF FF 19 AC 94 71
B6 79 EC AB 6F C5 D4 A5 F1 6A 0F AD C9 B4 B6 AA
B7 AA 57 D3 75 A2 B6 A2 D6 B9 F6 99 B6 B9 B6 A9
B5 99 B6 A1 B6 8A 17 D3 57 C3 54 B3 36 AC 95 8B
E6 EB 07 E5 78 A4 37 AC B7 BC B7 B4 B7 B4 77 B4
97 B4 D7 AC B8 B4 D8 B4 D7 B4 D7 B4 F7 AC B7 A4
17 B5 55 9C D7 AB CE CD 0E C5 B8 A3 17 C3 B6 AB
76 BA 97 B3 37 D2 D6 A1 F7 A9 F7 A9 57 D2 F6 99
17 BA 54 8A B3 8A D6 A9 33 8A 96 91 4B BC ED A3
57 81 96 A1 D4 79 33 A2 B5 B1 57 D9 D5 B9 94 8B
36 92 17 A3 76 8A 17 C3 D6 8A 37 B3 76 C3 B1 72
53 93 49 C5 12 9C D7 81 F7 A2 35 92 D7 AA 36 9A
F7 BA F5 89 17 B3 76 9A 17 B3 D5 79 F7 BA D7 B2
97 AA 55 B3 50 6B 10 9C 09 BD 15 B3 58 A2 55 9A
B4 92 B6 92 14 7A 32 7B B6 7A 76 7A 73 7B 31 76
95 83 97 65 33 74 B1 8B D0 75 92 6A 50 75 A7 AD
F5 74 F7 6A 17 6D F5 6A B6 5C 96 63 D7 64 F4 73
D1 6D 36 5C 77 64 16 7B D7 74 56 6C 97 84 33 74
10 63 AE 8C 8B B4 57 73 B5 72 35 93 16 A4 97 9C
57 B4 56 AC 77 B4 17 AC 57 B4 37 B4 37 BC 37 B4
17 B4 56 A4 D6 AB 17 AC EE B5 ED CD 98 A4 98 BC
D7 B4 97 C4 77 C4 B7 BC B7 B4 57 C4 97 BC 77 C4
97 BC 77 C4 97 BC D7 B4 57 C4 97 BC 98 B4 EF C5
91 D5 78 B4 D8 B4 F7 BC B8 C4 98 BC B7 B4 B7 BC
97 BC 57 B4 77 BC B7 B4 D7 AC B7 B4 D7 B4 B7 B4
57 AC 78 BC 0C DE 90 C5 78 AC 77 BC D7 BC D7 B4
B7 B4 D7 B4 97 BC B7 BC D7 B4 B7 B4 37 AC B7 B4
97 B4 77 AC 96 A3 76 9B D5 AB EA C4 F2 92 37 7A
96 92 56 9B 77 94 36 93 EE A4 B4 83 F7 83 35 82
B7 9C 76 93 D7 94 37 94 57 8B 14 7C D2 6A B2 82
69 CD D1 9B 97 A3 17 AC 37 B4 37 B4 37 B4 37 AC
76 B4 75 AC 17 AC 57 B4 57 AC 57 AC 57 AC 17 AC
95 9B B6 9B F0 B4 28 B5 35 AB 17 92 B6 9A 14 92
14 9A D4 89 B6 B9 B6 89 B7 D1 B6 99 B7 B9 B6 D1
B7 A1 B7 91 B7 D9 93 52 F0 72 6B BC 68 BD B6 A2
17 9A D7 C2 96 AA 36 9A B5 79 F5 89 D5 81 16 92
D5 81 36 9A 56 AA 77 AA 56 A2 36 92 70 82 A2 FB
8A CC CB BC 97 C9 97 D1 B6 C9 B6 C9 B6 79 16 C2
96 BA B7 C9 96 C9 F7 B9 96 B1 97 B1 97 B1 77 C1
17 F2 12 9B 15 6A 0C BC 6B CE 33 C5 6A B4 F5 81
95 79 17 9B FF FF FF F7 FF FF FF FF B6 BC B0 8A
D1 92 6D 9B E8 D5 6C C6 C6 B5 70 9C 2E 8B F0 B3
F1 B4 B1 D4 B1 AB 91 AC B1 C2 B0 AA D1 C2 D1 BA
D0 AA B0 B2 30 9B F1 C3 10 BC 32 BC 0C C5 0A D6
04 EC 67 DC F2 BC F1 BC D2 C4 32 B5 F2 BC D2 B4
D2 B4 D2 BC 90 BC 30 B4 F2 9B F2 9B D2 BB 92 AB
D2 BB 4B BD 2A CD F0 B3 30 AC F1 AB D1 E2 51 C3
91 D2 52 BB 0E D3 4E B3 2F A4 4E BB 92 DA B0 9A
B1 CA D0 A2 D1 C2 B1 B2 E8 C4 4B C4 D0 92 4E 8B
D1 A2 B0 B2 D0 92 0F 9C 90 A3 F2 AB 91 AB 50 9C
51 A3 32 9C 91 93 12 BC F1 A3 52 BC 71 BC 86 BD
EC A4 AE 8B 4F 94 51 9B 31 BC 31 9B F1 AB 51 A3
11 B4 10 9B 32 A4 91 9B 32 B4 F0 8A 12 B4 10 B4
10 AC 70 B4 C6 C5 2B AD 0F 8B B2 B3 B1 AB 51 A3
31 A3 71 AB D0 92 71 A3 30 9B 11 9B CD 9B CB 9D
71 AB 72 9C D1 A3 AB 9B 87 B5 47 BD 4E A4 CF 93
31 BC D1 B3 12 C4 F1 AB 2F B4 11 A4 32 B4 CF A4
4C B5 11 AC F2 AB D1 B3 31 BC 51 94 B2 AC ED BC
A6 BD 4D 94 10 8B B0 93 0F 9B F0 9A F0 9B 30 94
F0 9B 30 A4 B0 A3 B1 A3 91 A3 91 A3 EF A3 91 A3
F0 A3 F1 8C EB C4 6A C6 2F 85 10 9D B1 9C 51 AC
31 AC 52 9D 52 9D 92 95 51 9D 51 A5 12 9D 72 A5
F1 A4 52 9D D2 9D D2 9D B2 95 EB BD 2A C6 D0 9C
70 AC 71 BC 72 AC 32 A4 8F AC 2F C5 92 CC 31 BC
B2 CC 92 C4 72 AC D2 BC 92 C4 B2 B4 F2 BC 91 AC
C9 D5 AB C5 6F 94 4F AC D1 AB 90 A3 B1 AB D2 B3
D1 AB 11 BC 91 A3 B1 A3 D1 AB B1 AB B1 AB D1 AB
8E AC F1 A3 71 A3 C9 D5 AD BC F2 AB F1 A3 31 A4
D0 AC B1 B4 10 B5 72 B4 11 B5 D1 AC 12 B5 91 A3
32 B5 72 B4 D3 AC B1 A4 11 9C ED 8C C6 BD 6E 9B
F0 8A 50 93 D0 92 B1 9B 71 9B 10 9B 10 9B 91 9B
B0 9B EF A3 30 9B 91 9B B1 9B 91 9B F1 A3 11 93
6F AB 87 D5 CD BB 2E 8B 71 DA 91 BA 71 CA B1 B2
B1 C2 B0 9A B1 C2 B1 9A B1 D2 B1 BA B1 DA B1 D2
B2 D2 B2 B2 92 DA ED A3 86 C5 AE AB CC 8B D1 C2
B1 BA 91 E2 B1 CA B1 BA D0 92 B0 AA B0 9A B1 B2
B0 9A B1 BA B1 CA 91 D2 B1 C2 B2 B2 CA AB 20 FC
AC A3 8E 93 F1 D2 D1 D2 D1 CA D1 CA D1 92 71 C3
51 BC F1 DA 91 C3 51 C4 F1 BB 91 CA 92 DA D2 D3
92 E4 09 CD AA C5 AE A3 0D 95 6A CE 49 B4 D1 92
B0 8A F3 AB FF FF FF E7 DF F7 FF F7 3D 9B 5B 58
7B 60 9A 58 59 A3 D7 AD 93 5A 5A 7A 37 51 3B A1
BD A8 DE E0 9C 90 BC 98 7D B0 FC 88 3D B0 5C A0
5C 88 5C 98 3B 58 1D A8 3D B8 3D A9 D4 59 77 62
28 E3 68 BB 1E A9 FD B8 5E D0 7D 91 1D 81 1D 89
7D 71 DE 98 5B C8 3C 40 1D 20 1D 08 1E 48 1E C8
1E D8 B6 49 35 82 B6 81 77 69 1B 70 7D B8 3D A8
7D C0 3D 78 1A B1 38 99 D5 93 F9 89 1E B2 1C 79
7D 99 DC 78 5D 89 1C 81 B8 79 57 69 DA 60 77 51
7B 68 9C 88 5B 58 B8 5A 9B 79 FE B9 5D 91 FE A1
1C 99 FE 41 5D 51 FE C1 BD 89 3E C2 7C BA 34 62
B7 5A 16 5A 7A 82 FD 80 FE B9 FC 78 BD 99 1C 89
DE B1 9C 78 BE A9 1D 89 DE B9 9B 60 BE B9 39 AA
F4 92 1C B2 F2 62 35 83 19 59 F9 A9 5C A1 DD 88
DC 88 FD 98 9A 68 79 89 9C 80 9C 78 9D 88 1F D1
59 99 DD D1 3D A9 79 79 99 82 D9 9B 3C B3 5E A3
9E C3 1E BC BE B3 5E BC DF BB 1E BC 9E B3 DE B3
BF BB 1E BC BE BB 9E B3 FF BB 9D 92 DE A3 F8 9A
B2 5A 76 62 BB 68 DC 78 7A 58 5B 58 9B 70 5B 89
BC 70 DC 78 5B 60 1B 60 1B 58 3B 60 FA 90 1B 58
9B 68 DD 89 99 60 7A 79 39 6A 75 5A FB 70 9C 70
7C 68 BA 79 DB 81 1E 92 FB 99 BB 21 5D 11 BE A1
1C 99 9D 71 FE B9 DE 91 FE 01 B5 2A B4 62 D8 61
B6 41 9D 80 9D 28 7C 48 9B 28 5A 61 FD 90 5C 78
9E 71 FC 90 DD 28 9D 71 FE 50 1D 69 DE C1 FD 70
BA 69 79 8A 94 42 B7 81 3C 90 3B 58 3B 80 B9 A0
3B 80 3D C8 1B 58 1B 68 3C 90 3C 80 3B 70 5B 88
57 79 9C 78 3B 60 F8 68 18 69 7D 81 DB 60 FC 68
5D A2 7C 81 1D C2 BD 89 FE B9 BD 81 FD 99 3C 81
FE B9 5A 9A B7 D2 9E B9 1D A1 18 7A 54 6A 9C 78
B9 50 DB 70 5B 60 DC 88 BC 78 7B 68 5B 68 DC 88
DC 80 DD 88 7B 68 DC 88 FC 80 DC 80 3D 91 7C 68
9A 78 35 7A 76 92 57 51 7A A1 9D 90 DD A8 7C 88
F8 90 39 59 F8 79 BD 68 DD B0 9D A8 DD C0 9D B8
BE F0 DE 98 BE C8 16 6A 73 72 F6 91 15 62 5C B8
1D A0 1E E0 1D C8 1C A8 5B 60 3C 88 5C 70 3C 90
5B 70 3C A0 3D B8 3D C0 3C A8 3D A0 16 81 C1 FB
14 6A 97 71 5C D0 1D D8 3D C8 3D C8 3D C0 FD B9
9D B2 9D D1 7D B1 1D CB 1D C2 FD C8 FE C8 1E CA
1E F4 D5 8A 79 93 D8 7A 55 6C B9 A4 D9 68 7B 60
5B 58 1C 82 FF FF FF E7 DF FF FF FF BF 92 1E 48
1E 58 1E 48 7F 92 BA A5 F8 40 5D 80 FA 48 3E A0
1F A8 1F E0 1F 90 1F 98 1F A8 1F 88 1F A8 1F 98
1E 80 1F 88 1E 48 7C 70 5E 88 1F A0 58 49 FA 30
89 DA CA AB 3F 78 3E 90 1B 89 1F 78 1F 80 1F 70
1F 60 1F 18 1F 78 1F 50 1F 28 1F 00 1F 28 1F D0
1F 78 FB 38 59 69 59 81 16 3A 7B 58 7F 89 FF 80
3F 89 BF 58 7F 91 7F 80 3F 91 DF 88 BF A1 3F 70
FF 90 5F 70 BF 88 9F 80 9C 58 1F 68 1D 58 79 51
5E 60 1D 61 1D 50 1B 52 9D 61 1F 83 DF 71 3F 5B
5F 71 3F 2B 9F 39 FF 8A 7F 6A 9F 83 DF 83 19 41
FA 52 F8 49 5C 5B FF 68 3F 83 FF 60 BF 7A 3F 69
5E 83 FD 58 1F 64 3F 62 5F 5C 1F 50 BF 63 5F 63
BF 62 3E 5C 17 3A 38 44 BB 48 3D 63 3D 53 3D 4A
FF 51 BF 4A 1D 50 B8 3B 1E 4A DD 50 5E 42 BF 35
3C 43 9F 36 3F 44 FF 52 D9 42 FB 59 FC 34 19 53
9F 3D 5F 5B 1F 36 1F 5B 5F 3D DE 5B 9E 5C 9F 6A
3F 74 9F 5B DF 5B DE 71 5C 73 9F 63 DF 7B 1B 53
B7 39 78 4A 7D 58 DF 60 1E 58 1E 58 3D 50 9A 41
5F 51 9F 51 3E 50 1E 58 1E 58 1E 50 5F 4B 1D 58
FE 50 9F 4B 1E 50 9D 58 57 52 F9 42 7E 59 DE 58
BF 58 5B 51 BD 52 BF 5B DF 5A 9F 1B 5F 13 3F 4C
9F 52 DF 3B 3F 4D FE 35 FF 0D 79 23 39 2B DA 3A
19 2B FF 2B BF 14 FC 42 FF 12 DF 31 DF 3A 7F 49
5F 1B 3F 61 5F 03 DF 29 1F 13 9B 49 DF 7B 5F 51
1E 40 3F 61 B7 42 D9 52 1F 61 1E 50 DE 60 1C 62
FE 60 BF 6A 1E 58 1E 58 3F 61 9F 60 BF 48 9E 51
5D 48 DD 51 1E 58 1D 50 5C 49 1E 50 1D 50 7E 51
BC 52 5D 50 3F 4D 5F 51 1F 4C 1F 4A 3F 4B 7E 50
5E 45 BD 42 3C 4E 7F 4C FF 42 5C 3B 7A 39 3F 58
1B 50 3D 51 1E 58 FF 51 3E 51 5E 50 3E 50 FE 49
BE 51 1F 52 5E 58 BF 51 BF 51 BF 51 FD 51 1D 58
1E 51 3A 41 F5 42 59 41 5A 44 7F 59 9F 5A 5C 51
97 5A DF 48 FF 81 5F 49 FF 89 3F 61 FF 61 5F 72
BF 3B 9F 2B BF 73 9A 33 78 49 38 5B 37 4A 1F 7A
FF 60 1F 72 7F 89 FF 70 1D 50 9E 68 1D 60 5D 70
1E 60 5F 80 BF 90 DF 98 9F 88 7F 80 79 70 E2 FB
36 5A 9A 59 5F A1 1F A9 FF 98 FF A0 FF A0 1F 99
FF 98 3F A9 7F 90 3F A9 9F 98 1F 7A BF 7A DF 99
DF C1 BB 61 D7 61 73 4A 39 84 FE AB 1E 48 1E 58
1E 50 7F 79 FF FF FF FF FF FF FF FF 52 C5 52 82
B6 79 95 71 95 A3 F2 B5 91 72 14 9A 92 72 55 A3
17 B2 B7 DA B6 A1 D6 A9 F6 A2 16 9A F6 B2 16 A3
97 91 11 C3 2F 9B 14 7A 55 92 36 A2 D1 72 B3 62
46 E3 27 B4 57 82 36 A2 D3 82 B7 89 B7 A1 B7 A9
B7 91 B7 39 97 79 97 B1 AF AB D3 62 97 61 B7 C9
B7 69 93 72 D1 82 B2 7A 4F 63 72 72 D7 AA 76 A2
B7 82 56 7A F7 9A 56 92 F7 92 77 9A 17 A3 2E AC
73 B3 16 82 13 83 56 92 54 82 F5 89 F4 79 D3 82
F6 91 56 92 D5 81 75 8A 76 92 F7 BA 96 A2 17 9B
37 9A 76 7B AE 9C 75 C3 B7 AA 38 C3 76 BB B1 72
73 8B 11 7B 74 93 36 92 17 BB 16 92 D7 B2 36 9A
35 BB 54 8A D7 A3 B7 92 74 A4 0D A4 76 94 F7 8B
B7 8B 96 84 70 6B B1 74 53 72 78 8B B5 83 35 7B
F6 7A 76 7B B5 79 D2 73 55 73 F6 72 77 6B 74 76
AF 8D 14 7E 15 84 72 6B 30 6B 91 6A 31 65 50 63
56 4D 94 6B 54 5E 36 6B 94 5D D6 6B 37 65 96 6B
37 6D 57 54 D3 6D CD 94 90 65 73 5D B7 5D D2 64
30 6B 11 64 55 72 15 73 95 79 95 79 D5 79 56 6B
16 6B 35 6B 15 7A 95 79 96 79 2F 9B B1 75 B6 79
D5 72 37 55 B5 79 D5 79 B1 6A D1 54 75 63 D6 6A
B5 72 D6 63 57 55 37 46 56 55 F7 4D B7 4D 98 3E
EF 85 D3 5E B7 37 B7 37 D7 37 F2 54 D1 54 53 5C
52 5C B6 4D 57 46 56 5C 37 4E B6 5C F7 4D 16 64
F7 46 D7 5B 77 4E 0F 8E D4 5E 94 54 76 47 F6 63
B5 79 D5 6B 50 5C 71 64 16 73 95 79 B6 7A 96 73
B6 72 B7 6C B5 79 15 7A F7 72 D5 7A 2E A4 D5 82
16 7A F5 7A B5 79 B5 79 D3 72 F5 79 B5 79 D5 7A
34 65 D4 72 95 75 D6 7A D7 74 95 7B 75 7C F7 71
2F 86 CE AC 57 8D D4 84 97 5B F4 63 F2 6A F6 81
F4 71 75 7A 95 79 F6 82 76 82 15 7A D6 79 F3 72
94 8A 36 9A 96 79 F3 A2 EF BB 16 8A F3 71 95 79
94 7A 73 72 51 7B D1 72 74 A3 56 92 B7 9A 93 82
4F CB B7 81 F7 A9 D6 69 D7 A9 B7 A1 52 C3 6D BC
73 6B 92 93 D7 BA 34 73 F1 72 D1 8B 50 73 17 A3
76 8A 37 8B 97 AA 56 9A B5 79 34 8A D5 81 D5 91
97 81 51 BB 12 CB F7 B9 F6 A9 D7 A1 12 92 E1 FB
10 93 D2 82 36 C2 F7 C9 F7 B9 F7 C1 F7 B9 F7 B9
F6 B9 37 CA 37 B2 F7 C9 EF D3 F3 BA F7 A1 17 BA
37 E2 D2 92 B3 72 D0 82 F1 94 B5 B4 B5 71 B5 79
F4 81 AD BC FB FF FF FF FF FF FF EF 92 BD 0E 9B
72 8A 71 8A 12 A4 CD A5 4E 83 D1 A2 2F 83 4E 83
F2 BA 53 D4 D2 AA 12 AC 52 B4 32 A3 13 BA D0 B3
F0 AA 4F BB 6E 9B 53 B2 B1 AA 0F 93 4E 8B 4F 7B
65 EB 05 BC 53 A2 33 CA 14 9A 73 9A 73 AA 73 AA
53 B2 53 52 10 AB D1 DA 8E BB 10 9B 73 A2 73 CA
73 82 2F 83 6E 8B 8E 7B 2F 83 52 AA 53 D2 53 C2
53 8A 52 9A 53 BA 33 AA 53 CA 10 CB 92 D2 8E BB
F0 CA 92 9A EF A2 71 B2 D0 92 72 A2 B1 8A 0F 9B
72 A2 52 B2 71 9A 72 BA 53 BA 33 EA 13 C2 53 EA
F1 C2 EF C2 E5 C4 4D EB 53 DA 53 EA 92 EA 4E 83
2F 93 6E 8B D1 BA 53 B2 34 F2 52 B2 53 E2 72 B2
34 EA 13 A2 52 F2 F0 CA 72 EA AD A3 52 EA 33 DA
34 D2 72 E2 AD 83 8E B3 F0 8A 33 DA 32 CA 33 B2
52 BA 32 CA 71 92 14 DA F3 B9 71 BA B0 CA 71 FA
2F DB 8B F3 8B A4 71 83 6F 83 6E 83 AC 9C CE 7B
F2 7B 8F 93 0F 9D 71 93 EC A4 52 AB D3 B3 13 9B
11 C4 F1 83 50 74 8F B4 D1 A4 EA 85 30 95 6D 94
CD 7B 2E 84 CF 8A 2E 93 72 8A 71 8A B1 8A D2 83
B2 83 92 83 92 82 0F 93 D0 92 4E 9B 2F 8D 72 8A
52 83 73 6D 71 8A B2 8A 8F 83 0E 6D F2 7B 92 83
52 83 52 74 72 6D 13 66 53 65 D3 65 F0 75 92 66
8F 8D 71 76 53 57 33 57 53 57 2F 6D EE 6C AF 74
AE 74 B2 65 33 66 92 74 13 66 D2 74 F3 65 33 74
93 5E B0 8C 92 66 AE 8D B2 6E 33 6D 94 4F 92 74
91 8A 72 74 AD 74 2F 6D 12 7C 71 8A 92 83 91 7C
B2 83 93 6D 32 8A D1 8A 70 8C B0 8B 0D A4 71 8B
F2 8A 4E 83 91 8A 71 8A 32 83 B1 8A 91 8A B2 83
F4 66 D2 83 93 66 F2 7B 13 6E 33 74 92 75 CF 93
8E 76 6E A4 4C 9E CF AC 93 83 F0 6B 6F 83 B2 92
B0 82 11 93 71 8A 52 9B 12 93 B2 92 91 8A F2 92
13 93 B1 9B 50 9B B1 A3 ED A3 91 8A 8F 8B F0 8A
91 A2 0F 8B CD 93 4E 83 B1 CA 53 B2 72 CA 52 8A
33 B2 72 BA 53 BA 33 8A B1 BA F1 D2 30 B3 10 BB
12 BA 51 BA F3 F1 F0 BA 8E 83 4E A3 ED 83 4D AC
32 A3 B3 B3 10 8C B0 8B 71 8A 71 82 53 9A F0 B2
F0 9A 4F C3 30 D3 73 CA 72 BA 73 B2 AE A2 E1 FB
8D A3 4F 93 92 D2 53 DA 73 CA 53 D2 73 CA 72 CA
33 CA 13 CD 90 C4 D1 DA AE D4 B0 DB 53 BA 73 CA
53 F2 4F A3 B1 A2 EF A2 6E 9D 32 BD 71 82 72 8A
CF 92 0D BD FD E7 FF FF FF F7 FF FF 15 BD 89 B4
10 9B 91 82 31 AC EF B5 4D 83 F0 A2 6E 8B 50 9B
B2 BA 53 E3 92 B2 72 B2 92 C2 2F BB 10 C4 8E BC
8D BB 53 AA 52 82 D0 9A D0 A2 91 AA 6D 83 6F 7B
85 E3 65 D4 33 BB 6F B3 AD A3 92 8A B2 AA 92 AA
4F C3 30 7B CE B3 70 DB 74 92 93 92 B3 8A 93 92
B3 A2 4F AB 10 8B CD 8B 6F 83 B2 A2 B2 BA F0 BA
B2 A2 B2 A2 73 BA 6E CB D1 B2 ED CB 10 DB 33 A2
D2 AA B0 AA B1 BA 92 B2 D0 92 F1 92 D1 92 2E 83
B1 8A 72 9B B0 8A 2E 93 31 9B 13 B4 6D B4 70 C4
8C BC 12 BC 13 9B B3 BB 93 B3 F1 9B 11 AC 4E 8B
0F 84 AE 83 8E A4 70 93 CC 93 10 93 D3 B3 32 9B
51 BC EE AB EE B4 0C B5 D2 9C 92 82 73 9C ED A4
A9 AC 0E 7C CC 7B CE 8C 0F 8B D3 A3 B2 A3 70 9B
51 93 92 9B B0 8A 8B 8C 2E A4 CF A3 8D B4 33 AC
33 9B 73 BC B2 AB 92 8B D1 8A F0 8A 2F 85 ED 7B
31 75 30 84 91 6E 11 84 12 8D B0 84 CD 7E 6F 94
AF 9D AD 8D 93 64 12 8C AA 9E 51 BC 32 BC 0B 8D
CD 83 CE 74 10 8B 70 83 91 92 91 8A D1 8A 11 84
52 8B 0F 9C 4E 9B CD A3 6D A3 52 8A 12 6D 91 8A
F0 8A B2 84 91 8A B1 8A 6F 83 AE 7C D2 83 F0 8A
CF 8A 72 74 72 6D 12 66 EF 85 30 76 4D 8E EF 7E
F3 6C 33 66 73 5F 53 5F 73 5F 2E 75 0E 75 AF 74
CE 74 B2 6D 53 66 B2 7C 13 66 F2 74 6F 85 0E 95
51 76 0C A5 31 6E 93 6C F3 65 D2 74 B3 6E 52 7C
91 8A 50 84 AC 7C ED 74 F1 83 91 8A 91 83 72 7C
92 83 92 75 8D A3 4F 93 AA AC EF 92 32 7B D1 83
F1 8A 92 8B 91 8A 91 8A 31 8B B1 8A 91 8A 71 8B
73 8D 71 8B 73 8D 72 8B 32 7D AF 94 70 95 4C B4
91 85 91 7C B4 6E F2 75 30 7D 10 6D AE 83 D2 8A
B0 8A 70 83 91 8A D2 8B 71 8B F1 8A B1 8A B0 93
6E 9C 90 94 4A AC CE 83 72 8A 91 92 32 9B B2 92
50 93 4F 8B EE 93 6E 83 11 AC 4D AB 2E C3 92 82
94 C2 92 92 51 AB 70 B3 2C BC ED AB 74 82 6D CB
10 A4 B3 7B 74 C3 B0 9B 8D 83 2E 6C CD 8B 71 B3
B2 B2 0D D4 90 8B F1 9A 71 8A 2E 9B 4F A3 EE B3
ED AB B3 A2 32 A3 91 A3 EF 92 0F A3 AF A2 E1 FB
AD A3 6F 93 B2 D2 93 D2 92 CA 92 CA 92 CA 92 C2
4F C3 10 D5 8D C5 EF D4 B3 BC 33 C5 D3 BA 93 D2
B3 F2 8E 9B 70 AB AE A3 4E 85 52 9D 91 8A D1 92
89 B4 D1 BC FF DF FF F7 BE F7 FF FF B6 BC CB A3
8D A3 D0 8A 4F B4 ED BD AC 8B 8E A3 AD 93 0F A4
31 AB 51 C3 30 A3 6F AB 51 9B 2C B4 CD BC 91 A3
10 9B 50 A3 EF 92 CE 93 CF 8B AD 8C CC 8B AE 83
A5 E3 C4 B4 0E 74 0F 7C 4F 94 F1 63 D1 6B D1 73
AC 8C CD 7C 90 83 8B A4 AE 83 B1 73 11 54 8C 7C
6E 94 CE 7B EF 8A CD 7B 8D 73 AF 8A 91 73 4F 7B
71 83 10 83 6E 85 0B 9D 6F 75 F1 7B 11 6E 10 8C
EF 9A EF 8B CF 8B 6F A3 8E 93 30 9B 2F 93 8D 8B
50 93 B1 9B 10 93 0F 8C 50 8C 11 86 2A 9E 4F 8E
F1 8B D1 85 B0 8C 91 8D 51 8D 51 85 90 8D CD 83
AB 9C 0C 8C 8E AC 8F 9B EF 93 50 9B F1 B3 71 A3
8F BC AA B4 31 BC 51 AB F1 BB 0F 93 D1 C3 EF BB
EE BB CF A3 0B 84 AC 9C 4E 93 B1 B3 B0 AB 6F AB
50 93 90 9B EF 9A 6D AC CB BC 50 93 EE 9B AF B4
B1 8C D2 76 91 7D 50 84 0F 93 6F 8B 6E 5E 2C 7C
70 5E 91 7C D1 5E 50 7C 31 66 11 75 CE 76 AC 95
52 5E B1 65 11 66 30 75 31 57 F1 5E 31 66 2D 6D
EC 7B 8C 74 6F 8B F0 8B CF 92 D0 92 10 93 50 84
11 84 ED 94 2B AC B0 92 D0 92 EF 92 90 75 10 93
EF 92 30 75 CF 92 F0 92 CE 8B 0C 7D 4F 8C CF 92
EE 92 71 84 11 75 91 65 CC 8D 0E 7E 11 5D 11 66
B0 6C B1 5D D1 56 B1 56 D1 56 0E 6D ED 6C 6D 74
6D 6C 30 6D B1 5D 50 74 CF 6D AF 74 4F 75 2B 95
8F 6E B1 73 D1 5D B0 6C D0 5D 90 7C B1 66 0F 7C
D0 92 8F 84 CB 7C 2C 7D 30 8C CF 92 90 93 8F 93
D0 8B 70 85 2A B4 AE 9B 90 8B EF 92 8F 93 B0 93
30 93 B0 93 EF 92 D0 92 4F 93 0F 93 D0 92 D0 8B
92 7E F0 8B 11 76 F0 8B F0 75 4A AD 2D 8C 31 8B
30 76 EF 84 F1 66 11 7E B0 84 AE 7C EE 83 10 93
2E 93 0F 93 CF 92 11 94 90 93 30 93 F0 92 0E 9C
2B A5 0E 9C B0 92 4F 9B EF 9A CF 9A 50 A3 F0 9A
CC 9B 6E 93 2B 8C 8D 8B 2D 9C 8F 8C 10 7E 0F 8B
C9 B4 D0 8A 6F 83 49 C4 0F AB 91 8A 91 6A 2E B3
90 83 71 83 C9 CC 69 95 ED 8B AC 8C EB 83 10 AC
6F 8C 10 76 F0 9A F0 A2 D0 92 CC A3 EC B3 F1 A2
EF 92 4D A3 B1 D2 B1 D2 D0 AA D1 B2 0D A3 E1 FB
CB AB AD 9B D0 DA B1 DA B1 D2 B1 D2 D1 D2 D1 CA
CC DB 0D E4 31 C3 B2 DA 71 D3 31 D3 72 CA B2 EA
F1 EA CD AB AF 93 CD 9B 4C A5 0F BD D0 8A 4F 9B
0B AC 13 AC FF F7 BE EF DF FF FF FF 77 B4 B0 8A
8B B4 71 8A F2 AB 30 B6 4E 7B 11 9B 70 8B F2 B3
B3 A3 53 B5 F2 9A 2E B4 8C B5 33 93 93 9B D2 9B
F2 92 F2 9A 52 8A F2 92 F2 92 93 9B 6E 83 50 73
65 E3 47 D5 71 9D F3 B5 13 B6 33 AE 13 AE 33 A6
13 A6 53 A6 12 B6 91 B6 32 B6 53 A6 B3 A6 D2 A6
D3 AE 13 AE 10 AD D0 AD 90 B5 11 B5 53 A6 D3 AD
13 AE B3 B5 F2 AE D3 AD B3 A6 52 AE 8F A6 50 93
71 82 92 7B 52 7B 31 8B 50 83 F2 8A D1 8A 30 83
F2 8A D1 8B B1 92 52 9B EB BC 71 9D D4 8B 34 8D
B2 8B 34 8D 13 8C 13 8D D3 8C D4 8C 12 8D 6F 83
6F 84 CE 83 91 94 33 93 93 93 32 93 73 A4 CB BC
B2 A4 D3 8A B3 9C 92 9B 33 B4 92 8A F3 AB B4 AB
74 AB 71 9B AD 7B 8E 94 F0 82 74 AB 73 A3 12 9B
12 93 F0 A3 6B B4 93 AB F3 9A F3 92 72 9B 33 B4
D2 8B 91 75 13 9C D2 92 52 8A F1 92 8E A5 B1 9C
72 A6 32 94 B3 A6 12 94 90 AE EB B5 13 9E 73 94
32 9E 92 9D F3 9D F3 9C 73 A7 F1 9E B1 A6 11 AE
71 AD 70 AD F2 82 91 7B 72 8A 71 8A 91 8A 6C AC
AB B4 F2 92 73 8A 72 8A 72 8A 52 8A 73 9B 72 8A
72 8A 93 9B 72 8A 72 8A 4F 83 6E 7C 92 8B 71 8A
F0 8A 6F 7C EF AD 72 AE 33 AE 73 AE 73 AE B3 AE
13 AE 93 AE 13 A7 13 A7 33 A7 72 AE 72 AE 12 B6
11 AE 53 AE 93 AE F3 B5 93 AE 12 B6 93 A6 B3 AD
F3 A6 D2 B5 D3 A6 53 B6 71 9E CD 7C 52 87 91 95
B2 92 31 7C AD 74 D0 74 D3 7B 71 8A 31 83 51 83
0B AD 50 8D 33 82 71 8A 12 83 72 8A 32 83 72 83
F2 82 D2 7B 72 8A 52 8A 11 83 92 8A 50 7B 70 73
4E 5D B1 83 12 77 2B A5 B2 7E 91 73 2F 75 92 83
F3 76 B3 7C 93 77 11 6E EF 64 F0 65 D2 83 B1 8A
B1 82 91 8A 72 8A 90 83 11 83 30 93 6B B4 71 93
52 8B B2 93 72 8A 52 8B 92 8A 52 8A B2 83 D2 8A
71 83 D1 82 D0 82 91 8A 4F 7B 2D 74 B2 66 12 75
6B 9E EB AC B3 6C 71 8C 12 85 13 84 13 6D 74 84
94 6D 94 75 70 8E 92 76 31 84 10 7E 71 7C 91 8D
71 7C 53 6E 92 8A 4E 9C 0B B4 52 8A B2 8A 32 93
B1 8A 71 8B 13 AB 33 B3 B2 9A D3 9A AF 9A 01 FC
CD 93 4F 83 92 B3 73 BB 53 B3 33 B3 2D CC 0E C4
D4 9A 33 BB F3 AA EF B3 71 AB 33 A3 4E B4 6E E3
34 F2 6E 9B 91 7A CF 92 2E 9D F2 BC 52 82 EC AB
AC A3 95 A3 FF FF FF FF FF FF FF EF 96 AC 90 8A
CA BC 0E 93 12 AC 50 B6 6D 83 30 A3 4F 9B 72 D2
D3 AB EE E5 4B CC 91 B3 90 BC 51 AB 72 C2 92 B3
91 AA 71 B2 91 8A 71 AA 71 A2 52 CA 6E 8B 6F 7B
45 E3 A8 F5 73 E7 31 F7 32 EF 32 F7 32 F7 32 F7
32 F7 32 F7 32 EF 12 EF 32 EF 32 F7 12 F7 12 F7
12 F7 32 F7 51 E7 32 EF 32 EF 51 EF 32 F7 52 F7
32 F7 52 EF 12 F7 52 F7 12 F7 32 EF B0 FE 2F AB
B1 82 4F 8B 2F 83 F2 9A 30 93 F1 92 F0 92 4F 8B
92 92 70 9B A9 BC EC B3 30 B3 32 D3 F2 BA 13 D3
D2 AA 13 D3 F2 BA 12 D3 12 CB 13 CB 51 C3 6E 8B
AF 8B AE 8B B0 BB 93 9A 30 A3 09 C5 CF CB 30 B3
32 D3 B1 A2 12 D3 F2 B2 33 D3 B1 9A 13 CB 51 C3
70 BB 4F AB CD 7B 2D A4 0F 8B 32 C3 D3 B2 30 AB
09 C5 8F B3 10 9B 12 BB D2 AA F1 AA B2 B2 F3 DA
B1 B2 D0 BA 92 D2 91 A2 91 8A AF A2 CD EC 12 BD
51 E6 13 B4 EE F6 AA D5 F0 DD 0F C5 11 E6 B1 C4
F1 DD 91 D5 B1 D5 D1 C4 52 FF B0 F6 11 F7 32 EF
52 EF 72 E6 10 8B 91 7B 52 8A AD A3 A9 BC 0F AB
2F AB B1 AA 91 92 91 92 91 8A 91 8A B2 C2 91 92
91 92 B2 C2 91 8A 91 92 4F 8B 0D 94 F1 9A 52 8A
0F 9B EC BD 11 F7 11 F7 32 F7 12 F7 32 F7 12 F7
32 F7 12 F7 D1 F6 F1 F6 F2 F6 12 F7 32 F7 32 F7
32 F7 12 F7 12 F7 32 F7 12 F7 32 EF 12 F7 32 EF
12 F7 52 EF 12 F7 32 F7 F1 EE B0 D6 F2 EE 31 E7
51 9B EF AA 0C 8C EE 93 93 A2 91 8A C9 C4 ED A3
2F 9B 91 BB 91 8A 91 8A B1 92 91 92 D1 9A F1 9A
D1 8A 6F 9B 91 92 91 92 71 83 B1 8A AE 8C 10 95
8E 95 C9 C5 0F A7 D0 A4 72 9E D2 9C 12 8F 91 9C
B2 96 52 9D 52 97 6F 96 6F 8E 92 87 11 8C D1 8A
F0 8A B0 8A 53 82 6D 9B C8 BC 10 A3 0F 9B D1 A2
B2 AA D2 AA 91 92 F1 A2 91 92 91 8A F1 A2 B1 92
F1 9A F0 92 71 92 91 92 B0 8A 2D A5 F1 CE 52 CF
72 C6 B0 AC 11 BE 12 A5 52 BE 12 AD 92 C6 B2 B5
B2 CF 72 C7 73 C7 92 C6 71 A4 F3 C6 72 B5 32 B6
33 A4 CC CE 4A B4 30 A3 EF 92 91 8A 91 9A B1 AA
91 9A B2 B2 11 B3 31 B3 B1 A2 D2 AA CE A2 E1 FB
CC A3 2F 8B F2 BA B4 C2 2D D4 EC CC 71 AB 91 BB
72 9B 32 D3 F2 BA 6D BC B0 AB F2 A3 CD CC 8E E3
92 EB CD 93 51 8B AE 93 2E A5 F1 BC 90 8A 08 C5
2E 9B B5 A3 FF FF FF F7 FF F7 FF F7 77 AC 13 7A
4F 9B EB AB F3 A3 31 AE 0E 7B D2 9A D1 8A 50 DB
8C C5 93 CD D2 B2 74 AA D4 B3 F3 A2 74 BA 73 AB
53 A2 33 AA 32 82 33 A2 33 9A 54 BA 2F 83 30 73
05 E3 C9 F5 35 E7 F3 E6 F3 E6 14 E7 14 E7 F3 E6
13 E7 14 E7 F3 E6 13 E7 13 E7 13 E7 13 E7 14 E7
13 E7 13 E7 14 E7 14 E7 F3 E6 F3 E6 14 E7 F3 E6
13 E7 F3 E6 13 E7 13 E7 13 E7 F3 E6 54 E7 73 9B
CF 7A 10 8B 71 8A D3 92 11 8B 93 92 72 82 F0 7A
6C B4 F0 A3 B2 8A 51 A3 13 93 35 A4 74 9B 34 A4
13 93 54 AC 74 9B 14 A4 F4 A3 D5 A3 33 9C 2F 83
30 7C 6F 7B 52 94 CC B4 30 9C 32 93 32 A4 53 8B
B4 7D F3 82 75 7D 14 84 94 7D 93 82 34 85 73 75
B4 65 92 74 8E 73 EF 65 B1 7A 71 75 2B 9E 11 84
52 7C 93 74 33 82 34 65 F3 73 F3 73 13 7C D5 6D
14 7C B3 6C 90 74 B2 8A 32 82 33 9A 95 E4 D3 B4
B2 E6 8C CD 72 D6 F1 A3 D3 CD 73 B4 33 D6 53 B4
13 D6 53 C5 93 C5 B3 B4 74 EF F4 E6 F3 E6 F3 E6
34 E7 14 D6 B2 82 2C 94 EC AB 52 8A B1 92 94 92
94 92 B3 92 53 8A 33 8A 33 8A 33 82 34 A3 33 8A
33 8A 34 A3 32 8A 53 8A F1 82 ED 83 4C AC ED B3
92 9A F2 E6 14 E7 14 E7 14 E7 13 E7 13 E7 F3 E6
F3 E6 14 E7 D2 DE F3 E6 14 E7 F3 E6 13 E7 F3 E6
F3 E6 13 E7 13 E7 14 E7 14 E7 F3 E6 F3 E6 F3 E6
F3 E6 F3 E6 14 E7 F3 E6 14 E7 14 EF 14 E7 F3 E6
F2 8A 33 AA 6F 8B 4E 73 0C BC 4E A3 92 9A 52 9A
33 9A 93 CA 33 82 33 82 33 92 33 8A 33 9A 33 A2
52 8A 13 AA 33 8A 33 82 72 9A 13 82 B1 CC B3 FF
54 F7 52 EF 13 F7 54 EF 13 F7 53 F7 F3 F6 73 F7
13 F7 53 F7 13 F7 34 F7 14 F7 54 FF B2 A3 51 7A
52 82 B1 8A 2B AC 72 AA 92 92 33 9A 13 8A 33 A2
33 AA 33 B2 33 8A 13 AA 33 8A 32 82 13 AA 33 92
72 9A 72 8A 33 82 14 82 AF A2 69 D6 F2 E6 33 EF
13 D6 D3 AB B3 D5 D3 C4 F3 D5 93 BC F3 D5 13 C5
53 F7 D3 EE 33 F7 73 E6 53 B4 93 E6 B4 BC 4F DE
6E CD ED E5 70 9A 14 A2 13 82 32 82 33 9A 33 AA
33 92 34 B2 91 BA EF 92 33 A2 34 AA 70 9A E1 FB
4E A3 D1 7A ED D3 AE E3 33 D2 93 C5 B4 BD 34 AD
14 A4 34 D4 F4 BA 15 C6 F4 BA 54 C3 36 F4 96 E3
F5 E5 F2 A2 D2 A4 70 9C EF 94 D3 B4 6D A3 0D AC
13 7A 95 A3 FF F7 FF DF FF F7 FF FF 58 B4 F3 79
D1 92 EB AB F3 AB D1 B5 D0 72 B1 A2 50 93 D1 D3
AD CB 15 DA F4 A9 D4 B1 14 BA F4 A1 B4 B2 94 AA
14 A2 14 AA 13 7A F4 A1 13 9A 10 7B 0F 73 F1 6A
05 E3 EA F5 54 E7 13 E7 14 E7 14 E7 14 E7 14 E7
14 E7 14 E7 14 E7 14 E7 14 E7 14 E7 14 E7 14 E7
14 E7 14 E7 13 E7 13 E7 F3 E6 F3 E6 14 E7 14 E7
14 E7 14 E7 14 E7 14 E7 14 E7 14 E7 34 EF 73 9B
72 8A 72 8A 52 82 D2 92 D1 82 14 92 B1 92 10 83
ED B3 70 AB 14 82 B2 A2 93 A2 F5 CA 94 B2 F5 CA
74 A2 F5 C2 95 AA F6 CA 15 BB CE BB 92 B3 D1 7A
91 7B AE 8B B2 B3 2E B4 72 A3 55 9A B6 C2 93 A2
55 BB 73 92 30 B4 14 9B D5 B3 53 82 95 B3 74 AB
AE 83 50 83 4F 73 4F 8C 10 8B 93 AB ED BC F3 9A
B5 92 F4 9A 33 82 35 8B D4 9A 94 92 13 9B 50 B4
F4 8A 15 A3 14 A3 52 8A F4 81 D4 91 74 E4 53 C5
D1 E6 0C C5 F4 E6 54 C5 94 DE 14 D6 B4 DE F5 D5
73 D6 34 D6 74 DE F4 D5 54 EF 35 EF 35 EF 15 EF
53 EF 92 D6 73 B2 D1 C2 CD 9B 13 82 F3 89 F4 A9
14 A2 F4 A1 13 8A 13 82 13 82 13 82 F4 C1 13 8A
13 82 F4 C1 F4 81 D4 81 10 8B 4F 9B 10 BB 8E AB
32 92 92 D6 35 EF 13 E7 14 E7 14 E7 14 E7 55 EF
35 EF 14 E7 55 EF 34 EF 14 E7 55 EF 14 E7 34 EF
35 EF 14 E7 14 E7 13 E7 14 E7 55 EF 35 EF 35 EF
75 F7 35 EF 14 E7 14 E7 14 E7 14 E7 35 EF 50 B6
F2 69 B1 83 CA 84 52 A2 AE C3 2F 9B F4 91 13 92
14 9A F5 D1 13 82 13 82 13 92 13 82 14 9A 14 A2
14 92 D1 82 13 82 D4 79 14 9A 91 92 34 BD 75 EF
F3 E6 13 E7 14 E7 35 EF 14 E7 14 E7 35 EF 14 E7
14 E7 F4 E6 14 E7 34 E7 35 EF 54 E7 74 9B 14 92
F0 8A B1 8A CD A3 53 A2 F4 89 13 92 13 8A F4 A1
F4 A9 F4 B1 F3 81 14 A2 13 8A 13 7A 14 AA 14 92
53 92 13 82 33 8A 92 8A B1 A2 4D C5 75 F7 53 EF
13 D6 14 AC D4 CD F4 BC 15 D6 74 B4 14 D6 54 C5
74 EF F4 E6 34 E7 74 DE 15 AC D4 E6 33 C5 D1 E6
AE CD F2 DD F2 89 14 9A 13 82 13 82 13 92 14 A2
13 92 14 B2 15 C2 F5 B9 13 9A 14 A2 AF 8A C1 FB
8D A3 30 93 6F DB 8F E3 15 CA 35 C4 34 C4 B4 B3
94 AA 95 D3 B4 BA B5 C4 D4 B3 55 BC 35 E5 15 E3
F5 DC 33 9B 93 94 2F 9D 2F A5 F4 B4 8D A3 6F A3
F4 79 76 9B FF F7 FF EF FF FF FF FF 77 BC 51 82
53 8A 6E 9B 4D CD 0F C6 AC 8B 4F AB 0C B4 F3 D1
F4 B1 13 E2 F2 AA 33 AB 73 BA 92 AA 33 BA 33 B2
92 A2 72 AA 52 82 B2 A2 72 A2 53 AA 8D 8B CE 8B
25 E3 E9 F5 4D E7 F0 E6 13 E7 13 E7 13 E7 13 E7
13 E7 13 E7 13 E7 13 E7 13 E7 13 E7 13 E7 13 E7
13 E7 13 E7 2C EF 0F E7 F3 E6 F2 E6 13 E7 13 E7
13 E7 13 E7 13 E7 13 E7 13 E7 F3 E6 33 EF B2 A3
33 AA 72 92 72 8A D1 9A AE 9B 11 9B AE A3 CD 9B
54 8A D3 9A 72 8A 10 A3 12 A3 B4 BB 33 A3 D4 BB
F3 A2 D4 BB 31 9B 8F A3 93 D2 B2 D2 D2 CA EC 9B
8F 93 6B A4 70 D3 34 9A 73 A2 B1 AA 4F B4 F2 A2
73 C3 B2 9A F2 BB 33 A3 D4 BB 92 92 B3 B3 93 AB
F2 BB 91 A3 4B 8C AD 9C 0C A4 93 B3 14 A3 F3 9A
F2 9A 33 A3 72 8A 73 8B F3 A2 F2 9A 12 A3 F2 BB
13 93 53 A3 53 AB F3 A2 6E 83 CD 9B 30 DE E9 B4
29 D6 B2 A3 90 D6 53 EF B1 DE 4F CE 33 EF B0 D6
50 CE F2 E6 13 E7 33 EF D2 DE CE C5 30 CE 8F D6
EB E6 D0 E6 AE B3 93 A2 13 82 52 8A 52 92 53 AA
52 AA 52 AA 52 92 52 8A 52 8A 52 8A 33 C2 52 8A
52 8A 33 C2 F0 92 10 9B CD 9B 4B BC 33 AA 32 82
0E 93 71 CE 31 EF 0B EF 12 E7 F3 E6 33 EF EF C5
2F CE 33 EF 2F CE B1 DE 54 EF 2F CE F2 E6 B1 DE
50 CE D2 DE 12 E7 2B EF F0 E6 2C AD 50 CE 70 D6
CA 9C 30 CE 13 E7 13 E7 13 E7 F2 E6 34 E7 2D DE
4C A3 ED A3 07 A5 4F B3 14 A2 32 82 52 9A 52 92
52 A2 53 D2 52 8A 52 8A 52 9A 52 8A 52 9A 52 A2
52 9A 72 A2 52 8A 10 93 4E A3 AD A3 2A BC F2 E6
0D EF AD DE F3 E6 0F CE F3 E6 B2 DE 30 CE B2 DE
F2 E6 F3 E6 13 E7 70 D6 8D B5 73 F7 6F B4 91 9A
0C A4 B0 8A F3 79 52 A2 52 92 52 9A 52 92 31 93
F2 A2 F3 BA B2 92 52 AA 52 8A 52 82 52 AA 52 92
B1 A2 4F 9B F0 92 CD A3 52 92 34 B4 0C C6 A8 DE
31 DE F2 A3 B2 CD 13 C5 0F B5 72 B4 12 D6 D0 B4
12 E7 F3 E6 13 E7 B2 DE 4E AC ED C5 CA B4 A5 A4
51 C5 73 DD 52 92 72 A2 52 8A 52 8A 52 9A 53 AA
91 8A B0 82 54 CA 53 BA 52 A2 54 B2 EE B2 C1 FB
0B BC 2C AC 34 CA 14 D2 53 CA 33 CA 33 B2 33 BA
33 AA 33 E2 53 C2 33 DA 53 B2 53 B2 34 F2 54 DA
34 DA 2F BB 70 9B ED B3 CC AD 8F CD EB AB 53 8A
52 82 95 A3 FF FF FF FF FF E7 FF EF B6 AC B0 8A
D1 92 2E 9B 8A C5 6C BE E7 AC D0 A2 6E 93 90 C4
51 BB 12 D4 11 AC B1 AB B1 C2 F1 AA 91 BB 71 B3
71 A3 71 AB B0 8A F1 AA B0 AA B2 B2 4A A4 E9 AC
45 E3 A6 F5 4C E7 F1 E6 F1 E6 F1 E6 F1 E6 F1 E6
F1 E6 F1 E6 F1 E6 F1 E6 F1 E6 F1 E6 F1 E6 F1 E6
F1 E6 10 E7 0A E7 F0 E6 F1 E6 F1 E6 F1 E6 F1 E6
F1 E6 F1 E6 F1 E6 F1 E6 F1 E6 F1 E6 31 EF D0 A3
0E A3 D0 92 B0 9A 50 9B E9 B4 4B AC D0 8A 4E 8B
F1 A2 11 AB D0 9A 0F AB 10 AB 52 CB 31 BB 72 D3
11 B3 72 CB 10 A3 0E B3 72 EA 52 E2 91 E2 08 BD
CC AB 6E 8B EF D2 B1 B2 91 B2 B0 B2 AF C3 4F AB
2D AD 31 93 92 A4 D1 A3 B2 A4 F0 92 72 AC 31 A4
F2 AC 30 A4 47 B5 4C A5 0F 83 12 A4 11 A4 71 9B
B0 9B F0 9B D0 92 11 8C 91 9B 71 9B B1 9B 92 AC
B1 9B 10 A4 2E 9C 31 A3 6E B3 C9 CC D0 D5 6C AC
6A DE 6D 93 66 94 CD C5 6B B5 C8 A4 6F D6 09 A5
67 94 4E CE 32 EF 32 EF ED C5 2A AD 6B B5 6C D6
27 CE 31 D6 11 A3 51 AB D0 8A B0 92 D0 92 2D B3
31 9B 31 9B D0 92 B0 92 B0 92 B0 92 91 AB D0 92
D0 92 72 A3 0C AC 6A B4 8E 83 0D 94 50 A3 D0 92
6E 93 6E D6 2E EF EC E6 F1 E6 F1 E6 32 EF 88 9C
6B B5 B0 DE 67 94 6B B5 4E D6 A8 9C ED C5 8B B5
26 8C 0E C6 50 EF 6C F7 ED C5 67 94 C8 9C 2A AD
C8 9C A8 9C F1 E6 F1 E6 F1 E6 F1 E6 F1 E6 AF E6
C9 BC A7 C4 0A 8C F0 A2 D1 B2 D0 92 B0 A2 B0 9A
B1 A2 D1 D2 B0 92 B0 92 B0 9A B0 92 B0 A2 B0 AA
B0 9A B1 B2 B0 92 6A B4 CD AB 91 8A 6D B4 CE DE
A5 BD EA BD AC BD C7 9C EC C5 4D CE A8 9C 28 A5
F1 E6 52 EF D0 E6 6B B5 6B B5 CB BD A9 CD EF AB
11 93 11 AC 50 9B 51 AB F1 AB 31 AB 71 AB 91 9B
71 B3 F2 C3 11 AC B0 AA B0 92 B0 8A D1 B2 B1 9A
2F AB C9 BC EF 92 B1 8A B0 A2 91 B4 06 A5 47 CE
51 DE 6D 93 8B A4 2D A4 4A 9C D0 BC 2D B5 69 8B
0C C6 11 EF 52 EF 6D D6 68 C5 89 9C EB 9B 87 C5
AE B4 91 DD B0 9A D1 A2 B0 8A B0 92 B0 A2 B1 AA
D0 92 D0 9A 2F A3 2F A3 F0 9A 10 9B 8C C3 20 FC
CC 9B 6E 93 F1 D2 D1 DA B1 CA D1 CA D1 CA F1 BA
31 A3 B1 CA 91 CA B1 DA 71 B2 D2 CA D2 EA 92 EA
B2 E2 6B CC EB AB EE 9A 2E A5 0B D6 0B AC D1 92
B0 8A F4 AB FF FF FF FF DF E7 FF EF 1D 8B 1C 50
5C 60 1C 58 FD 82 FA 85 76 49 7B 79 39 69 BE C2
9E 92 9F D2 BD 82 1D 91 DE A8 9D 81 9E A1 3D 99
7D 79 FD 89 1C 50 3D 88 3C 78 3D 88 97 49 79 41
48 DA 2F FE 9F EF 5D EF 5D EF 5D EF 7D EF 5D EF
5D EF 5D EF 7D EF 5D EF 5D EF 7D EF 5D EF 5D EF
7D EF 5D EF 7E EF 7E EF 3D E7 3D E7 7E EF 5D EF
5D EF 5D EF 5D EF 5D EF 5D EF 5D EF BD F7 1D 82
B7 90 7C 60 3C 60 DE 78 FB 60 FC 68 9B 60 39 59
7D 70 DD 80 5D 68 DE 80 FE 88 DF B1 3E 91 DF B1
DD 88 FF 91 DD 68 3E 99 FF A9 BF A1 3D 9A 98 51
79 52 17 52 9B 92 DE 70 3E 71 BD 78 9F A9 1B 81
3A 9B BD 68 BF 9A 9E 81 1F 83 7C 50 BF 92 5E 82
7F 9B 3C 72 15 42 B7 63 F9 50 1F 82 FE 81 3D 71
5D 71 BD 79 3C 58 3E 52 3E 79 3D 71 7D 79 FF 92
9E 79 FE 81 FC 71 99 79 39 81 5C 80 7F ED F8 82
18 AD 3B 82 D2 94 76 AD 39 C6 55 AD B6 B5 76 AD
55 AD 55 AD 9A D6 7A CE 7A CE 35 A5 FC DE 5A CE
D2 94 59 B5 BD 80 DD 80 1C 58 1C 58 3C 60 79 90
5D 80 5D 80 3C 68 1C 60 1C 58 1C 58 9E A0 1C 60
1C 60 9E A0 1C 58 1D 60 39 59 56 6A BC 78 3D 60
56 69 F2 D5 9F F7 5D EF 5D EF 5D EF 9E F7 59 CE
14 A5 DB DE B6 B5 75 AD F8 BD 96 B5 76 AD B7 B5
96 B5 F3 9C 79 CE 39 C6 BB D6 14 A5 B7 B5 BB D6
D3 9C D7 BD 9E F7 5D EF 5D EF 5D EF 5D EF 5D EF
1D 61 B9 90 73 62 BB 78 1D 90 1C 58 1D 78 1C 70
1D 80 1E D0 1C 58 1C 58 1C 70 1C 60 1D 80 1D 88
1C 70 1D 90 1C 60 1C 58 9B 70 1C 58 FC A3 DB B4
B4 9C B6 7A F9 C5 B7 7A B6 A4 99 93 36 AD 55 72
1A CE DC B4 99 D6 56 AD 39 C6 79 CE 1E AC FD 78
3C 69 BE 92 BD 79 7D 89 9E 92 5E 91 DE 89 1E 8A
5D 91 7E AA BE 81 1D 90 1C 60 1C 50 1D 98 1D 70
7B 78 7B 60 1C 58 3C 60 1D 70 5E A3 99 CE 34 A5
3E D6 19 7A 54 83 D8 82 99 AC 7C 9B 36 9C 99 93
53 A5 5A CE 79 CE 1B CE 39 7A B9 BD DB 9B F6 93
5C 93 3E E5 1C 68 3D 80 1C 58 1C 58 1D 70 1D 90
1C 68 1D 80 9B 58 9B 60 7B 78 BC 70 F9 90 E1 FB
55 72 78 69 5D C8 1F D0 1E C0 1E C0 1E 90 5E A9
DE 7A 3E C8 7E A9 1E C3 1E A2 1F C8 1F F0 BF F1
1F E4 7B 81 FB 62 58 6B 57 74 7D A4 1C 50 5C 60
1C 58 DD 81 FF FF FF E7 DF FF FF FF FE 9A 1D 50
1D 58 1D 50 BE 92 DA A5 37 49 BC 78 19 59 F9 98
1F A0 1F E0 5E 89 3E 91 1F B0 1E 88 1F A8 1E 98
1E 80 1E 90 1D 50 5E 80 1D 68 1E 80 97 49 3A 41
28 DA 2F FE 9F EF 5E EF 7E EF 7F EF 7E EF 7F EF
7E EF 7E EF 7E EF 7E EF 5E EF 7E EF 7E EF 7E EF
7E EF 7E EF 7F EF 7E EF 7E EF 7F EF 7E EF 7F EF
7E EF 7E EF 7F EF 7E EF 7F EF 5E EF BF F7 FE 81
77 60 BD 60 3E 58 DC 58 1A 49 1F 69 7D 58 3A 49
9E 60 9E 61 5D 58 BD 51 DE 61 9F 73 3F 6A BF 73
9E 69 FF 53 7E 51 3F 72 7F 63 1F 6B 9E 6B 78 49
5A 3B 38 42 BC 63 3F 61 1F 6A 1E 61 3F 73 7F 61
5F 7B BF 60 3B 74 BC 81 FF B1 3D 60 BF A9 7F 99
3F BA 9D 81 F6 39 17 6B BA 50 5F 99 3F 89 BE 70
9E 78 DF 88 1D 58 5E 89 3C 69 9E 70 DE 80 DF A9
DE 80 FF 90 FF 90 FD 78 7C 78 5A 78 58 DD 1F AC
9E DE 9E 92 FF FF 9F F7 BF F7 BF F7 9F F7 9F F7
7F EF 3E E7 FD DE FD DE 7F EF BF F7 7F EF 5E EF
FF FF 7E CE 1E 88 1F 98 1D 48 1D 58 1D 60 1F 90
1E 88 1E 88 1D 68 1D 58 1D 58 1D 58 1F B8 1D 60
1D 58 1F B8 1D 58 1D 60 BA 58 53 5A D9 78 1D 58
79 69 DA DE BF F7 5E EF 7E EF 7F EF 7E EF 9F F7
9F F7 9F EF 7F EF 9F F7 9F F7 9F F7 9F F7 9F F7
DF FF 5E E7 FD DE DC DE 7E EF BF F7 BF F7 9F F7
9F F7 BF F7 7E EF 7F EF 7F EF 7E EF 9F EF 5E EF
1D 69 1E 90 F6 61 5B 70 1F 90 1D 50 1E 78 1E 70
3C 78 3E A9 1D 58 1D 58 1D 68 1E 60 5B 60 9B 60
1E 70 1E 90 1D 58 1D 50 7B 70 1C 58 5E AC 9E A3
DF E6 FE 81 DF E6 1E 8A FF D5 9E 92 FF E6 FE 81
3D D6 3D 9B 7D E7 9F F7 7F EF FF FF 3E 8A 1E 68
7B 50 1C 58 1D 50 1E 80 1D 60 1E 70 1D 60 1E 70
1E 90 1F A0 1C 60 D9 80 1D 58 1D 50 7E 78 1E 68
9C 68 7C 58 1D 58 1D 58 1D 70 FE 92 DE F7 BF F7
FE CD DE 92 BF CD 3F B4 DE CD 9E A3 1F D6 DF BC
DE F7 DD DE 1C DF 7E D6 1E 9B FF E6 5E B4 DF D5
7E 9B 1F E5 1D 58 9B 60 1D 58 1D 50 1E 70 1E 88
1D 68 1E 78 1E 68 1E 70 1E 88 1F 98 79 98 A2 FB
D6 79 59 61 1E C8 1F D0 1F C0 1F C0 1F 80 5F A1
7F 7A 3F D9 BF A9 3F BB 7F BA 5F C8 7F E8 5F E2
7F E4 1C 81 7C 8B B9 7B 18 64 5E 9C 1D 50 1D 58
1D 50 BE 81 FF FF FF E7 FF FF FF FF B1 CD B0 8A
53 8A 52 82 13 AC F0 BD 2E 7B D2 A2 0F 7B CC 8B
33 C2 34 E2 33 AA 33 B2 53 BA 73 A2 33 BA 14 B2
F4 99 8E CB AD A3 33 A2 52 92 33 AA 4F 8B 30 73
05 E3 EA F5 34 E7 F3 E6 13 E7 13 E7 13 E7 13 E7
13 E7 34 EF 34 EF 13 E7 34 EF 34 EF 13 E7 34 EF
33 EF 13 E7 13 E7 13 E7 13 E7 F3 E6 13 E7 F3 E6
13 E7 13 E7 13 E7 13 E7 13 E7 13 E7 13 E7 2C C5
F0 92 52 92 72 8A 52 92 D0 82 53 AA 72 8A F0 82
53 9A B0 B2 72 8A D1 9A 92 AA 74 E2 73 C2 74 E2
14 B2 93 CA 4B BC B2 D2 54 C2 54 D2 93 D2 0F 83
30 93 2F 83 11 C3 93 AA 53 BA 73 AA 54 DA 53 B2
74 E2 53 A2 93 E2 F4 B9 33 FA 2B BC 13 F2 F4 D9
D4 F9 72 BA AD 73 4E B3 D1 82 8F DA 52 C2 F1 A2
53 B2 73 C2 B3 92 12 DB 51 9B B3 A2 B5 B2 51 F3
4C D4 B4 CA D3 CA D4 C2 D4 BA 13 AB 92 D5 F3 BC
D3 D5 13 AC 33 D6 93 DE 93 DE D3 E6 13 E7 F3 E6
F3 E6 13 E7 34 EF 33 E7 13 E7 F3 E6 F3 E6 13 E7
33 EF 73 D6 73 A2 72 A2 52 82 52 8A 52 8A B3 9A
93 9A 93 9A 72 8A 13 82 13 82 CD A3 AF C3 D3 8A
B2 92 D3 B2 D3 92 72 8A 51 93 D0 9B 74 C3 F3 9A
51 A3 11 C6 D4 E6 13 E7 F3 E6 13 E7 13 E7 F3 E6
13 E7 13 E7 D2 DE F3 E6 F3 E6 F3 E6 13 E7 F3 E6
F3 E6 13 E7 33 E7 33 EF 13 E7 F3 E6 F3 E6 F3 E6
13 E7 D3 E6 B3 DE F3 E6 B3 DE 93 DE 93 DE D3 DE
73 9B F2 AA AF 93 52 A3 F3 AA D3 92 93 9A 52 8A
B2 92 93 AB 52 8A 32 8A 34 8A 72 92 8B B4 11 93
73 92 93 9A 72 8A 72 82 73 92 52 82 12 BD B2 BC
72 D6 B2 A3 B3 DE D2 AB 13 D6 12 AC 93 DE 74 A3
D1 E6 EC D5 33 EF F3 E6 F3 E6 33 EF B2 AB 33 92
B1 82 72 8A 52 82 53 A2 52 92 53 9A 52 8A 52 9A
53 AA 33 B2 F4 81 4E AB EC AB 33 82 73 A2 53 92
B2 9A 91 8A 52 8A 52 8A 31 9A 53 B4 32 E7 13 E7
F3 D5 12 AC D3 CD 13 BD D3 CD 34 AC AE DE EC D5
34 EF 13 E7 54 EF 93 DE 32 AC 93 DE D2 BC F3 D5
93 B4 B1 E5 52 8A B2 92 32 8A 52 82 52 9A 13 A2
F4 89 8E BB 4E AB 33 92 52 A2 54 AA 90 B2 E1 FB
6D 9B 30 93 73 D2 54 D2 53 CA 54 CA 53 BA F3 C2
B3 BA B4 DA D4 C1 94 D2 EC DB 90 D4 94 E3 B4 DA
F4 E2 12 A3 92 B2 2F A3 2F 9D F2 BC 32 82 52 8A
72 8A EB BC FB FF FF FF FF FF FF FF 73 CD EB AB
D5 81 B4 79 D5 A3 F3 B5 30 6B F4 93 52 72 96 B2
D6 AB 56 D3 75 A2 75 A3 F5 B1 55 9A 97 B1 8E CB
8E BB F5 A9 13 7A B5 A1 D5 89 B6 A1 D1 82 D2 6A
E6 E2 EB F5 57 E7 15 E7 15 E7 56 EF B0 B5 0D A5
35 EF B0 BD D0 BD 56 EF 8F B5 F1 C5 93 D6 8F B5
32 CE 15 E7 36 EF 15 E7 D0 BD 73 D6 D4 DE 4A 8C
4E AD F5 E6 36 EF 15 E7 15 E7 15 E7 55 EF 93 A3
D4 89 D5 89 D4 81 B5 89 33 82 B5 A1 F4 81 92 7A
B5 99 B6 A9 D5 89 D6 C1 D5 B9 96 E9 77 C1 B6 E9
6C D4 D4 DA B4 AA 76 CA F7 CA 96 C2 56 D2 D4 93
13 B3 52 93 F5 BB F6 A2 16 B3 16 A3 B6 D9 D5 A9
B6 E1 96 91 54 EA 6C D4 35 EA 34 92 F6 D9 D6 D1
D7 F1 34 B2 4F 6B 50 A3 52 7A F5 C9 D5 C1 B6 B2
56 A3 16 BC 16 B4 57 BC F8 AB D3 BC 8D CD 96 BC
B5 C4 F7 BC 96 AC B7 B4 17 BD F6 A3 36 AC 37 C5
36 C5 F6 C4 B7 CD 56 DE B6 D5 36 DE 56 E7 16 E7
35 EF 15 EF 15 EF 15 EF 15 EF 15 EF 36 EF F4 D6
14 E7 34 CE F4 79 14 82 D5 79 D4 79 D4 81 35 92
74 82 54 82 B6 81 CD AB 6F A3 F4 81 94 AB D6 AB
F5 92 F6 AB B6 A3 95 92 56 AC F4 A3 96 AC 96 A3
94 9C B2 C5 97 D5 F5 EE 36 EF 36 EF 15 EF 15 EF
15 EF 15 EF F5 E6 15 EF 15 EF 15 EF 15 EF 15 EF
15 EF 15 EF 15 EF 15 EF 15 EF 15 EF 15 EF 15 EF
15 EF F5 EE B6 D5 D6 D5 16 DE 96 CD 16 DE D6 D5
76 A3 54 A3 B4 A3 D5 B3 36 A3 D5 92 96 A3 F5 89
15 92 76 BA 95 79 13 82 AB BC B1 8A 34 9A 15 9A
F5 89 34 92 F5 89 F5 91 B3 7A B4 79 D5 B4 94 B4
95 DE 75 A3 B5 DE 74 A3 F5 CD 96 9B 12 E7 6B CD
94 DE 94 B4 55 EF 15 E7 35 E7 55 EF 74 9B B5 81
33 7A F4 79 D5 79 B5 99 D5 81 D5 91 D4 81 D5 91
96 99 D2 C2 6B BC F4 A9 13 8A D4 79 B5 A9 B5 89
F4 91 14 82 B5 79 D4 81 F4 89 F5 AB 55 F7 35 EF
36 D6 F5 AB B5 CD 76 B4 AE E6 CD D5 15 D6 54 CD
75 F7 F5 EE 35 EF 75 DE D4 AB 95 E6 F5 BC 15 D6
56 AC 0E E6 D2 81 74 8A D4 79 B5 79 96 89 8F CB
AD B3 F5 99 14 92 B5 89 D5 A1 B6 A9 12 AA C1 FB
0F 93 D2 8A D5 D1 B6 D9 B6 C9 B6 D1 B6 D1 96 C1
96 B1 97 D1 2C DC F1 EA F5 C9 B5 E1 57 F1 97 F1
77 F9 14 9A 34 AA 72 A2 10 8D B5 BC B4 79 B5 79
8D A3 6E CD DF FF FF FF FF FF FF FF F5 C4 4A B4
92 8A 33 82 13 94 11 9E 8E 7B 32 94 B0 82 33 B3
94 B3 F4 DA 33 A3 14 AB F4 91 D0 B2 D1 C2 6F C3
6E A3 14 AA 32 82 33 A2 53 92 B1 8A 2F 8B 30 73
05 E3 A9 F5 55 E7 F3 E6 F3 E6 54 EF 8E B5 6D B5
34 EF 69 94 69 94 30 CE 4C AD 0B A5 AE BD AA 9C
EB A4 B2 DE 13 E7 13 E7 50 CE AE BD 91 D6 2C AD
AA 9C B2 DE 14 EF 13 E7 13 E7 F3 E6 53 EF 73 9B
52 82 52 92 33 8A 33 92 B1 8A 53 A2 72 8A F0 82
33 9A 34 B2 52 8A 8E 83 2D 9B 13 AC 30 AC 72 B4
8D AC 70 B5 53 AC 14 9C D4 9D F4 8C B4 A4 D2 9B
B3 8C F2 9C 72 95 94 9B 54 8C 14 A4 D4 8C 34 83
33 8D CF 9B 92 8D 8D 9D 54 8D 73 82 D4 8C 74 8C
55 8D 32 84 8E 73 2F 7D D1 82 34 8C 14 8C 53 8B
F4 93 D4 8B 35 B4 13 A5 D0 B4 91 BC AE AD F5 AC
95 BC 14 A4 D5 BC 74 BC 14 B4 B4 BC 92 A4 92 9B
32 9B F1 9B F0 9C 54 94 B5 8D 33 8C EC 9C 4E BD
0E A5 14 9E 33 9E 73 9D 54 A7 34 9F 30 A6 2C 6C
CB 6C ED 6B 32 8A 92 8A 33 8A 32 8A 72 82 52 73
53 73 10 84 30 93 6E 9B 4F B4 54 A3 53 9D 53 B4
B2 92 90 A4 14 AC 33 9B 93 A4 31 9D B4 AC 73 A3
12 A5 0D 9D 93 A5 D5 B6 AE A5 CE A5 53 BF 34 C7
54 C7 34 C7 13 C7 13 C7 34 C7 54 C7 54 C7 54 C7
54 C7 34 C7 54 C7 54 C7 34 C7 34 BF 34 C7 54 C7
34 C7 74 C7 D4 BE 54 B6 54 CF 34 B6 34 B6 30 AE
92 9B 71 9B 50 93 F3 A3 33 9B 13 9B D4 A3 F2 9A
33 92 F4 BA 2F 9B B1 92 2B A4 B0 92 B4 82 13 8B
72 8A 30 8B D3 82 B3 82 D2 82 73 8A 2E 7B 51 83
34 77 12 83 AE 84 B4 8B D2 9D AF A4 F0 A6 AB 9C
52 96 94 8C 54 9F 54 9F AF 95 AD 75 B1 7A 33 8A
91 82 72 82 32 8A 33 83 73 82 B2 8A 33 82 B1 92
B0 A3 F1 A3 0C AC 13 93 33 82 33 82 51 93 92 8A
52 83 B2 82 33 8A 53 8A 90 7A 73 8C 74 A7 0F 96
8E 94 14 9C 11 C6 50 BD 6F C6 8E BD F4 BD 54 B5
53 CF 13 C7 33 C7 94 BE 33 9C 15 C7 31 94 0F A5
91 93 2E AD 32 92 33 92 13 82 D0 92 F1 A2 8F B3
8E AB 54 92 72 8A 91 92 73 9A 94 A2 B0 AA E1 FB
8E 93 50 8B 13 BB D4 C2 D4 BA D4 BA 94 BA D4 AA
11 A4 12 9B 2E C4 F0 DB 94 BA F4 C2 34 BB F5 AA
54 EB F2 A2 4F AB AD 9B 10 9D F2 BC 32 82 73 8A
2B AC D1 BC FF FF FF EF FF F7 FF F7 38 AC EB AB
6B B4 33 82 F2 AB D0 B5 6E 7B D1 9B 33 8A 93 BA
33 BA 34 E2 73 AA D1 BA 31 9B 6D BC CD DB 14 AA
13 82 53 AA 52 82 53 A2 52 92 53 9A 4E 8B 50 73
05 E3 C9 F5 54 E7 F3 E6 13 E7 13 E7 13 E7 13 E7
13 E7 F3 E6 13 E7 F2 E6 13 E7 33 EF 33 EF 13 E7
91 D6 AE BD AE BD 50 CE F3 E6 F2 E6 F2 E6 F3 E6
F3 E6 13 E7 13 E7 13 E7 13 E7 13 E7 33 EF 72 A3
92 82 72 8A 52 92 52 92 D1 8A 73 A2 72 8A F0 82
53 9A F1 A2 53 8A F3 BA 8F BB D2 C3 EB CC 11 CC
95 9A 34 BB B2 92 AF 83 74 BB 35 A3 73 AB 50 83
D0 9B 8F 83 D1 AB B3 A2 32 AB 11 9B D3 94 10 A4
50 A5 0A B5 F3 9C 55 8B F4 94 B2 8A 92 85 34 75
74 6E B2 74 8D 7B AE 6D D0 82 F4 7C B3 7C D3 7B
B3 7B 92 84 6F 93 51 6E AA B4 52 83 74 64 D4 56
F4 6C 50 6C CF 82 15 6D 10 74 D1 8A 4F 83 10 7B
B2 73 10 7B 4C 6D F2 7B 0F 7E 2F 7D 8D 7E CB 9D
13 56 B4 5D F4 55 F3 64 74 47 74 47 F2 4E F0 73
AD 73 2C 74 52 8A CF 82 52 8A 52 8A 72 82 91 84
8E 8B 4C 9C 2C B4 F4 81 72 82 52 9B 13 84 B3 93
53 9B 12 84 F3 92 13 93 50 7B 90 94 D2 9B D2 92
32 A3 73 75 11 6E 8A 84 D0 73 10 84 92 84 72 5E
33 65 54 56 74 47 54 4F 74 47 50 5D 30 65 F1 64
11 65 14 5E B0 64 71 73 54 56 70 7D 32 66 53 6C
B4 56 53 6C 94 56 33 65 F4 4E 94 4F 94 4F 34 4F
72 82 13 7B 32 7B 4F 6C 51 6C 32 8A 33 7B B1 82
2F 94 51 6E 8A BC B0 9A 54 7A 52 82 72 7B B3 73
F2 82 31 7B 12 7B 12 7B 12 83 92 82 71 7B 92 7B
94 47 92 7B 71 66 6F 8C AE 6D 28 AD 30 5E 94 6B
B2 56 13 6D D3 56 0F 65 0E 65 CB 73 92 8A 52 8A
B1 82 71 82 53 8A 30 7B 72 82 F0 8A 4E 9B EF 93
6A AD 32 7C 13 82 73 83 72 8A 32 8A 12 7C D2 82
B2 73 F1 82 52 8A 71 82 F2 82 F0 7A 50 4E 93 7A
EE 7B 11 7D 11 67 2A A5 B2 5C 74 6C D3 55 F4 5C
F2 56 B0 65 F3 65 91 5E 8F 73 8E 75 CD 7B EE 64
50 73 11 6D 90 8B EF 9B 10 93 4D AC 2B AC 33 92
13 92 52 9A 52 92 52 92 53 A2 54 AA 90 B2 E1 FB
8D 9B 50 8B B3 CA 94 D2 73 C2 74 CA 50 B3 71 CB
2D D5 8E E4 95 AB 74 CC B3 BC 74 DA 74 E2 74 BC
54 ED D2 A2 D1 A4 2F A4 ED 8C 12 AD 33 82 AE A3
E8 BC 95 A3 FF FF FF E7 BE F7 FF FF 77 B4 B0 8A
8A BC 51 82 F2 AB F0 BD 2E 7B F1 A2 52 8A 53 BA
33 BA 33 E2 33 AA 8E CB 0C BC 33 A2 53 BA 52 B2
52 9A 53 AA 52 82 52 A2 52 92 91 A2 D0 8A 10 7B
25 E3 C9 F5 14 DF F2 E6 F2 E6 F3 E6 D2 DE 13 E7
13 E7 13 E7 D2 DE 13 E7 F3 E6 13 E7 D2 DE F3 E6
F2 E6 13 E7 13 E7 13 E7 F2 E6 F2 E6 13 E7 13 E7
F2 E6 D2 DE 13 E7 F3 E6 F3 E6 D2 E6 33 EF 92 A3
50 92 92 8A 92 8A 52 92 B0 8A 13 93 B1 8A 10 83
B2 92 B1 8B 92 8A 12 94 0A C5 31 A5 D4 8B F4 94
93 93 34 9C 12 8B 13 8C B2 9C B0 94 93 8C 4F 7B
70 84 AE 7B B1 8C 33 93 B3 93 32 8B D3 94 0B BD
F2 9C D3 82 F4 94 F3 8B 14 95 B2 8A D4 94 73 94
74 95 32 8C 8D 7B 2E 7D F0 82 34 94 13 8C 72 8B
53 8B 70 9C CA B4 52 7D 93 82 D0 83 B2 74 F4 56
B3 6C 12 6D 51 74 0F 74 0F 74 B0 82 F0 82 51 7B
73 74 52 7B 53 66 13 74 B0 76 2B A6 74 5E B3 6C
94 5E D3 65 13 66 13 6D 94 4F 74 57 94 4F 90 65
ED 73 CE 65 51 8A F1 73 92 8A 52 8A 73 82 0E 95
2C 9D 73 73 B2 82 52 8A D2 82 52 7B B3 74 53 74
D2 82 D3 74 52 8A 72 8A 70 7B CE 6C F2 7B B2 82
D2 7B 34 65 8D 8E 6C 9D F3 6C F4 65 93 6D 93 5E
13 6D 33 5E 74 57 54 57 74 57 0F 6D EF 6C 90 74
8F 74 D3 65 13 6D B2 7B 14 5E EB A5 90 7E 13 74
B3 5E 13 74 73 5E D3 6C D4 56 74 57 74 57 34 57
92 8A 32 83 31 83 F1 6C F3 6C 52 8A 52 7B 12 83
4A AD F0 7D 13 82 B2 82 D2 7B 52 8A 52 7B 92 7B
12 83 F1 7B 12 83 12 83 12 83 92 8A 13 74 92 7B
31 6D D2 73 F2 66 8B AD 91 66 91 7B 2D 8E D1 83
6F 74 73 74 94 4F D3 65 2F 6D 30 74 D2 82 52 8A
B1 82 71 8A 52 8A 92 7B 92 82 30 93 8A BC F1 83
D3 73 50 84 91 8A 90 7B 92 8A 70 82 B2 83 B2 8A
52 83 D1 82 71 8A 91 8A 13 8B 71 8A CF 83 53 82
0C B4 68 B5 0F 8D 51 8B F0 93 53 A3 D3 AB 73 8B
AD AD 51 7D 0E 65 6E 75 6E 7B 4E 75 2D 7C CF 7D
52 7C 91 66 12 84 2E 9D 2B B4 32 83 B2 82 32 8B
92 8A D2 92 71 8A 72 92 72 9A 93 A2 CE A2 E1 FB
6D 9B 2F 93 73 D2 53 DA 53 CA 34 D2 0C D4 0E D4
F4 B2 B4 DA D3 C2 73 CB F3 C2 33 DB 54 E3 34 CB
B4 EB 11 A3 71 9B 8F 83 0E 9D F2 BC 32 82 ED AB
CC A3 95 A3 FF FF DF EF BF FF FF FF B6 B4 90 8A
4B B4 4D 9B 11 AC 0E BE 6D 83 0F AB B0 92 B1 BA
72 B3 6E E4 4B CC B2 B2 92 93 31 A3 B1 C2 31 B3
B1 AA B1 B2 B0 8A B1 AA B1 9A B0 A2 B1 9A 4F 83
44 E3 A8 F5 12 DF F1 E6 D1 E6 F1 E6 D0 DE 11 E7
F1 E6 F1 E6 D0 DE F1 E6 F1 E6 11 E7 D0 DE F1 E6
D1 E6 F1 E6 F1 E6 F1 E6 F1 E6 D1 E6 F1 E6 F1 E6
F1 E6 D0 DE F1 E6 F1 E6 F1 E6 D1 E6 31 EF F1 AB
B0 92 D0 9A F0 9A B1 92 0F 8B 11 A3 F0 92 6E 8B
D1 9A 11 AB A9 BC 2C C4 F2 AA 92 CB 51 B3 92 CB
70 A3 B0 9C 31 93 F2 9B D0 A4 ED A4 B1 94 8E 83
8E 94 ED 8B EF 9C 71 9B D0 A3 E9 C4 B0 AC 52 93
92 A4 31 93 B2 A4 D1 9B B2 A4 F1 92 92 A4 32 A4
F2 AC 10 9C CC 83 ED 8C 2E 8B 12 A4 F2 9B AF A3
09 C5 D0 A3 B1 8A 91 9C D1 92 8E 84 D1 7C D2 66
D1 7C 72 75 B2 6D 4E 75 8E 7C 0F 8B 90 92 70 8B
71 84 72 83 8F 86 AA AD D2 75 D2 7C 12 76 91 7C
12 66 72 7D B2 75 F1 74 F2 6E B2 6E D2 6E 2F 6E
2C 7C ED 75 B0 92 71 84 D1 8A 8D A3 C9 B4 F1 83
B1 83 F1 83 F0 8A B0 92 10 8B F1 83 B1 7C 51 84
91 8B 11 7D B0 92 D1 92 AE 83 ED 7C 11 84 F1 8A
CB A5 0C 9E 32 75 92 7C F1 7C B2 75 71 7D 71 6E
31 75 32 6E 52 5F 32 5F 52 5F 4E 75 0D 75 CE 7C
CE 7C F1 6D 12 75 2B A5 ED 8E B2 74 D2 6D 91 7C
92 66 51 7C 72 66 11 75 D2 66 52 5F 52 5F 32 5F
F0 8A 71 83 70 8B 0F 75 F2 74 90 92 29 B5 0D 9C
72 83 10 6E D0 92 71 8B D1 7C D0 92 B0 83 D0 83
71 8B B2 7C 30 8B 50 8B 51 8B F0 92 51 7C 91 83
70 7C 69 B5 CF 76 D2 7B AE 7C 0F 84 CD 7D AF 8B
4F 8B F0 83 EE 6D B1 75 EF 7C 30 84 10 8B B0 92
D0 92 D0 92 B1 8A 0F 94 E9 BC 90 93 91 8A 91 8B
F1 8B 0F 94 F0 8A F0 8B F0 92 8F 8B 51 9B F1 92
4F 93 0F 93 D0 92 EF 92 10 93 B1 8A EF 9B 89 BC
EC AB 2F 93 EC B3 EF 9A 2D AB B1 C2 92 E2 D0 92
6E DB 30 BB 4E 9B CE AB CD 83 8D 94 2C 8C 4F AC
52 A3 6C BD EA A5 B1 8B 90 92 6F 9B F1 92 51 9B
D0 92 11 93 F0 92 F1 92 4F 9B 50 9B 2D B3 E1 FB
AC A3 8E 9B D1 D2 92 D2 ED DB 4B E4 92 C2 92 B2
91 A2 72 CA 91 CA 72 CA 72 C2 B2 E2 D2 EA B2 DA
52 F2 F0 AA F0 9A 2E 73 4D A5 F1 BC CF 92 C9 BC
CF 92 D4 AB FF FF DF FF FF FF FF EF 97 A4 52 82
CD AB 0B AC D3 AB CE B5 2E 83 D1 A2 14 82 0F CB
6B CD 72 D4 50 B3 73 B2 53 B4 32 A3 53 C2 72 AB
72 A2 52 AA 52 82 52 AA 52 92 52 A2 72 9A 10 7B
25 E3 A9 F5 35 E7 F3 E6 13 E7 13 E7 13 E7 12 E7
13 E7 13 E7 13 E7 13 E7 13 E7 F2 E6 13 E7 13 E7
13 E7 12 E7 13 E7 F3 E6 13 E7 13 E7 12 E7 13 E7
13 E7 13 E7 13 E7 13 E7 13 E7 F3 E6 33 EF 92 A3
52 92 B1 92 10 9B 52 8A D0 82 F2 9A 72 8A D0 82
2B C4 CF BB 70 9B 92 B3 13 A3 B3 BB 33 AB B4 BB
71 9B D0 94 F3 92 F3 93 94 9C 35 9C B2 8C 6F 7B
8F 8C 8F 7B B1 8C AC BC 0F A4 B0 9B 93 9C 53 93
B3 9C F2 8A B3 9C B3 93 D3 9C B2 8A 93 9C 33 9C
33 9D 11 94 AD 7B EE 84 91 7A F2 A3 EB BC 91 9B
EF A3 F0 9B 72 8A 92 94 B2 8A 51 74 B3 74 D3 56
B3 74 33 6D D3 65 B4 5E 70 74 D0 82 52 8A B2 7A
50 84 EB AC 91 6E B0 84 13 66 F3 74 53 5E 93 74
53 5E 93 6D D3 65 F3 6C 54 57 13 57 34 57 50 5E
0D 74 EF 5D 13 82 EF 8C 4B AC B1 92 4F 93 F2 7B
D2 7B D2 7B D2 82 52 8A F2 82 D2 7B D3 6C 52 74
D2 7B 53 6D 91 8A 92 8A 50 7B 90 64 0E 95 8C A4
D1 7C 91 75 93 65 B2 74 33 6D F3 65 B3 65 B3 5E
33 6D 53 5E 94 4F 54 57 74 57 2F 6D 8D 74 0F 74
50 6C 8D 8E AE 8D 11 84 10 6E B2 6C D3 65 52 74
93 5E 32 74 53 5E D3 6C D3 5E 54 57 54 57 D3 66
92 8A 32 83 F2 7A 52 74 CC 9D 6D A3 B0 8B 51 8B
32 83 B2 5E D2 82 F2 82 73 74 B1 7B 92 7B B2 7B
12 83 73 74 11 83 50 83 12 83 53 82 F2 7B EB AC
B0 8C D0 93 4F 7D 31 83 70 7B B0 7B 4B 74 71 7B
D3 82 D1 7B 4D 74 B2 65 53 6D 53 74 F2 82 52 8A
13 82 F1 8A 6B AC D0 8B 4F 93 12 8B 92 8A 71 83
D2 83 13 84 B2 8A B3 8B B2 8A 72 8B 72 8B 71 83
30 83 D1 8A 72 8A 32 82 8F 93 8B B4 D1 8B 0F 9B
90 9B B2 92 B4 AB 72 8A 8F 9B 72 8B D3 AB F1 82
54 AC B4 A3 53 AB 8E 9C 6E 83 4E 94 6F 7B 70 B4
8D BC F2 BB 2F A4 12 9B 71 8A 12 A3 92 92 D2 9A
72 92 B2 92 92 92 93 92 8E 8B F1 9A 70 D2 E0 FB
6D 9B F1 8A ED DB ED E3 D2 CA F1 D2 73 CA 73 C2
73 AA 73 B3 13 C3 73 D2 F3 C2 93 DA 54 F2 74 F2
74 F2 B1 AA D1 9A EF 72 2F 9D D3 BC 6D A3 8A B4
72 82 B5 A3 FF F7 FF FF FF F7 FF FF 58 AC F3 79
14 82 CC A3 D0 BC B1 B5 D0 72 AF AB CD AB D4 B2
B3 BB 75 CC 15 A2 14 B2 D4 A1 F4 A1 B4 BA 74 AB
14 A2 14 AA 13 7A 14 A2 14 92 14 9A F4 91 B2 72
05 E3 CA F5 70 E7 11 E7 15 E7 14 E7 14 E7 14 E7
14 E7 14 E7 14 E7 14 E7 14 E7 14 E7 14 E7 14 E7
14 E7 15 E7 30 EF 30 EF D4 DE D3 E6 14 E7 14 E7
14 E7 14 E7 14 E7 14 E7 14 E7 14 E7 54 EF 54 9B
12 82 53 8A 94 92 13 82 52 7A 95 92 ED AB CD 9B
B3 92 34 A3 55 92 35 9B F4 9A B5 B3 15 A3 F3 B3
32 9B 76 A3 94 8A 55 9B D5 A3 D5 A3 14 94 10 73
F1 8B EB A4 EF A4 51 93 54 93 95 8A D5 A3 F4 92
15 A4 74 8A 15 A4 35 93 36 A4 54 8A F5 A3 B5 9B
94 AC F0 8B 4F 6B 2F 7D 4B A4 B4 8C 32 84 F2 8A
53 83 31 84 33 82 52 75 94 7A 94 6C 94 64 F5 4E
94 6C 14 65 95 5D 75 56 51 6C 52 7A 92 92 6B A4
4E 74 72 7B 75 56 F5 6B 35 56 D4 64 95 4E 74 64
95 4E D5 55 15 56 15 5D B6 3F 96 3F B6 3F F2 5D
8F 6B EE 75 AD A3 D4 7B B2 8A F4 81 14 82 93 7B
34 7B 54 7B 73 82 13 82 73 82 34 7B 35 74 B4 7B
34 7B B5 74 74 82 F4 79 4D 94 AB 8D 93 7B D1 8A
B3 6B 55 74 D4 74 F4 7B 74 74 15 75 D5 74 95 65
54 74 34 75 31 56 55 47 75 47 50 5D 10 6B CD 8C
8D 7D B4 5D 13 6D 75 6B 31 73 12 6C 74 6D D4 73
13 66 94 73 95 6D 34 74 15 56 95 5E 95 56 35 6E
14 82 D3 7A AB A4 10 8D 54 7C 52 8A B5 7A 74 82
D4 7A 35 66 73 82 94 82 F4 73 93 73 13 7B 14 7B
92 7A 53 6C 33 73 13 73 F3 7A 4C AC 72 7C 53 7B
B4 6C 54 6B 8E 6B 72 7A 55 6C F2 7A 0F 73 B4 7A
74 82 D3 6B 33 6C 30 73 92 64 34 6C 54 7A 32 8A
0C B4 51 8B 12 8B F3 82 34 7A 33 8A 73 92 72 AA
33 A2 73 A2 F3 89 F4 B1 52 8A 4F 93 93 92 B2 93
13 8B 13 7A D0 92 6B A4 D2 92 B1 8A 0F 7B D4 79
D5 B9 F4 99 B5 D1 13 8A D5 69 D5 91 B5 C9 33 9A
D5 F9 B5 E1 D5 C9 B1 C2 F0 72 AE C3 AA AC 33 AA
33 C2 96 E9 B6 C9 F4 B1 F3 81 F4 B1 F4 91 F4 A9
13 8A F4 99 F3 89 F4 91 F5 E1 F6 B9 71 C2 A1 FB
4B BC 4C AC 54 D2 54 DA F5 C9 F5 D1 15 B2 15 C2
F5 C1 15 AD 15 B4 D5 CB D5 BC 35 C5 15 F2 D5 F1
D5 F1 73 A2 73 A2 CD B3 0C AE 53 B5 EB AB 73 8A
F3 79 76 9B FF DF FF FF FF FF FF FF 77 BC 32 82
53 8A CC A3 4D CD F0 BD 4E 83 8E B3 0C AC 33 BA
F4 B9 B4 E1 33 AA 33 B2 33 A2 33 A2 53 BA 33 B2
53 A2 53 AA 52 82 53 A2 52 92 53 9A 91 9A 50 83
25 E3 EA FD 4D E7 10 EF 14 E7 13 E7 13 E7 13 E7
13 E7 13 E7 13 E7 13 E7 13 E7 13 E7 13 E7 13 E7
13 E7 13 E7 2D EF 2F EF 14 E7 13 E7 13 E7 13 E7
13 E7 13 E7 13 E7 13 E7 13 E7 13 E7 33 EF 92 A3
72 82 72 92 33 AA 52 82 0F 8B 72 93 2C AC 0C 9C
94 8A B3 8B 32 8B 6E 7B 71 8B 94 9C B3 93 B4 9C
73 93 54 94 F3 82 D3 8B 94 94 D1 94 32 85 AE 8B
EF 84 2A A5 90 8D 34 83 F3 8B 53 8B F4 84 73 8B
54 85 12 8B 34 8D F2 8B 73 8D B3 8A F4 8C 94 8C
74 8D 52 84 EC 83 8E 7D 4A AC 11 75 D3 6C B2 7B
F3 7B 74 74 72 8A 54 6D 92 82 EF 73 B3 6C 14 4F
B3 6C 53 65 D4 5D 94 56 90 74 EF 8A B0 92 AB AC
B4 5E 73 73 94 56 33 74 54 56 F3 6C 74 5E 93 6C
33 66 54 6D B3 6D 92 7C 93 76 53 76 73 76 0E 76
0D 7C ED 7D CC AB D4 7B 73 82 52 8A 72 8A 0E 83
73 83 73 83 72 8A 32 8A B1 82 D0 83 72 7C F2 7B
73 83 B3 83 D1 8A B2 8A 4D 94 CA 95 93 73 D3 82
93 6C 14 6D 94 65 73 6C F4 6C D5 5D 94 65 B4 5E
F4 6C 34 5E 70 65 6F 56 D4 47 AF 65 CE 7B EC 8C
CC 85 D4 55 34 65 D3 73 53 74 93 6C F4 5D 53 6C
D4 56 33 74 94 56 13 6D 32 6E 54 6E 74 66 54 6E
F1 92 32 8B 4D AC AC 8D 72 74 52 8A 52 83 91 82
F2 82 D4 6D 92 7A B2 8A 13 7C F2 7B 11 83 11 83
D3 82 53 7C F3 83 50 8B 31 8B 4B AC 11 8C F3 82
31 74 32 83 F2 82 B3 8A 53 8B D3 8A F3 8A 52 82
52 8A 72 8A 92 83 92 82 B0 83 92 8A B1 92 B1 92
2B B4 31 93 32 83 71 93 92 8A 13 8B 51 93 92 93
D2 82 31 AB 93 9A 93 A2 52 92 B3 A2 73 9A F4 BA
12 AB D0 8A 0F 9B 8A AC B2 92 73 9A F3 AA 52 82
D3 AA 73 92 14 8B 52 8A B3 8A D3 8A 14 AB 73 9A
54 D3 14 BB D4 8A D0 B3 AD 83 6D AC 09 AD 33 BB
B4 AA D0 C3 73 CA 53 B2 52 8A 53 B2 53 92 73 A2
52 92 53 9A 52 92 53 9A 0F BB 4F 8B 90 D2 C1 FB
6A BC 6B B4 54 CA 34 DA 53 CA 54 D2 34 B2 53 BA
33 B2 94 BC F3 BB 94 D2 14 C4 74 D3 54 EB 54 EB
74 EB 70 AB F1 83 0C 95 CB BD 90 C5 2A AC 72 8A
32 82 95 A3 FF E7 FF F7 FF FF FF FF 97 BC 51 82
92 8A D0 92 6B CD 8D C6 C8 AC B1 A2 33 82 92 B3
D2 BA 93 DB 92 AA D2 AA 12 BB B2 AA 72 B3 72 AB
72 A2 72 AA 71 82 72 AA 72 9A 53 9A AD B3 AA AC
25 E3 C7 F5 4D E7 F2 E6 F2 E6 F2 E6 F2 E6 F2 E6
F2 E6 F2 E6 F2 E6 F2 E6 F2 E6 12 E7 12 E7 12 E7
12 E7 F2 E6 0C E7 F2 E6 F2 E6 F2 E6 F2 E6 F2 E6
F2 E6 F2 E6 12 E7 F2 E6 F2 E6 F2 E6 12 E7 B2 A3
71 8A D1 92 F2 92 72 8A C8 AC 8D B4 72 82 10 83
D2 92 D1 8B 51 8B D2 9B 92 93 73 94 B2 9B 73 A4
72 9B 13 A4 F2 8A 93 A3 13 AC F4 AB 12 AC 08 B5
EC A4 4F 7B 51 9C 12 9B 72 A3 12 9B F3 AB B0 93
6F 8C B1 8A F3 9C D1 93 11 9D B2 8A 93 9C 33 9C
F3 A4 11 9C 47 B5 2D 9D 0F 73 F1 8C 33 8C D1 8B
F2 83 52 84 91 8A 13 7D B2 8A 12 84 32 84 D3 7D
72 7C 93 7C 52 75 D3 6D 8E 8C 08 B5 EF 8A 92 7A
B3 6D 92 83 D3 6D 12 7C B3 75 12 6D 93 5E B2 74
73 5E 93 6D F3 65 D2 74 F2 66 D3 66 F3 66 CD 76
88 AD CF 65 32 82 72 74 D1 8A 71 8A 91 8A F2 6C
F2 7B D2 7B 50 83 71 8A 52 83 93 6D B2 74 72 74
F2 7B F1 73 4A A4 4B B4 10 7B 4F 7C 72 8B D2 8A
D3 8B 72 8C 2F 85 90 84 0F 7D 4E 8D CF 84 B3 74
4F 8C 51 8D 52 8C 51 8C B4 85 8B A5 E9 A4 50 7B
2F 74 D3 8C 30 7C 10 83 32 7C 72 7C 93 75 32 7C
33 66 12 7C 13 6E B2 74 53 6E B3 66 B3 66 74 6E
8B B4 6D 9C 8F 73 71 7C 92 84 D1 82 31 83 D0 8A
F1 8A 73 9C B2 8A B2 92 72 93 52 9B 12 8B 12 8B
B2 92 93 9B 53 9B AA B4 AF A3 33 82 32 93 F2 92
91 93 F1 92 92 92 D2 92 52 93 F2 92 32 93 71 8A
71 8A 71 8A F1 92 D1 92 B1 93 F0 92 A9 BC F0 92
13 82 B2 8A 32 93 32 93 B2 8A 32 93 52 93 72 93
32 93 72 A4 12 93 72 93 B2 8A 52 93 12 93 33 9C
F0 83 C9 B4 B0 92 91 7A 11 8B 12 93 B3 93 71 8A
92 93 F2 92 33 9C 72 8A 72 9B D3 93 73 94 12 93
F3 9C 53 9C B3 93 2E A5 28 AD AE 84 AE 7B 73 94
6F AB 70 BB 73 CA 72 B2 71 8A 72 B2 72 9A 92 AA
72 92 72 9A 72 92 72 9A 92 DA B2 D2 4D D3 00 FC
4E 9B 30 8B 92 D2 73 D2 73 CA 73 D2 73 CA 73 C2
73 B2 73 DA 53 C2 73 DA 73 CA 13 DA D3 EA 33 EB
F4 EA 2C D4 2C 7C D0 52 EF A4 0C D6 AC A3 72 8A
71 8A B5 A3 FF FF FF FF DF FF FF F7 DF 8A 1E 48
1E 58 1D 50 DF 82 5C 96 37 41 1C 79 1E 58 5F A0
7F 99 FF CA 5F 90 3F 98 DF 92 FF 80 3F A8 9F 91
3D 78 BB 78 1E 50 3E 68 1D 58 5B 78 1E 68 3D 39
E7 C2 30 FE DF F7 7F FF DF F7 FF FF DF F7 7F FF
9F FF 7F FF 9F FF 7F FF 9F F7 7F FF 5F FF 5F FF
5F FF 9F FF 9F FF 9F FF 7F F7 9F F7 9F FF 9F F7
9F FF BF F7 7F FF BF F7 7F FF 9F F7 FF FF BF 81
1E 58 1E 68 1F 88 1D 50 97 39 1F 90 1D 60 DA 50
1F 78 1F A8 1F 88 1F B8 1F A0 1F E0 1F B8 1F F0
1F A0 1F D0 1E 68 9C 78 DF C0 BF B8 3F B1 39 49
F9 79 B8 51 7C A1 1F 88 5F 98 1F 80 79 B9 FA 71
7D 62 1F 58 BF 6B 3E 52 9E 64 3F 58 BF 63 1F 63
9F 6C BD 5A F6 39 19 44 B8 41 36 4B DE 59 9F 59
9F 59 1F 62 1E 58 1F 63 1E 58 1F 5A FF 59 1F 64
FE 51 F7 42 BD 43 1F 35 9B 3A 38 41 BA 48 7D 48
BF 34 5F 51 FF 3C 1F 4A 9F 3C 7F 33 BF 25 1F 3B
BF 25 DF 2C 3F 25 DF 23 9F 07 5F 0F 7F 0F BC 1D
76 3A 39 1D 1D 50 BF 3A 3E 50 1E 58 1E 50 9F 33
FE 41 BE 41 DE 41 1E 58 1E 49 5F 2C 1F 3B 9F 3A
DF 41 BF 3A F6 32 1D 58 5A 49 18 43 5E 59 3E 58
FF 59 BF 5A 5E 5B 5E 42 FD 52 BC 63 FC 52 DF 42
1D 6A DF 53 BF 5A 1F 5B DF 5C 59 43 D8 41 DA 49
D9 3A 5F 53 3E 52 3D 50 FF 49 1F 52 9F 3B DF 51
5F 34 BF 41 3F 4C 7F 4A BF 2C 5F 3D 5F 35 FF 4C
1D 50 FE 50 B6 3A 5D 5A FF 61 9A 50 1B 59 9E 50
5E 60 BF 99 1E 50 1E 60 BF 80 7F 78 3F 68 5F 68
1E 60 DF 88 FD 70 9B 50 1F 68 1E 58 3F 80 3E 68
D7 A8 1C 80 1E 58 5C 60 1E 98 1F 80 1F 88 1E 48
1E 58 1E 50 1F 80 1E 70 1F B0 1E 60 1E 58 1E 58
1D 50 1E 70 1F 88 1F 90 1E 60 1F 90 1F 90 1F A0
1F A0 1F F8 1E 78 1F 98 1E 60 1F 90 1F 80 1F D8
1E 78 3C 50 1D 58 9B 48 1D 68 1F 80 1F A8 1E 40
1F A0 1E 78 1F C8 1E 58 1F 98 1F A8 1F B8 1F 80
1F F8 1F D0 1F B8 FB A8 97 49 D8 89 D7 51 1F C8
1F A8 1F C8 1F B8 1F A0 1E 58 1F 98 1E 70 1F 88
1E 60 1F 70 1E 60 1E 70 1F D8 1F E8 7A B8 A1 FB
D6 79 3A 61 1F C8 1F B0 1F B8 1F C8 1F C0 1F B8
1F B0 1F E0 1F B0 1F D8 1F C0 1F C9 7F F0 1F F8
1F F8 5D 90 5D 40 D9 40 98 84 FE AB 1D 48 1E 58
1E 50 9E 79 FF FF FF FF DF FF FF F7 5C 93 5B 58
7C 60 3B 58 FD 8A 39 9E 96 51 7A 81 3C 60 5D A8
5D 9A 9E CC BA 68 DA 78 7E 89 BD 80 3B 99 3C 92
FB 70 5A 79 9B 68 7C 68 3B 60 58 59 FA 58 5E 50
C7 CA CD DD DB A6 1A B7 BA BD F9 A4 78 AD FD B6
DD B6 3D B7 9D B6 1D B7 BC BE 1D B7 BD AF BD B7
DD B7 7D B6 9D B6 FD B6 DD AE 1C B6 DD B6 7D B6
BD B6 1D B6 3D B7 FD B5 1D B7 1D B6 78 A5 5A 7A
5B 60 BB 60 7C 69 5B 58 D5 49 9D 69 DB 60 78 51
FC 68 3D 6A 7C 69 57 69 BB 71 5E 8B 3D 7A 7E 8B
DD 71 DE 82 3B 69 7A 4A 3E 64 BD 6B 57 53 B7 51
D7 3C D6 42 7A 54 DD 61 DD 62 BC 61 1E 5C 5D 62
9E 62 DB 60 1F 45 7A 43 9A 3E 1C 61 7E 3D 9D 44
7E 36 DB 43 34 4A 17 35 36 4A B5 3B 3D 43 BC 4A
9C 4A 9D 43 7C 60 DE 3C BC 58 BA 4A 5D 4B 1E 36
7C 53 1D 27 DE 3C 5A 2D 94 3A 97 51 18 51 FB 50
5E 35 FC 51 9E 35 BD 4A 5E 35 BD 43 FE 2D 7D 43
FE 2D 3B 35 3A 45 1D 3C 9E 17 5E 17 FD 2E 59 3D
D5 42 57 2D 3B 60 3C 43 BB 58 3B 60 7B 60 5D 4B
7B 52 3B 52 1D 52 3B 60 5C 59 5D 4C 1C 53 9D 52
1C 52 1C 5A B5 4A 9B 58 D7 51 B6 43 3C 52 DC 60
BD 52 DB 4B 1E 4C DD 42 5E 53 7F 44 5E 3C 7E 2D
9D 53 FE 3C DD 4B 3D 4C 7E 36 17 3C 36 4A 58 4A
77 3B 9D 44 3D 53 DC 58 BD 4A DD 52 7E 3C 9D 52
5E 35 5C 42 1F 45 5C 4B 5D 3D 5E 2E 5E 26 FE 3D
7B 58 9C 59 15 43 D8 4A BC 52 7C 59 3C 5A DD 49
7C 59 7E 45 DC 58 FC 58 BD 52 5C 5A DB 61 BC 59
FC 58 5D 53 FA 42 79 49 FC 60 9C 60 BB 61 3C 61
9D 62 3C 61 BB 60 1B 61 1C 62 3C 61 5C 69 3B 60
5B 60 7A 60 1C 69 FB 60 5C 72 7C 60 3B 60 3B 60
3B 58 7C 68 BC 78 DC 80 7B 68 DD 80 78 81 78 89
FD 88 1E BA BC 70 FC 88 9B 68 DD 80 BB 70 3D A9
59 79 9A 58 5B 60 F9 58 9B 70 3C 88 3D B0 3B 50
3D A8 3C 80 3D C8 3C 60 3D 60 3D B0 5D B8 7B 88
3E F8 3E D0 3E B8 59 B1 D6 51 16 92 15 5A 7D C8
3D A8 3E C0 3D C0 3D A0 3B 60 3D 98 3C 78 3C 90
3C 68 5B 80 5B 70 3C 78 3E D8 3E E0 D8 B8 C1 FB
14 82 98 69 7D 98 3E B0 3D B8 1D BB FD AA 3D AB
BD AA BE D1 DD B0 BE C3 1D C1 DD D2 5E EB 3E F1
3E EC 9B 81 DB 82 F7 72 56 7C 3C AC 3B 50 7B 60
5B 58 3B 8A FF FF FF E7 FF F7 FF FF 0F D6 CF 92
14 82 F3 79 D4 AB D1 B5 CF 72 10 93 13 82 D4 B2
54 B2 75 E2 33 82 92 7A 72 A3 93 92 71 7C 13 84
D2 6A AB A4 4B B4 34 7A 13 82 92 82 92 82 34 7A
26 E3 E6 A4 11 5B 12 64 91 63 52 63 D1 6A F5 4C
B5 4C 75 55 15 6C 15 45 6A 9E 4F 86 56 4E 55 3E
76 46 33 64 52 5C B4 54 D4 4C F4 5B D5 5C 15 64
B5 6C 95 6B 94 55 B2 73 55 4D D4 5B F0 72 89 AD
0F 9B 54 7A 74 7B F3 81 0F 73 94 73 11 7B F1 7A
B4 7A 54 6C 74 73 92 7B B3 7B 75 75 34 7C 95 75
95 73 33 85 49 BD 52 8C 95 8C 53 8C 8E 93 30 7B
B1 93 50 7B F3 9B 95 92 F4 9A 94 92 75 AB D4 9A
14 9B 53 8A 72 AC F6 8A 54 B4 08 C5 13 B4 55 A3
F6 B3 53 9B 6E 73 30 8C 2F 7B D1 8B 35 93 D3 92
D4 92 55 93 13 82 52 94 73 82 F2 8A 56 83 B0 A5
AA B5 36 8D 35 8C 74 94 6E 83 F0 72 91 7A 53 7A
94 7C D4 82 B4 8C 34 83 95 8C D4 83 B5 84 94 83
B5 84 F6 83 8F 9D AB BD 36 8D 15 8D 36 8D F2 7C
AF 73 D1 74 32 82 74 83 34 82 F3 81 34 82 B4 6C
14 83 F4 82 14 83 D4 81 75 7A EC A5 AC 95 B5 6B
93 73 F3 73 6F 73 53 82 11 7B 50 74 34 83 53 7A
70 6B D5 6C 35 6D 34 6C D4 64 11 85 55 7C D6 64
EB B5 D0 95 15 7C 75 84 96 85 70 74 50 73 71 7B
10 6C 95 74 D4 83 54 82 74 7B 94 83 95 84 74 83
15 75 35 7B B2 7C AA BD 51 B4 B5 8C F6 6C 71 95
33 82 94 82 EF 73 8F 8B F4 92 74 8A D4 92 B4 92
74 8A 15 A4 33 82 54 8A B5 8A 33 9B 29 C5 D2 92
54 8A 35 9B F4 92 93 82 74 82 34 82 B3 8A 74 8A
35 93 74 8A 34 82 54 8A 32 7B B3 8A B4 8A D5 79
D0 92 E9 BC B3 92 74 8A 54 93 14 82 13 82 13 82
F3 81 54 8A B4 8A D4 8A 34 82 D4 92 73 83 32 74
54 8B 56 A4 55 82 D0 A3 8B B4 D5 8A 92 82 F4 B2
D2 92 52 82 13 82 72 7A 33 92 F4 A1 F5 B9 F3 71
F5 A1 F4 99 15 D2 13 8A F5 81 D6 B1 EE DB 6B CC
F6 F1 15 D2 F5 C1 D2 BA 4F 7B AD A3 6F 7B 92 CA
15 B2 35 D2 35 C2 34 AA F3 81 14 B2 14 92 F4 A1
D5 81 ED C3 8E AB F4 81 34 D2 16 E2 51 C2 E1 FB
4E 9B F1 8A 34 AA 15 CA F5 C9 15 BD 35 B5 95 B4
15 C3 35 CC D5 B2 56 BD AA DD 0F DD 16 CD F5 BB
56 DD F3 9A D3 9C 90 8C F0 8C 14 AD F3 79 14 82
72 8A 89 CD FA F7 FF E7 FF FF FF FF 54 CD 6D 9B
53 8A 32 82 F2 AB F0 BD EF 7A 6F 93 71 82 13 BA
33 BA 34 E2 72 8A D1 82 EE 9B 92 8A B1 72 4D 94
4C 94 D1 8A 11 8B F2 82 52 8A 31 7B F2 82 F1 72
25 E3 45 AD 53 73 B3 7B B4 74 33 6D 91 83 F4 7B
D3 63 93 8B 6F B4 51 8C B2 83 D3 7B D4 9B D4 7B
F4 9B 70 8B 8F 6B CF 63 B0 83 14 73 73 93 71 93
54 8B F3 9A 93 73 D4 82 B1 83 0B B5 6F A4 71 9B
51 8A 92 8A D3 92 52 82 4E 7B 13 93 6F 7B 10 83
93 92 53 9B F3 92 54 8C D3 8B F4 8C F4 83 14 8D
8D AC D2 94 52 8B 30 84 33 A4 B3 AB 70 AB 4F 83
B0 9B 6F 83 91 B3 B3 A2 D3 AA 93 9A 14 BB D3 AA
D3 AA 33 8A AC C4 6C BC 93 AC 10 93 B0 C3 14 BB
74 CB 32 A3 AD 73 0F 9C 6E 7B 71 9B B3 AA B3 A2
B3 A2 B3 AA 52 8A CE B3 72 82 B1 A3 4E B4 73 A4
D2 93 94 AC B3 9B 54 A4 D0 8B 2F 7B D0 82 D1 82
AF 83 F2 92 8F AC D1 9A 13 AB 6D B3 8E CB 55 92
D0 CB 2E CC 13 AB 32 A3 14 D3 14 D3 14 DB 91 B3
AE 7B B0 A3 71 82 D2 AA 72 8A 52 8A 52 8A 13 A3
93 A2 73 9A 54 9A 6E A3 AF 9B 73 8C 31 8C F2 7B
92 83 F4 74 EE 7B 72 8A 50 83 6F 7C 73 83 B2 82
F1 7B 93 7C D3 7C 13 74 54 74 D2 84 8E 9D D0 85
92 84 53 85 73 84 93 84 F4 7D AF 7C 8E 7B 90 7B
4F 74 D3 7C F3 83 92 8A B3 83 D3 83 B3 84 74 83
14 75 CD A4 EE 9C D2 93 94 8C 94 94 94 7C B2 AC
72 8A D2 8A CE 7B 90 8C 54 9B B2 8A 13 93 F3 92
D2 92 54 A4 53 82 92 92 6D B4 91 A3 31 93 F2 92
92 8A 73 9B 53 93 D1 8A 93 92 72 8A 13 93 B2 92
72 9B D2 92 72 8A B2 8A F2 8A 74 8A 71 9B CC A3
91 8A B1 92 D2 92 B3 8A 53 9B 72 8A 52 8A 52 8A
52 8A 72 92 B3 9A D3 9A 72 8A D3 9A 31 9B 90 93
D3 9A 12 C4 0D B4 32 A3 D1 92 D3 9A B3 9A 74 AB
32 9B 91 8A 71 8A D0 82 B1 92 53 A2 53 BA 52 7A
92 92 72 9A 34 D2 13 82 4F BB 8F D3 73 DA B1 AA
54 F2 54 CA 34 CA 11 BB 6E 7B 8E AB ED 7B 50 A4
33 9B F4 A3 73 9B 11 93 52 92 33 B2 13 92 4F BB
6E AB 92 A2 91 9A 52 92 53 DA 54 E2 90 CA E1 FB
6D 9B 30 93 73 D2 54 DA 53 CA D4 CA 93 CA 93 C2
34 C2 54 D2 CE D3 91 D3 F2 CA 33 BB 54 9B 94 B2
34 EB F1 AA 32 8C AF 84 EF A4 13 BD 32 82 53 8A
2E 9B F0 C4 FF FF FF FF FF EF FF EF D6 B4 A8 BC
4F 9B 52 82 12 AC EF B5 4E 83 2F 9C 91 8A B3 BA
52 B3 F3 E2 71 8A F0 82 4F 93 2B AC 6E A3 8F 9B
B0 AC 93 8A 92 8A D2 9A 72 8A 72 83 F2 8A 10 7B
45 E3 66 AD F4 73 8F 83 91 7C 4E 7C 6D 73 34 8B
2B B5 E9 EB 10 CB D1 B2 33 8A 33 52 14 B2 34 A2
33 D2 10 B3 4F 6B 4F 63 4E AB CF A2 B3 9A B1 82
93 72 73 9A 73 C2 2B C4 31 C3 6F BB F1 BA 53 A2
71 82 D2 A2 72 A2 91 8A 6E 7B 72 AA 4F 8B 10 8B
72 9A 93 BA 91 AA 51 AB D3 A2 93 BB CB C4 10 CC
8F BB 72 BB 93 8A F3 A2 B3 BB 73 B3 72 9B 6F 83
0F 94 AE 83 31 A4 F3 9A 53 A3 F2 9A D3 AB F3 9A
F1 AB 6B B4 13 BC AF C3 F3 BB 72 8A D4 AB B3 AB
34 BC B1 9B AD 7B 6E 94 8E 83 D0 93 33 A3 32 9B
32 9B 53 A3 52 82 EC 84 6A AC EC 94 0E 8D 34 6E
73 7C F3 66 33 75 14 6E 70 74 4E 83 D0 82 EE 7B
91 7C 32 83 14 66 91 83 0F 6C 31 84 AB B5 CD AC
51 95 4F 9D 73 84 D3 7B 53 95 53 95 54 95 10 8D
ED 7B EE 84 71 8A F1 8B B1 8A 72 8A 91 8A 93 9B
F3 8A 2E AC 2D B4 2F 9B 4F A3 F3 B2 D3 AA 91 93
32 93 D3 9B AE 83 91 8A 2F 83 4E 84 52 8B B2 8A
93 93 F2 9B 13 94 73 8B 6C A5 4F A5 CF A4 10 95
93 93 73 94 F3 93 13 94 14 95 6F 84 8E 7B 8F 83
0F 7C 53 8C B3 93 B2 8A 92 8B 73 93 33 8C 0C 9D
8F 8D 4F 9C F3 64 B3 7B F3 7C 53 8D 54 75 14 85
92 8A 0F 93 2B 84 F0 9B 13 AB B2 92 F2 A2 D2 9A
93 92 D3 B3 6B B4 30 A3 EE B3 AE A3 B2 92 D2 9A
92 92 32 A3 12 93 D1 92 92 92 72 8A F2 9A B2 92
51 A3 D1 9A 92 92 73 92 11 A3 8B B4 90 A3 6E 9B
71 8A 52 8A B2 9A B2 92 13 A3 71 82 72 8A 72 8A
71 8A 72 9A 72 AA 72 AA 72 92 72 AA 34 AA F0 BA
2C CC B2 F2 6E B3 72 B2 52 92 52 B2 72 A2 53 D2
91 B2 91 8A 2F 93 2F 7B 72 BA 53 BA 52 BA 71 82
F0 92 72 92 50 DB 2C AC 30 AB 4F CB 73 DA 52 A2
74 EA 73 BA 73 CA 30 BB 6E 83 AE AB 8E 8B 93 D2
53 C2 53 BA 72 BA 53 BA 33 82 AD C3 AD B3 10 B3
4F A3 52 9A 52 92 72 9A 73 DA 74 E2 AF CA E1 FB
8D A3 4F 93 92 D2 73 D2 73 CA 53 D2 33 CA 13 BA
CD CB 8E E3 6F CB D1 D2 33 C2 33 CA 34 B2 54 D2
F4 F1 91 AA B1 82 CF 62 4E A5 F2 BC 72 82 F1 92
C8 BC 92 BC FF FF FF FF FF DF FF E7 96 A4 8C A3
EC AB B0 8A 50 AC 0E A6 6D 8B 0D A4 0F 93 D1 B4
91 B4 F2 D4 91 9A 2F BB AF C3 AE AB 6D 9B D1 A2
91 B3 F0 A2 D0 9A D0 A2 D0 92 F0 A2 D0 A2 6F 83
84 DB 44 DC F0 AA 6D A3 8D 8B 72 DA 4E CB 0F B3
2F 9B 2F A3 92 CA 91 C2 B1 92 D0 92 EF F2 B1 E2
B2 CA 6E 83 AD A3 AD AB 6E B3 D0 CA D1 C2 B2 9A
B1 CA 6E BB 50 E3 AD BB 30 AB B0 AA 6A AC AE 9B
D0 92 90 9B 8E 9B D0 92 CC 83 D0 B2 8D 93 6E 93
F0 A2 F1 BA B1 AA B1 CA 8E CB 10 E3 AD D3 30 EB
B2 B2 D1 D2 D0 9A D0 B2 D1 E2 D1 D2 10 BB 8D 93
8E BB AD 93 2F CB F0 B2 2F 9C 32 9B 51 AC 4E AC
4F AC EC AB B1 A4 B2 93 B1 AC 10 93 71 AC 31 AC
F2 B4 0F 94 EC 7B CD 94 CD 8B 4E 94 B1 A3 B0 9B
51 9B 10 A4 8D A3 50 B4 EC AB 91 A3 91 9B 71 AC
B1 A3 B2 B4 8D A4 AD 9D 0D 9C 8D 83 2E 8B CD 83
CF 93 30 9B 32 B4 71 8B CC 9C 0E BC 6A BD AD A4
72 9C 32 A4 71 94 11 A4 12 A5 D1 AC D2 B4 AF 9C
2B 84 0B 95 D0 92 91 A3 F0 92 B0 92 90 8A EC A3
AF AB 8E AB ED AB 91 8A D1 9A 91 BB 31 B3 6C 8B
CE 8B 10 85 0C 84 0F 93 AE 8B 8B 84 6D 8B 51 93
31 84 92 84 6F 95 CF 94 8E 8D EF 8D F2 7C B2 75
B1 8C 91 7D F1 84 11 85 92 7E 0D 7D ED 83 0E 8C
CD 84 91 7D 70 8C B0 92 11 84 CE 9C 6F 85 CD 94
D0 85 B2 83 71 75 71 84 B1 85 12 7E 12 76 D1 85
F0 92 8F 93 6B 84 4E 85 51 8C 70 93 B1 8B B0 8B
0E A4 F0 95 0C A4 4F 9B D1 8B D0 93 D0 8B D0 8B
30 93 0F 85 90 84 6F 8B 70 8B 10 93 30 84 B0 8B
B1 84 71 83 10 93 0D 9C 0F 8C 8D 9C 10 8C 91 92
D0 92 D0 92 D0 8B 4F 93 2F 9C D0 92 D0 92 D0 92
D0 92 30 93 90 93 90 93 D1 8A D0 9B 2E AC 4F 9C
CD A4 52 9D 31 8B D0 8B 10 93 B0 93 4F 93 50 9C
4D 84 0F 93 EC 93 4D 8B 70 8C 51 8C 91 84 70 92
0F 9C 0D 9C CD 9C CD AB 71 83 D1 A3 71 A4 50 9B
12 AD 52 9C F1 A3 AE 9C CC 8B ED 94 2C 8C 71 A4
4C A4 2A DC F0 A2 6D 9B 6E A3 6E BB 6D AB B1 AA
B0 92 D0 A2 D0 9A D0 A2 D1 DA D1 DA 0E CB E1 FB
CC A3 8E 9B F0 D2 D1 DA B1 CA B2 CA 6E D3 0F C4
EE BC 4F E3 72 C2 91 D3 D1 D2 D1 D2 F2 CA B2 D2
12 EC AF AB 2F 8B CD 7B 4D AD 50 BD B0 8A 6E A3
0B AC F4 AB FF FF FF EF FF FF FF F7 38 B4 51 8A
29 C5 51 8A B4 A3 11 B6 D0 7A 50 93 32 82 34 BA
74 B2 D3 E2 D1 92 4F BC 0C CC F4 89 F3 81 73 92
31 A3 73 8A 34 8A 73 92 13 82 33 92 33 92 B2 72
26 DB E4 BC F3 82 35 9B 32 A4 12 A4 ED BC EF A4
F3 73 33 8B D5 B2 15 A3 D5 82 53 AB 2F B4 55 C3
55 BB 31 6B 50 8B 90 8B 51 93 95 9A 95 B2 12 BB
13 83 2E A4 8A A4 B1 82 D5 62 B4 92 94 B2 54 9A
13 82 74 9A 54 92 52 82 4F 73 14 AA 10 83 B1 7A
13 8A 14 BA D1 B2 B2 C2 6B D4 D2 EA F5 B9 15 E2
14 B2 15 D2 14 8A 14 AA 15 E2 15 D2 53 B2 F0 82
F1 8A 30 83 B2 CA 14 AA 33 BA F1 B2 73 E2 4C D4
72 BA F4 91 15 D2 14 AA 15 F2 14 92 34 DA 11 A3
75 CB 13 9B 6E 6B F0 9B 4F 7B 52 9B 75 AA B4 A2
51 A3 B1 B3 8B B4 B5 9B 14 82 73 8B 54 93 55 9C
54 93 D0 95 B2 84 32 85 8F 7B 10 7B 71 7A 6F 73
32 7C 34 82 EF 8B AF 9B B0 AB 2B AE 90 84 B5 82
B5 A3 74 AB 74 8B 15 9B F0 B4 8F 7E D5 7D 52 75
AF 73 11 75 13 82 94 73 34 82 71 8A F1 92 2E 95
CD AC D5 82 F4 82 13 82 B1 7A F1 83 95 8B 93 84
13 7C 35 7C AF 73 53 82 11 7B 6F 74 33 83 54 82
51 8C B2 84 0E 96 CD 8D B5 64 B5 5D 94 65 94 56
F3 64 15 5E 34 65 74 5D 95 47 30 65 6F 73 F1 73
8F 73 11 6C F5 5C B1 92 D2 74 CC 95 D1 6E F6 63
33 66 73 83 F6 5C F4 83 75 75 F5 5D F5 75 B5 7D
33 82 D3 82 EE 73 11 75 D5 7B B3 82 F1 93 B3 8B
CA B4 ED B4 15 82 72 73 54 6C F4 6B 74 73 74 73
71 73 34 5D F2 7A F3 82 33 82 13 82 B4 9A 54 92
F4 A2 31 A3 D1 92 8B B4 D2 9A 54 8A D2 92 13 82
13 82 13 82 74 92 53 92 D4 A2 13 82 13 82 13 82
13 82 33 8A 74 92 B3 9A 10 9B 31 A3 AB C4 F3 A2
75 9A 75 C3 73 92 94 9A 33 8A 75 9A D2 8A D2 AB
F3 9A 33 82 F0 82 D0 7A 73 82 34 92 94 BA D1 8A
4F AB 4C BC 15 CA F4 89 14 6A D5 B9 B6 E1 F4 A1
B5 F9 EE C2 14 AB D2 9B 4F 7B 0F 8C 8F 7B 74 AB
D4 9A 32 BC 72 A3 AE A3 2B BC D5 A9 F4 91 14 AA
13 8A 14 9A 13 92 14 92 F5 E1 D6 E9 51 CA E1 FB
4E 9B 11 8B 34 D2 15 D2 92 D2 B2 D2 ED DB 2F D4
95 AB 55 D2 94 AB 55 CC 35 BC F5 D1 F5 C1 D5 BB
15 ED 92 A2 F3 94 10 8D F0 84 34 AD 13 82 AA BC
CC A3 37 9B FF FF FF E7 BE FF FF FF 97 BC 51 82
4B B4 4E 9B F2 AB 0F BE 2E 83 6E 9B B0 8A 52 BA
53 BA 6E EB 6A B4 73 AA 72 B2 71 9A 71 8A 72 A2
72 BA 71 9A 71 92 92 9A 71 8A B0 92 91 92 10 7B
65 DB E5 C4 52 8B 10 9B 6C B4 8C DC 53 B3 33 8B
72 83 33 8B 12 B3 33 AB 12 93 33 7B 74 9B 73 93
93 9B 6F 93 0E 74 4E 7C 4F 84 B2 7B 12 9C 4A BD
0E 7D 33 6B 50 8B 71 8B 53 8C D2 93 B2 9B 31 93
71 8A F2 A2 B2 A2 91 8A 8E 7B B1 A2 6E 8B 0F 83
72 92 72 BA AA CC CD DB 53 B2 73 E2 72 C2 73 EA
72 BA 73 DA 72 92 72 B2 73 E2 73 D2 B1 BA 4E 8B
4F 93 6E 8B 10 CB 73 B2 D1 C2 C9 CC F1 E2 53 B2
72 C2 91 9A 73 CA 72 B2 73 EA 71 9A 73 E2 72 D2
53 F2 D1 BA CD 7B 8E B3 8E 83 CB AB 31 AB 8E AB
C9 D4 D1 C2 92 8A 11 A4 D1 8A 31 A3 F2 AA 33 CB
D2 B2 2F CC B2 AB B3 BB AE 9B 6E 7B F0 8A AE 7B
F0 8B 92 92 2E AC 09 C5 F3 AA F0 83 6D 84 12 93
73 B3 52 B3 53 BB 12 AB D3 C3 33 B4 33 BC 50 A4
CD 83 6E 9C 91 82 32 93 72 92 8D A3 A9 BC 53 A3
F2 9A F2 9A 12 9B 71 8A 30 A3 B1 AB 32 9B D2 AB
72 AB 33 A3 AE 83 B1 8A 2F 8B AF 83 31 8B 92 92
CC BC 2A C5 CF A3 33 9B 72 A3 93 B3 93 AB B3 BB
90 A3 94 9B 53 AB 0F AC 52 B4 0F 94 8E 83 8F 8B
8E 83 11 A3 33 A3 2B B4 AC BC 13 9B D1 93 8F 93
D1 A4 52 9B 8D 9C 51 AB 93 C3 B3 A3 B3 C3 D2 CB
91 92 D1 92 ED 83 EE A3 F3 B2 B1 9A C9 CC AE B3
92 92 B3 9C D1 8A B2 93 B2 93 92 93 32 83 52 8B
F2 83 F2 8B D1 92 31 8B 71 8A 91 8A 52 93 11 93
B2 9B 09 C5 4F 9B B2 8A 31 93 F2 92 32 93 71 8A
91 8A 71 8A 31 93 F1 92 D2 93 71 8A 91 8A 91 8A
91 8A D1 92 12 93 B0 9B 09 C5 B1 93 53 8B B2 93
92 93 13 95 12 8B 72 8B B1 92 AF 83 B1 93 D3 A4
F1 93 B1 8A 6F 8B 4E 83 31 9B D2 9A AE B3 A9 B4
92 AA 72 9A D2 C2 91 92 93 8A 8E AB 4F B4 D2 92
33 BC F1 A3 72 AB 50 9C 8E 83 8E 94 ED 83 B2 B3
13 A3 AE CC CA C4 12 9B 72 8A 12 A3 B2 92 D2 A2
91 92 B2 9A 91 92 B1 92 93 BB D0 AB 2D B3 C1 FB
8D A3 6F 93 B2 D2 73 D2 ED E3 4B E4 53 CA D3 C2
32 BB D3 D2 F2 B2 93 D3 32 CB 33 D3 73 CB 73 CB
F3 EB 11 A3 D1 A3 EF 9B 0D 9D F1 B4 D0 92 E9 C4
B0 92 B5 A3 FF FF DF E7 BF F7 FF FF 39 B4 95 71
11 9B 4A B4 96 A3 F2 AD F1 72 11 8C 95 71 B1 C3
2A DD D6 DA 95 89 B5 A1 B6 B1 B5 91 B5 79 B5 91
B6 B1 B5 89 B5 89 B5 89 75 8A F3 82 95 92 D5 7A
46 DB 48 BC CE B4 4B CC 17 8A 57 DA 16 BB 56 8A
77 9B F7 A2 D6 B1 F6 C9 D6 A1 D7 69 F7 A1 F7 89
F7 79 92 92 11 6B 11 73 94 92 2E C4 EB D4 B3 A2
16 42 16 62 16 A2 16 A2 36 B2 F7 89 92 B2 72 92
B5 79 52 A2 D5 91 D4 79 F0 6A F5 A1 B2 72 52 72
AA BC 70 C3 B6 99 36 DA F6 A9 17 DA F6 B9 17 DA
F6 A9 16 CA D6 91 73 82 B4 B2 F7 C9 35 AA D1 7A
F2 82 D1 72 B4 BA AC D4 8D BB 13 9A F7 D1 F6 A9
F6 B1 B5 89 17 C2 F6 A1 17 CA B5 89 17 D2 F6 C9
17 EA 54 AA 4F 6B 51 A3 B2 6A AE AB 68 CD F0 A2
14 92 73 A2 B5 81 F2 BA 14 7A 96 9A B6 92 97 AB
B6 92 98 B3 D6 A2 77 BB F4 93 D0 6A 33 7A B2 62
91 93 A9 C4 D5 9A 55 92 B4 A2 55 92 B4 9A 96 92
F7 B2 B6 B2 D7 A2 96 A2 57 C3 17 C3 18 C3 93 A3
4F 73 92 93 96 69 50 A3 8A C4 B5 79 D5 81 76 A2
54 92 35 92 16 92 B4 79 96 A2 D7 B2 36 9A 94 A3
15 9B B3 7A 30 6B F4 81 92 7A 35 6A 0E 9C 8B C4
56 92 B6 A2 D6 AA 76 9A 96 A2 F4 92 D4 9A 14 A4
F6 8A 12 8C 13 A3 B7 AA 57 C3 71 8B 10 73 D2 7A
B2 6A 4C CC EF C3 96 71 75 9A 76 A2 D6 7A 74 7A
56 A3 76 8A 93 7B B5 92 37 BB 77 9B 57 AB 57 A3
14 82 35 8A 70 6B F2 A2 8C DC AF B3 B6 91 D5 A1
F5 91 12 BB D5 79 16 AA 16 A2 F6 A1 F5 81 F5 91
16 7A F6 A9 14 82 73 82 B5 79 76 79 35 9A E9 C4
B2 BA B6 91 D5 89 D5 89 D5 91 B5 91 D5 99 B5 79
B5 81 B5 79 54 8A 15 8A B6 9A B5 79 D4 81 B5 79
76 71 33 8A C9 CC 94 92 D5 81 75 92 75 92 96 92
96 8A B7 A3 35 8A 96 8A D5 79 D2 82 34 B2 F7 E9
35 AA F4 81 72 82 92 62 CE 9B EA D4 54 A2 B5 71
D5 A1 D5 89 B3 92 D5 81 76 92 33 9B F3 A3 36 8A
17 AC 77 9B F7 9A F3 8B 10 73 51 7C D1 72 B0 D3
6D D4 F7 D9 D6 B1 F6 A9 D5 81 D6 A1 F4 81 53 8A
B5 89 D5 91 D5 89 D5 89 16 CA 75 D2 71 C2 C1 FB
0F 93 53 7A 0D E4 2D EC 97 C1 B6 C9 B6 C9 96 B9
76 B1 B6 B9 96 A1 76 E1 96 C9 F7 D1 17 C2 B7 C9
37 F9 14 9A 14 A2 32 92 F1 94 75 B4 AC A3 ED AB
95 71 37 9B FF FF DF FF FF FF FF FF 77 B4 13 7A
92 8A EB AB B2 A4 F2 9D 10 73 4E 9D 8D A3 72 BB
50 B5 B4 D4 33 92 93 A3 33 B2 33 9A 32 82 33 9A
33 B2 33 92 33 92 33 92 F3 92 34 BC D3 A2 36 93
45 DB E5 D4 F2 A3 11 C3 35 B3 F5 E2 14 C3 B4 A3
14 9C 14 8C 14 A3 F4 AB 74 AB 14 9C 95 9C 75 84
75 84 F2 93 D2 8B CC 9C AE A4 B2 BC B2 9C 55 B4
34 84 F4 A3 34 B4 34 BC B4 94 34 94 34 AC 33 93
B3 92 72 9B 91 82 B1 8A EF 72 14 7B 6C 9C 6D 93
F0 92 B2 7C 74 7B F4 75 14 7C D4 75 74 7C F4 75
13 7C 34 75 33 83 73 7B 54 6D 34 75 73 74 31 73
F1 64 EB 94 F1 7D 51 8C B2 7C 73 7B 74 75 F3 7B
54 7C 93 82 14 6E 34 74 15 6E B2 82 B3 75 34 75
75 6E B2 74 2F 6B 6F 6D AB 9C F0 7C D1 84 13 7C
52 7B 52 74 53 8A F5 74 73 82 13 7C 14 7C D4 75
34 74 75 6E D4 74 34 76 D1 6D 90 72 EF 8A CB 94
91 7C 4F 93 53 7C 72 83 AD 9B B3 A2 D4 AA 93 B2
F4 C2 13 BB D3 A2 94 A2 F4 DA 32 DB 33 DB 52 B3
4F 73 4E AC 6E 93 12 8B 10 9B 33 82 53 8A 94 8B
51 8B F2 8A 93 9A 32 82 94 B2 D4 C2 B3 A2 8F 9C
93 93 EE 73 CE 6B F4 81 CE 9B EC A3 F0 92 31 9B
F4 9A 34 A3 54 AB F3 9A 34 A3 51 8B 71 93 4F 9D
94 8B 0E 8D F0 A3 73 AB 34 BC B0 8B 10 73 2D 9C
0D 94 91 9B B2 A3 13 82 F3 9A F3 A2 54 83 D4 7A
94 93 B3 8A 75 8B 14 93 B4 A3 F5 A3 F5 BB D5 93
91 7A 53 8A CA 9C AE A4 B1 AB 11 93 B4 92 B3 92
92 8A 31 A4 73 82 F3 9A D3 9A D3 9A B3 92 B3 9A
53 73 54 9B 92 8A B3 82 13 82 AD A3 30 8B 50 9B
93 9B 93 8A 53 8A 73 8A 93 8A B3 92 D3 92 32 82
33 8A 33 82 93 92 93 8A 34 9B 13 82 D4 81 52 8A
AD A3 F1 9A 90 9B 90 AA 32 92 13 AA 13 B2 13 BA
13 AA D5 E9 13 A2 13 BA 33 7A F5 C9 14 DA 15 F2
53 BA F4 81 2F 9B 6B 94 10 9B F1 BA 34 C2 32 7A
14 AA 33 92 14 BA 33 8A 13 B2 F4 C9 D5 E1 13 A2
F5 F9 F4 D9 F4 C9 B1 C2 F0 72 AE BB 6B A4 B2 DA
D1 C2 15 E2 34 BA 33 B2 33 8A 14 B2 52 8A 2F 83
33 92 33 9A 33 92 33 9A 14 DA 15 FA 51 D2 C1 FB
2B BC 0D AC D2 D2 D2 DA 34 CA 53 CA 72 CA 94 C2
B4 C2 34 B2 14 9A B4 DA 14 CA 34 D2 35 C2 15 CA
F5 F2 B3 9A 73 9A CD B3 ED B5 F3 BC CC A3 F0 9A
13 82 95 A3 FF FF FF FF FF F7 FF F7 58 B4 12 82
14 82 6E 9B EA D5 2E C6 CA 9C 0F 9D 2E 9B 34 B3
34 B3 55 DB 33 8A 33 A3 34 B2 33 92 33 82 33 9A
34 B2 33 92 32 82 92 8A 13 82 74 82 AE A3 2C 9C
25 DB E5 CC B5 8A 34 83 B4 93 B4 9B 94 93 94 9B
D2 73 6F A3 D4 AA 74 B3 D5 CB 35 94 55 CC 15 A4
F4 C3 B0 DD 71 CD F3 C4 12 D5 95 C4 55 CC 95 C4
B5 CC 75 BC 95 BC D5 BC 75 C4 95 C4 95 BC 34 A3
73 8A 94 AB 53 92 D4 9A 8A A4 EF B3 CD 93 4E 8B
74 82 54 93 F3 92 55 A4 54 93 34 A4 74 9B 55 A4
34 93 F4 9B D3 8A D3 92 F4 9B F4 9B 93 93 E9 AC
AF 8C 4D 94 B1 9C B5 8A 54 93 F3 92 14 9C 34 93
74 93 53 8A 75 A4 54 93 55 A4 F3 8A 73 A4 D4 9B
95 AC F1 9B 08 A5 EE 9C 4C 8C 4A 9C 55 AA 74 AA
73 92 70 83 53 8A F4 9B 53 8A 54 93 54 93 75 9C
54 93 95 A4 B3 9B 73 A4 0F AD A9 A4 0F 8B 2C 94
92 8B 14 8A 54 93 D4 92 53 93 72 93 4D 94 12 A3
55 BB CE 94 ED 94 B5 73 91 95 C9 AD 71 B4 90 AC
09 A5 0E 8D 2F 9B 34 8B 33 82 33 8A 53 82 94 73
14 8B D4 82 53 8B B2 82 14 93 75 A3 72 8B 74 AB
F4 AA D5 AA AC AC ED A3 6F 93 EE 9B 73 82 34 8A
F4 9A 34 A3 34 AB F4 8A 34 7B 31 A3 31 A3 EE A4
B2 93 F6 6B B4 93 70 94 D5 94 4D A5 6B 9C 0E 8C
0D 8C 34 8B 94 8B 33 82 53 8B 53 93 34 8C 53 83
94 84 33 7B 74 94 94 93 B5 6C 15 9D 15 95 F5 7C
6B AC EF 9B 6C 8C 2F 95 75 8B B3 7A 33 93 13 7B
B3 7A 97 7C 73 82 73 8B 54 8B 33 8B B3 8A D3 7B
52 6D 14 84 D2 82 0B A5 0F 9B 2F 9B 12 8B B4 7A
14 7C F3 82 93 82 93 82 D3 82 13 83 53 83 33 8A
33 82 33 82 F3 82 D3 82 14 7C 51 8A 4B B4 D0 92
4F 9B D2 8A D5 8A F1 82 72 82 B4 9A B3 9A D4 9A
D4 9A D5 BB 93 92 B4 9A 72 7A 8F 9B 74 CA 75 DA
D2 BA 2C B4 4F 9B 0C 8C 73 AA F5 A1 34 BA 33 7A
91 AA 52 92 34 BA 33 8A 34 B2 34 C2 34 DA 33 9A
35 F2 34 D2 15 C2 6F D3 C9 A4 AE B3 4B 9C 54 D2
F4 B1 34 E2 34 BA 34 B2 33 8A 33 AA 13 9A 14 BA
33 8A 33 9A 33 92 33 92 34 DA 35 F2 0E DB E1 FB
EC B3 CD A3 34 D2 15 AA 35 C2 AB C3 89 A4 35 C3
94 C4 54 B2 74 93 34 CD 14 C4 F4 D1 D5 C1 B5 C3
15 E6 AD BC 6E C5 0E B4 6E AD 2D D6 69 B4 34 82
12 82 76 A3 FF FF FF E7 FF FF FF FF DA AB 36 69
57 71 D5 79 0F C5 51 C6 0C 9C 94 82 37 69 F8 B0
F8 B0 B9 E8 37 79 F8 A0 18 A9 37 89 37 69 17 89
38 A9 37 81 57 71 B6 71 57 71 99 81 F2 9A EE 93
C7 DA 68 9D B9 5A 18 54 F9 54 19 55 D9 44 F9 54
19 45 B9 45 58 5C 79 4D D8 54 99 4D 99 46 79 3E
F6 4E 0E 85 EE 7C 15 4C 95 5C F8 63 F8 54 18 64
79 44 98 5B 37 72 76 6A 39 45 F8 63 B9 6B B8 6A
37 71 55 72 D7 69 58 7A 2C 94 F2 9B 54 62 D4 69
D8 79 D9 82 58 7A 59 8C D8 7A 39 8C 38 83 59 8C
B8 7A B9 83 17 7A 37 7A 9A 83 5A 73 17 83 8C A4
0D 8D F2 62 16 74 58 82 D8 82 38 7A B9 8B 98 82
B8 8A 77 79 F9 93 F8 82 39 8C D5 7A 15 8D 79 83
9A 94 76 83 AA 9C D1 84 73 5A 32 6C F8 7A D8 72
36 72 74 74 78 71 F9 7B 97 71 F8 7A 19 7B D7 84
17 5C 19 3F F8 54 7A 46 94 5E 4B A4 D4 71 D4 5A
56 5C 97 71 F8 5B F8 62 D8 5B 77 63 37 5C 38 5C
F9 4D 18 55 D8 45 17 6C 79 5E 19 5E 1B 56 F3 6D
CB 9C F4 5C 17 69 57 6B 97 71 37 71 77 71 15 6C
77 72 58 6A 96 72 97 79 78 54 D8 45 39 54 3A 3E
98 54 D9 44 8F 7D 6F 9B 75 5A 36 53 97 62 F7 71
38 54 76 6A 96 54 18 54 F8 4C B9 5B 38 54 D8 3E
98 54 19 46 D8 4C 59 4D 78 2F 8D 84 4D 94 D5 5A
D3 62 37 73 99 73 37 71 75 6A D5 6A 7A 6C F8 6A
19 55 D8 6A D9 64 98 73 39 55 D9 6D B9 5D 79 45
0E A4 90 8B 30 53 95 64 38 73 17 6A B8 72 79 72
37 72 F0 75 F6 71 D9 72 D8 72 B9 72 16 7A 17 83
B9 73 B8 7A 97 79 4E A4 33 8A F8 68 B7 79 D7 79
B8 82 D7 79 77 79 77 79 D7 79 17 72 57 72 37 71
57 71 37 71 95 72 F7 71 F9 7A 75 79 ED AB D5 81
F8 68 B7 71 37 7A F8 6A 37 62 57 7A 78 7A B8 7A
98 7A 99 8C F7 79 F5 82 76 71 19 8B 79 A2 D9 BA
F4 9A 0D AC 53 82 34 52 97 A1 38 A9 38 B1 37 61
76 A1 57 81 18 B1 37 79 38 A9 19 C1 1A E1 37 91
39 F9 59 D1 19 B9 D3 D2 8B 9C B3 9A B2 6A 98 C9
38 B1 39 E9 38 B1 38 A9 37 79 38 A1 37 89 38 A9
37 79 37 89 37 81 37 81 59 B9 3A F9 72 DA 00 FC
92 8A 34 7A 78 D9 39 99 39 B9 39 D1 38 C9 D8 B2
58 B3 79 A2 F8 89 D9 CB 98 C2 19 C2 39 CA B9 CA
9A EC 30 B4 F1 B4 54 83 53 84 F1 D5 D0 92 38 71
37 69 D9 92 FF FF FF E7 DF FF FF FF DF 92 1E 48
1E 58 1E 48 5F 92 BB A5 99 40 79 71 1D 50 1F 99
9F A0 5F D9 1D 58 1A 71 7F 98 1E 68 1E 50 9F 70
1F 98 1F 68 1E 50 3D 60 3D 58 1C 51 1E 58 5D 30
88 CA 4A AC 7F 68 FF 28 7F 69 7F 99 5F 69 9F 79
BF 31 FF 39 5F 81 FF 29 5F 59 FF 49 DF 8A BF 32
DF 3A 9B 61 D9 29 78 3A 5A 6A 3F 81 DF 31 5F 59
5C 33 BF 29 7E 60 DF 58 7F 13 1F 22 79 4A FE 50
1E 50 9B 49 1F 58 5A 51 18 39 3E 59 B8 49 9A 48
DD 58 B9 81 7F 70 FF A9 DF 80 BF A1 1F 89 DF A9
BF 80 7F 99 3F 68 5F 70 36 8B 5A 6B FF 61 3A 41
57 33 37 3A 5D 3B FF 68 DF 49 FF 58 BF 7A 9F 61
5F 62 1F 58 3F 6C DC 5A 9F 54 BE 51 7F 55 5F 53
3F 55 FD 4A 97 31 59 3C D8 41 3B 43 FF 59 FC 49
5D 49 BF 2C 3E 50 DF 2C 5E 50 3F 3B 5F 33 7F 1E
7F 2B DF 07 9F 1C 3F 0F 9C 0E 99 40 3B 48 19 3A
DD 2B 3F 50 7F 2B 1F 3A 3F 33 BF 3A 9E 33 5F 3B
9F 25 7F 2C FF 24 DB 5A 3F 5D DF 5C FF 5C 1C 4C
79 39 F9 43 1D 50 BF 59 1E 58 1E 50 1E 50 3F 43
BF 41 3F 49 9A 3A FB 48 5F 3B 5F 25 FD 32 FB 24
5D 33 5F 2C 78 23 1E 48 7A 41 7C 32 5E 41 9E 48
9F 2B 1C 49 1D 2C 3F 33 5F 24 FF 3A 9F 33 9F 16
BF 2B 5E 15 18 33 DF 3B 3F 3E BB 39 B9 39 3A 42
F7 41 9C 4A 3E 52 1E 58 BF 49 3F 4A BD 43 BF 39
1F 3C 9F 59 DF 3B 3F 4A 5F 14 FF 44 DF 4C BF 24
9C 48 38 3A B3 32 9B 53 BF 61 3D 48 FF 68 3B 41
BD 50 DA 5C 5E 50 99 49 9B 51 9D 49 BE 48 FF 4A
7F 34 BF 42 7E 58 BE 48 1F 50 1E 58 7E 58 5E 58
DF 61 BF 58 1E 58 5E 50 1F 78 3D 60 9C 50 1E 50
1E 50 1E 50 9E 60 1E 68 BF 88 1E 50 1F 50 1E 50
1E 50 1E 60 3F 70 DF 78 5F 60 FB 58 5D 88 1F 90
1F 90 7F E0 1E 70 5C 80 1F 50 1E C0 5C C0 1F E8
5F 98 5C 48 59 59 58 31 FE 78 1F 90 3F 98 1D 40
1F 88 1E 60 1F 98 1E 58 1F 90 7D 90 9D A8 1F 78
1F F8 1F D0 1F B8 DC A8 39 39 D8 89 D7 51 1F C8
1F A0 1F E8 1F A0 1F 98 1E 60 1F 90 1E 70 1F 98
1E 60 1F 70 1E 60 1E 68 1F B0 1F F8 5B C8 A1 FB
B6 79 3A 61 1F D0 1F A8 1F B8 1F C8 1F C0 1F A8
1F A8 1F 98 1F 78 1F E0 1F C8 DF B0 FF C0 3F D0
1F F8 3E 80 3E 40 F9 68 98 7C DF A3 1F 40 1E 58
1E 50 7F 79 FF FF FF FF DF FF FF F7 BA 9B B9 60
BA 68 9A 60 1B 93 17 96 95 59 F6 81 F9 60 9C B0
FB A9 5D DB BA 70 9A 91 7B 9A 5A 79 9A 60 3B 7A
9B A0 D9 80 F9 68 7B 60 BA 78 B9 88 99 60 78 51
E8 D2 07 B4 BA 78 BC 41 DC 79 FC A9 1B 7A 1C B1
1C 49 1C 61 FC B8 3C 59 B9 91 4F C2 1B F8 1D 70
1D 70 77 99 D6 41 B6 61 57 A9 3C B8 1C 60 1B 80
FA 38 9B 40 9A 90 9B 88 9C 20 9B 50 BA D8 19 99
B9 60 BA 88 9B 80 95 A1 34 5A DA 90 F5 61 77 59
FA 70 38 A9 BB 90 DD E0 BC A0 FC D8 DC B0 FD E0
BC A0 DC C8 19 91 DB 90 B7 C1 D9 B9 7B 81 F6 69
58 22 35 3A 19 7A DC 90 3B 79 3A 79 79 8B 7B 6A
99 63 FA 68 3D 65 FC 62 DC 64 7A 72 3E 65 3A 5C
F8 4E BA 53 73 52 D5 4C 55 52 D8 53 DB 5A 18 53
FA 59 FC 53 FA 60 5C 54 FA 60 5A 5B B9 53 DA 55
D6 6B 16 4F 1C 54 1B 4E F8 3D D5 59 35 5A 76 52
D9 4B FB 60 7B 53 7B 5A 7C 53 DB 5A 9C 53 5B 5B
FC 54 1C 54 9B 5C 76 5C 96 37 F9 36 9C 46 95 45
B5 4A 16 2E 98 68 F9 4A 1B 61 9A 68 BA 60 FC 4B
BB 52 FB 59 DC 44 7B 5A 1A 4B 5B 4D 58 4C 56 2E
D6 4A 75 43 B2 43 DA 60 17 52 19 4B 3A 52 5A 59
FC 3B 5A 52 1B 35 BB 43 DC 3C 7A 4B DB 43 9C 4D
F9 63 34 4B 37 53 3C 5C 9B 55 76 52 B5 4A 16 4B
55 52 DB 5A 18 61 9A 68 BB 52 3B 53 B9 44 BB 42
3D 4D 7B 5A FC 34 9A 53 9C 2D 1D 46 3E 46 FD 25
97 61 95 44 74 4B D6 44 DA 53 98 52 3B 6A 1A 44
9A 59 9D 45 FB 60 D8 4C 59 53 B8 52 58 6A 37 53
D7 54 DC 62 5A 61 F9 61 9A 68 9A 68 7B 61 1B 69
37 52 99 59 1A 69 3A 61 3B 69 3A 69 99 69 7A 60
B9 68 18 71 FB 78 FA 70 F9 91 9A 60 9A 68 9A 68
9A 60 FA 68 9A 71 79 72 9A 61 BA 69 DB 71 1C 72
1B 72 3D 84 39 69 D4 62 19 69 F7 A9 F4 AA 53 BB
59 A1 77 61 16 6A D5 49 9A 89 DB 98 FB A0 9A 58
DB 90 9A 70 DB 98 9A 68 DC A0 18 79 B6 89 DA A0
3D F8 7C D8 7C C0 78 B9 14 5A 35 9A 54 62 BB D0
7C B0 5D F0 7B A8 7B A8 9A 70 7B A0 7A 80 7B A8
7B 70 D9 88 D9 78 7B 78 9C B0 9D F8 17 C9 C1 FB
53 82 D6 71 DB C8 9C D8 9C C0 9C C8 9C C8 7C B0
7C A0 7C B8 9C A0 5C D8 DA D0 5B C0 3D B0 7D C0
7D F8 19 91 39 49 76 69 B5 8C 5A B4 9A 58 BA 68
9A 60 99 92 FF FF FF FF FF F7 FF F7 B0 C5 4D 9B
D1 92 B0 8A 51 AC 0E AE 8C 83 6B 94 D0 92 71 BB
71 AB F2 BC D0 92 11 A3 D1 A3 10 9B B0 92 D0 A3
31 AB CD AB CC A3 D1 92 F0 92 30 93 B0 92 4F 83
64 E3 E4 BC 30 8B 31 7C 91 84 B0 A4 8F 9C 91 A3
B0 93 11 6C B0 83 4F 84 0C AD EC B4 12 BC 12 7C
12 74 AE 9B 2C 84 6B 84 0F 9C 91 A3 D1 73 91 8B
B2 6B 71 7B F1 9A 11 93 F1 83 90 AB 12 AC 6C B4
4E 9B F1 A2 F0 8A EB A3 AD 83 AE 9B CC 8B 2E 8B
F1 92 92 A3 51 9B D0 AC 2D 9C 72 AC D1 A3 92 AC
B0 A3 51 AC 6B B4 90 A3 F1 A3 F2 AB 10 94 AD 8B
8E 84 ED 83 4B A5 CE A3 B2 93 8F 93 AF A4 71 9B
91 A3 10 93 8F 8C 10 94 31 A5 E9 B4 4C B5 D1 B3
4C B5 0E 85 EC 83 ED 6D ED 83 2F 75 B1 7C 30 66
D0 83 71 75 10 8B B1 75 10 8B B2 7C 71 7C 8F 7E
4B A5 10 6F 8C 7C 51 6E 30 6E 2C 8B 4F 84 6E 83
EF 7C F1 92 D1 7C AF 8B CC 8B 31 84 D1 7C D1 7C
31 76 91 7D 2F 86 CC 9D CF 6E 4F 7D D2 6E 4E 6E
CC 83 CB 74 D0 92 B1 7C 10 8B B0 92 EF 92 AE 7C
F0 83 6F 8B 70 75 6D 84 30 75 6D 86 6F 86 73 5F
0E 6E AF 75 ED 7C CF 92 AE 8B EE 83 4F 8B 31 8B
91 84 D1 8B 51 7D B1 7C 51 7D 70 84 90 8C F0 85
CC 9D 8F 9C 52 84 51 85 0F 7E 4D 8B ED 83 8E 8B
ED 83 71 84 30 8B B0 92 B0 8B AE 83 11 76 70 84
71 6E 70 84 31 6E AC 9D B0 76 32 67 ED 6D 6F 66
4E 8B 6C 75 AB 7C 6E 7D F1 7C F1 74 31 84 0E 7D
6F 8B 6E 76 0F 8B 52 6E 31 7D 11 85 CC A4 70 75
0D 6E AF 84 0F 93 6E 8B B0 92 B0 92 0F 8B CF 92
CF 8B 2F 8B 11 93 F0 92 90 8B 70 8B B0 8B D0 92
2F 9B 0B AC D0 8B 30 8B CE 83 B0 92 D0 92 D0 92
B0 92 71 8B 70 8B 31 84 B1 8B D1 8B 0F 84 4F 84
31 8C F0 7D 2F 8C CD 8D 0C AC 71 7D EC 84 CB 9D
2C 9C 4E 8B AB 83 AD 83 50 7D B1 93 11 94 B0 92
91 93 F0 92 11 94 D0 92 F1 9B D1 9B AF AC CB A4
AF C4 92 C3 51 B3 0F AC AD 8B 4D 9C EC 8B B1 BB
31 AB B2 C3 31 AB 31 AB D0 92 31 AB F0 9A 50 AB
F0 92 CD AB AC AB EF 9A B1 D2 D2 F2 EE D2 E1 FB
AC A3 8E 9B D1 D2 B2 D2 B1 CA B1 D2 B1 C2 D1 C2
B1 C2 F1 D4 30 C4 B1 D3 6C D5 EF BC D2 BA D2 BA
B2 F2 10 AB F0 A2 2E A3 6D 9D 31 B5 B0 8A D0 92
0F 93 2B C5 FB EF FF FF FF F7 FF FF 35 C5 EB AB
B5 81 B5 71 B5 AB D2 B5 90 72 6F 8B F4 79 D5 92
16 AA 37 CA B5 81 F5 99 F6 A1 B5 89 96 71 0E B4
6D AC D6 79 B5 79 F5 81 B5 79 75 82 B5 81 73 6A
06 DB C8 AC 35 72 34 5B B6 4B 52 7C 92 7B 17 73
92 8B 97 3C 4D 8D 71 75 D7 53 97 4C 97 45 77 3D
B7 3D 94 63 F3 5B 73 5C 32 65 75 64 56 4D 96 54
D6 54 F6 5B 93 6A B4 6A 77 45 EC A5 D2 66 17 63
B5 81 F5 72 D5 79 B5 8A D1 6A B3 8A 11 73 52 72
16 72 D6 92 56 8A 2D C4 4F A3 F7 BA 76 A2 55 BB
2B C5 92 B3 55 82 56 92 D3 73 F6 6C D3 6B F3 6A
54 54 53 5B 13 5D 14 7B B3 63 F5 6A 36 65 B5 73
16 74 16 72 D3 74 4A BD B6 75 75 6B 33 76 17 84
14 7E F3 64 30 6B B1 55 31 6B B3 5C F7 6B F7 46
36 6B 56 55 35 7A 97 55 F6 71 F4 63 B6 55 37 47
B7 55 98 3F 53 4E 76 3F 15 47 93 64 52 64 12 6C
F5 5C 15 7A 95 5C 34 6B B3 63 D5 63 96 5C 57 54
F0 76 8D 96 B7 4D D7 54 78 3F B6 4D B6 3F 73 46
10 6B 91 6B D5 79 34 6B F5 79 B5 81 95 72 55 55
12 6B 52 63 17 4D 4D 86 70 7E 97 45 76 4D 97 37
93 3E 0E 5C B3 54 92 6A 30 63 75 63 B5 72 35 7A
36 64 B4 72 B5 5C 36 6C B7 5C B5 6B 6C AD 2D 87
B5 5C D6 6B 56 64 96 55 D5 56 52 72 70 6B 13 73
11 73 36 7B 15 7A B5 79 55 72 93 72 D5 5D 96 63
F5 5D 6B B5 54 56 17 54 37 4E D5 56 F0 54 D0 54
32 72 F2 54 12 5C F4 5C B7 63 74 4C 54 63 EF 74
12 73 56 3D D5 62 14 65 CA A5 AF 74 95 62 D3 63
56 36 93 54 13 72 F3 6A B5 81 B5 81 32 6B D3 6A
94 7A 34 7A 15 82 15 82 34 7A B6 79 32 9B 8A BC
D4 81 95 79 54 82 D5 79 13 7A B5 79 B5 79 B5 79
B5 79 35 7A F4 79 D5 72 95 72 73 63 13 63 11 5C
F5 62 CD 74 08 AD 51 74 D5 79 94 84 F5 84 D6 8C
31 7C D3 72 AF 64 92 72 F5 43 D4 6A 95 73 B5 79
D6 82 15 82 14 73 B6 71 0D A5 CD B4 97 92 35 8A
76 C3 B7 B2 77 AA 73 9B F1 72 D1 8B 50 73 F6 B2
56 A2 F7 C2 56 A2 56 9A D5 81 36 9A B6 81 2F BC
ED B3 D7 81 F4 81 13 8A B7 D9 B7 F1 13 D2 C1 FB
0F 93 B2 82 D6 D1 B7 D1 B6 C9 B6 D1 B6 B1 B6 B9
97 B1 57 C4 CC D5 D1 E4 F7 B3 77 AC F7 C1 B7 B9
F7 F1 54 9A F4 8A 32 93 11 85 D5 A4 B5 79 B6 79
8D A3 30 C5 DF DF FF F7 FF FF FF FF D6 BC 0A AC
4F 9B 91 8A 30 AC 0E BE 4D 83 AD 9B D0 8A 90 8A
D1 BA 52 E3 B1 9A 71 AA B2 B2 CD B3 8D A3 F0 A2
6E A3 D0 92 B1 92 D1 9A B1 92 D1 9A B0 92 4F 83
64 E3 27 CD 2E 95 2E A5 71 9C B2 94 72 94 72 94
4D A5 4E A5 90 A4 11 A5 71 94 F1 9C B2 9D 72 9D
D2 9D 32 94 52 94 B3 9C 2C BD 4D AC D2 94 71 9C
B1 9C F2 93 EE A4 C9 AC 70 9D B0 9C 10 AD 11 A3
B0 8A 50 8B 91 92 51 A3 8D 83 12 A3 8E 8B 2E 8B
F1 82 72 AB 30 A3 0E CC F2 AA B1 C3 29 BD CC A5
4E 9C 2E 95 8F 93 B0 93 2E 8C 4E 85 4E 75 52 85
B2 75 32 7C 73 75 B1 8B AD 85 B0 83 CF 85 D1 8B
70 9C 8A B4 0F 8D D0 A3 F2 A4 91 93 90 9D 90 9C
F3 A4 F1 9B CC 83 8D 94 AD 83 0F 9C 52 A3 72 AC
31 9B D2 A3 91 8A 4E B4 2B AC 8C 9B 10 BF 32 BF
52 BF 11 C7 52 BF 12 BF 32 BF 92 BF F0 C6 0F C7
70 A4 B0 8A AE 83 90 8B 12 8C 72 8B AE A4 2C AD
D1 9C 90 A4 92 94 51 94 52 9D B1 94 ED A5 2A 9D
CD 83 EE 93 D0 8A 31 8B 90 92 B0 92 90 83 D2 75
B2 7C 2E 8E 0D 96 F1 8D D0 8D 12 7E F2 85 52 77
F1 76 6C 85 50 85 50 8D F0 85 B0 8C 90 8B 11 8B
91 84 91 8B F2 7C 52 7C 0D 96 2D 8D EF 84 12 7E
F2 7C 51 84 91 84 92 7D 33 76 2E 8B 0D 84 AF 8B
AD 83 D1 93 F1 92 B0 92 CF 93 70 8B F3 85 8C A5
EF 8E 90 94 91 8E F1 8C F2 86 31 8F 8F 8E 90 8E
F0 94 D2 8D 92 8D 32 86 11 95 32 8E B1 95 72 8E
F1 94 52 86 6D 9D 71 8E 0F A5 2D 96 B0 94 4B 9D
72 87 6F 8D 0E 94 8F 8B B1 92 B1 92 AF 83 6F 83
D1 92 F1 92 10 8B F1 8A B0 92 2B B4 2F AB 0F 93
B0 92 B0 8A B1 A2 B0 92 D0 8A B1 92 B0 92 B0 92
B1 92 2E 8B 0F 93 8F 8C AF 8C 8F 85 52 85 71 7E
11 8D 6C 85 4D A4 2D B5 EF AC 0F C6 32 DE 52 DE
B2 D5 D1 A3 51 CE D1 AB 11 BD 4F A4 2F A4 B1 8A
10 AB 72 92 4E A3 0C AC 8D B3 EF BA 72 C2 91 AA
53 FA 72 DA 72 CA 2F C3 8D 83 AD B3 CD 8B B1 DA
92 C2 72 EA 91 C2 72 BA 72 92 8D C3 AD B3 D1 BA
EF A2 91 A2 91 9A 91 9A B2 DA B2 EA CF CA E1 FB
AC A3 6E 93 D1 D2 B2 D2 B2 CA B2 D2 72 BA 73 BA
CD CB CE DC 90 BB D1 DA 72 C3 F2 CA F2 CB 12 CC
12 EC 50 AB D0 8B 0E 94 0D A5 10 C5 91 8A F0 92
2A AC 52 B4 FF F7 FF F7 FF FF FF F7 38 A4 8C A3
AA BC 32 82 13 AC 51 B6 2E 73 AB 7C B1 82 52 92
F3 B3 D4 D4 33 8A EF BB 8E BC AF AB 2F 9B 33 93
34 BA 52 9A 52 8A 32 9A 52 8A 32 A2 52 8A F1 7A
25 E3 C9 FD 95 EF B3 F7 33 CD B3 D5 2D DE 0F DE
2F DE AF EE F3 C4 33 DE 72 CD 33 DE 73 FF 33 F7
B3 FF 33 C5 53 CD D3 D5 B3 CD 72 B4 B3 D5 13 C5
73 CD 8E CD B0 E6 0E C5 71 E6 14 BD 33 ED 70 AA
52 82 0F 83 52 8A 12 9B 4E 7B D3 9A 6F 83 D0 82
B3 82 33 A3 D3 9A F4 B3 CD B4 72 B4 AE AC 53 BC
12 8B 2E 83 33 AA 33 AA AF BA E9 CC 12 DF 53 F7
73 F7 93 BC D3 EE F2 AB B4 E6 B3 AB 32 DE 4D C4
D1 CA CD B3 73 C2 53 AA 94 E2 53 AA B3 EA CF D2
14 FA 92 BA AD 73 4F B3 4E 83 F0 AA 33 BA 14 EA
33 A2 B2 DA CD B3 D1 DA AE B3 6D A3 8F EE 14 EF
F3 EE 13 EF F3 EE F3 EE F3 EE F3 EE 13 EF 13 E7
2D 8C 51 82 94 A2 D1 8A 0B 84 8D A4 70 94 AD AC
D3 AB 74 A3 B4 A3 AA BB 51 FA 14 D2 D5 F9 D1 CA
4F 83 F0 9A 52 8A 33 A2 52 82 33 82 CF 9B EC D5
8F D5 70 D5 4E CD 74 F7 13 EF 12 EF 33 F7 F3 F6
13 F7 54 F7 33 F7 33 F7 55 F7 CD F6 8E 9A 71 9A
8F C2 14 A2 2F E3 2F CB 2F DB 6E D3 52 BA D4 E9
13 CA 13 BA 13 C2 F3 D9 D4 F1 F0 7A 4F 8B 91 9A
4F 83 53 B2 52 9A 32 82 B3 DD AE D5 10 DE EE C4
90 EE B3 AB 13 DE B3 C4 73 EE 13 F7 33 F7 F2 EE
53 EF 33 F7 33 F7 33 F7 53 F7 33 F7 53 F7 33 F7
53 F7 33 F7 52 F7 33 F7 54 EF 34 F7 53 F7 54 F7
F3 F6 53 EF F3 F6 90 AA 52 82 52 8A 13 9A 32 92
52 9A 33 9A D0 8A 2C AC B1 92 AD AB 72 A2 33 82
52 8A 52 82 53 A2 52 8A 32 8A 52 8A 52 8A 52 8A
52 82 D0 A3 72 B4 33 EF 73 F7 33 F7 53 F7 33 F7
53 F7 34 F7 54 EF 34 EF 73 EF 33 EF 33 E7 53 EF
93 DE 12 AC B3 E6 D2 A3 B3 DE F2 BC 51 A4 34 7A
CA B3 EB AB F1 A2 8D AB 14 BA 33 AA 53 BA 53 A2
54 F2 54 D2 54 C2 11 BB 4E 7B 8F AB 8E 83 93 D2
53 BA 54 E2 34 B2 30 C3 AD AB 4F BB 4F AB 34 B2
32 8A 52 9A 52 92 52 92 53 C2 54 EA 90 CA E1 FB
6D 9B 30 93 73 D2 54 D2 53 CA 34 CA AE DB 50 CB
6F BB 10 CB 14 C2 54 DA 13 C2 14 CA 14 EA 54 D2
34 F2 91 A2 92 92 CF 9A 2F 9D F2 BC 33 7A CD AB
A9 BC 95 A3 FF FF FF FF FF FF FF EF D6 AC CF 92
0C AC CF 92 50 AC 4E B6 8D 8B 2D B4 0B 84 CF 92
71 B4 70 CE 0F 9B 2E BC AD BC F1 9A B0 8A D0 A3
F0 BA D0 9A D0 92 D0 A2 D0 92 D0 A2 CF 92 6F 83
64 E3 A8 F5 11 DF 10 E7 4F C5 CF CD CD CD ED CD
91 CD 11 D6 10 BD F0 CD 50 C5 10 CE 10 E7 D0 DE
30 E7 F0 BC F0 BC 70 C5 6F C5 90 B4 90 C5 D0 BC
30 C5 CC BC 2E D6 F1 AB D1 CD 50 BD 51 E5 D0 AA
EF 9A F0 AA D0 92 F0 B2 CC 83 D0 B2 AD 93 4E 8B
B1 82 D1 C2 2F B3 30 E3 ED CB 30 E3 92 C2 D1 DA
F0 B2 D0 B2 D0 AA B1 B2 AB B3 27 C6 D0 DE D0 DE
10 E7 D0 BC 90 DE F0 A3 50 D6 6F B4 10 D6 EA BC
2B AC 11 93 D0 A3 90 9B 91 B4 70 9B B1 AC AD A3
91 F2 F0 C2 0B 84 AD BB CC 8B 4E B3 91 C2 B1 EA
0F B3 0F DB CC B3 B1 D2 72 A2 AD A3 2C CE 11 E7
D0 DE F0 E6 F0 E6 F0 E6 F0 E6 F0 E6 F0 E6 10 E7
92 E3 B0 9A 4F AB 4F AB 6F BB CD C3 F1 B2 F1 B2
71 CB 51 C3 CE C3 F0 C2 F1 EA F1 CA F1 EA 8E C3
AD 93 6E A3 EF 92 D0 A2 D0 92 EF A2 ED B4 2E D6
6D C5 11 BD F1 BC 30 E7 D0 E6 8F D6 D0 DE F0 E6
F0 E6 F0 E6 F0 E6 D0 E6 F1 E6 AD DE 4D 93 F0 92
0E AC 8D 93 2B BC 8E D3 92 C2 72 DA B1 D2 D1 E2
D1 CA D0 BA D0 C2 D1 D2 B1 EA 6D 8B AD 93 2F A3
AD 93 D1 B2 D0 9A EE 92 F1 DD 6D C5 0E D6 11 AC
30 D6 70 B4 30 D6 10 BD 90 DE 10 E7 D0 DE F0 E6
D0 E6 D0 DE D0 DE D0 DE D0 DE F0 E6 F0 E6 F0 E6
D0 E6 F1 E6 D1 E6 D0 DE F0 E6 F0 E6 D0 E6 F0 E6
F0 E6 F0 DE 71 EE F0 AA D0 92 D0 92 EF 9A B0 9A
D0 A2 2F A3 0F A3 CC B3 EF 92 91 92 D0 AA CF 92
D0 92 D0 92 D0 AA D0 9A D0 92 D0 92 D0 92 D0 92
D0 92 4F A3 50 B4 D1 E6 F0 E6 D0 DE D0 DE F0 DE
D0 E6 D0 DE D0 E6 D0 E6 D0 E6 F0 E6 F0 E6 10 E7
70 DE 70 B4 90 DE EF AB 50 D6 F0 BC AD C4 0F 93
6F B3 CC AB B0 A2 91 92 F0 BA D0 B2 D1 C2 D0 AA
D1 EA D1 D2 D1 CA 6E C3 CC 8B ED B3 EC 93 F0 D2
B1 BA 10 E3 10 BB 4E C3 CC AB B1 B2 B1 9A D0 BA
D0 9A D0 A2 D0 9A D0 A2 D1 D2 D2 EA 0E D3 E1 FB
CC AB AD 9B F1 D2 B2 D2 10 D3 10 D3 6E CB 6E D3
B2 C2 72 DA B0 CA D1 DA D1 C2 51 B5 91 EC B1 EA
11 EB 4F B3 0F 83 8D 93 6D AD 30 C5 B0 8A EC AB
4D 9B F4 AB FF FF FF F7 FF F7 FF FF B6 BC 91 82
2C B4 AC A3 F1 AB 0F BE 2E 83 AE AB AD 8B 30 AB
70 BB 4E E4 0B B4 72 AA D2 B2 D1 9A 91 8A D1 A2
91 BA 91 9A 91 8A 91 9A 91 8A 91 A2 91 92 30 83
44 E3 C9 F5 33 E7 32 EF ED D5 4C DE 52 C5 92 CD
B1 CD 52 DE 11 BD F1 CD 92 CD 52 DE 52 EF 32 EF
32 EF B1 DE B1 DE F2 E6 D1 E6 91 DE 13 EF D2 E6
D2 E6 72 DE D2 E6 91 DE 12 E7 F1 B4 12 DD 91 AA
D0 92 D0 AA 91 8A B1 B2 8D 7B 91 AA 6E 8B 2F 83
10 A3 D1 C2 4B C4 6F EB 53 BA 92 E2 B2 C2 92 E2
92 BA 91 B2 D0 A2 6C 93 CE 93 6A AE 12 EF 32 EF
72 EF 71 B4 B2 E6 70 B4 90 DE 4B C5 50 DE 11 94
F0 7C 30 93 6D 9C D0 BA F3 DA B2 AA CD E3 89 B5
73 B4 D0 9B CC 7B 8E 94 AD 83 0F 9C B0 B3 B1 B4
EA B4 11 A4 92 8A D2 AB F1 92 AD 9B AE DE 33 EF
32 EF 12 E7 32 EF 53 EF 12 E7 F2 E6 F1 E6 33 EF
2D D5 2E A3 6E BB 4B CC 72 BA 72 B2 92 C2 91 C2
92 DA 92 D2 92 D2 92 C2 93 F2 92 D2 93 F2 50 C3
AD 83 8E 93 91 92 D0 A2 0F 9B 4E B3 AA C5 D2 CD
F2 BC 72 CD F1 BC 93 F7 12 E7 F2 E6 32 EF 12 EF
F2 E6 F2 E6 F2 E6 F2 E6 12 E7 8E D6 6C 9B 50 93
6B A5 CC AC 12 94 92 93 12 9C 72 9C 32 9C B2 9C
12 9C 92 93 D2 93 72 9C D3 9C 2E 83 8E 8B 10 9B
8E 8B 50 B3 F0 92 CC A3 28 DE 52 B4 91 C5 51 B4
51 DE 31 B4 32 D6 B1 BC 71 DE 52 EF 32 EF F1 E6
12 EF 33 EF 12 EF 53 EF 32 EF 12 E7 F2 E6 F2 E6
F2 E6 12 E7 F2 E6 53 EF 12 E7 F2 E6 12 E7 F2 E6
F2 E6 32 E7 72 EE 91 AA 91 8A 91 8A B1 9A 2F 9B
D1 A2 4B BC 0F A3 72 92 91 8A B1 9A 91 A2 91 8A
91 92 91 8A 91 AA 91 92 91 8A 91 92 91 92 91 92
91 8A 6C AB 8D BC B1 DE 11 E7 32 EF 33 EF 32 EF
12 E7 53 EF 32 EF 33 EF 32 EF 12 EF F2 E6 12 E7
71 DE 31 AC 91 DE F1 AB B2 E6 4F C5 0C CD 2A AC
B1 B2 72 92 91 9A B1 9A 92 BA 91 B2 92 C2 91 AA
93 F2 92 D2 92 C2 4F C3 8D 83 CE AB AD 8B 10 C3
F1 BA 8F EB 2C CC 72 B2 71 92 91 B2 91 9A 92 BA
91 9A 91 A2 91 9A 91 9A 92 DA 93 EA CF D2 E1 FB
AC A3 6F 93 10 D3 F1 D2 8E DB 6C D5 F3 B4 D2 BC
72 C3 92 CC 92 BB 92 C5 52 BB B2 BB B3 EC F3 E3
93 EC D0 AA 70 A4 CE AB 4E 8D 12 A5 2E 9B C9 BC
B0 8A B4 AB FF F7 FF E7 DF FF FF FF B6 BC 91 82
6F A3 EB AB 11 AC 0E BE 4D 83 ED AB 6E 8B 6E B3
EC D3 52 E2 B1 92 F1 AA 91 BA 91 9A 91 8A 91 A2
91 BA 91 9A 91 8A B1 9A 91 8A 91 A2 91 92 50 83
44 E3 C9 F5 13 DF 31 EF 11 C5 D1 CD 71 C5 91 CD
71 C5 2E B5 D0 B4 11 D6 EF B4 0D B5 4E CE EE C5
0E C6 11 E7 12 E7 F1 E6 CD BD CD BD 0E C6 6B B5
AC BD F1 E6 12 E7 F1 E6 31 EF B0 B4 12 DD 91 AA
91 92 B1 A2 91 8A 91 B2 8D 83 91 B2 4E 8B 2F 83
0C BC 6F C3 92 AA B2 E2 91 BA 92 E2 92 C2 92 E2
91 BA 91 B2 B1 AA EE B2 8D A3 C8 AD 6F D6 0E C6
4E CE B2 BC 6D B5 CA B4 F0 E6 F1 AB D1 D5 71 94
31 75 2F 9B 8D A4 72 A3 12 B4 32 9B 91 BC 0F AD
B3 AC 10 94 CC 7B CE 94 8E 83 6E 9C AB C4 B1 AC
31 93 F2 A3 D1 92 31 9C D1 8A AE 9B 4E CE 4F D6
ED C5 B1 DE 0E C6 AC BD B0 DE F2 E6 12 E7 0E C6
2D D4 2B BC B1 B2 91 AA 91 BA 91 B2 92 BA 92 C2
92 DA 92 D2 92 D2 92 C2 93 F2 92 D2 93 F2 4F C3
CC 83 6E 9B 91 8A 4E B3 2B B4 90 9A F1 BC B0 CD
90 B4 8F AC 70 AC 0D C6 4F CE AC BD AC BD 6F D6
12 E7 12 E7 12 E7 4F CE F1 E6 8F CE EB 93 4B B4
EC A3 B2 B2 F2 C2 D1 B2 D2 BA F2 CA D2 C2 F2 D2
D2 C2 D1 B2 D2 B2 F2 CA F3 DA 2E 83 8D 8B F0 9A
6E 83 EC C3 AD A3 91 8A 6C D5 90 B4 B1 CD 51 B4
52 DE 11 AC B0 C5 EE A3 B2 E6 4E CE 2E CE 2F CE
4F CE CD C5 4F CE AC BD ED C5 D1 E6 12 E7 F2 E6
D1 E6 2E CE 12 E7 6C B5 8C B5 F1 E6 F1 E6 F1 E6
F2 E6 11 E7 31 E6 B1 AA 91 8A 91 8A B0 92 4B B4
0F AB B1 9A B1 92 B1 9A 91 8A 91 92 91 A2 91 8A
91 92 91 8A 91 AA 91 92 91 8A 91 92 91 92 91 92
71 8A 8E 9B 4A C5 AC BD F2 E6 ED C5 CD BD 0E C6
B0 DE AC BD 2E CE ED C5 0E C6 4F CE 12 E7 32 E7
92 DE F0 A3 B2 DE 70 9B E9 A4 EB D5 D0 BC 91 82
B1 B2 91 9A 91 9A 91 92 91 BA 91 B2 92 C2 91 AA
93 F2 92 D2 92 C2 4F C3 8D 83 CD AB 8D 8B 8F C3
CD CB 92 E2 B1 BA 91 BA 91 92 92 B2 91 9A 92 BA
B0 8A D0 92 91 9A 91 9A 92 DA 93 F2 CF D2 E1 FB
AC A3 4F 93 CD DB ED E3 92 CA 52 CB F2 C3 D2 C3
F2 C2 B2 D3 52 BB F2 D3 12 BB F2 C2 73 EB 53 D3
D3 EB D0 AA D0 9C 8E 9C ED 94 12 B5 8C A3 CD AB
91 8A D4 A3 FF F7 DF E7 BE EF FF EF 38 AC D4 79
F5 81 AD A3 F0 C4 B2 AD 71 72 AE BC CA B4 14 A2
55 B2 B6 DA 14 8A B5 A2 F5 B1 F4 91 D4 79 F4 91
B5 AA 34 8A F4 81 34 92 D4 81 D4 99 D4 81 93 6A
06 E3 C7 F5 4F E7 71 EF B4 B4 B5 CD 34 C5 D3 B4
13 BD AB 8B 8F 93 F5 D5 F0 9B 8F A4 30 C6 AB 9C
2D AD D4 DE CE DE 8D D6 0E A5 AF BD 6E B5 AB 9C
0D A5 B3 DE 15 E7 D4 DE 55 EF 74 AC 16 E5 D5 A1
52 82 D1 82 D4 81 54 A2 F0 6A 16 9A 8B AC CD 9B
D6 91 F5 B9 D5 A1 D6 E9 D5 B1 D6 E1 D5 C1 D6 E1
D5 A9 F4 A9 34 9A 15 B2 F0 92 2A AC 4E AD 88 94
29 CE CC D5 2B AD B2 8A 75 DE 74 9B 93 C5 92 93
11 8C 73 8A 34 A3 D5 9A B6 AB 95 92 D7 B3 B7 B3
D6 B3 34 8B 2F 63 30 94 09 AD B1 93 B6 92 B6 B3
55 92 15 A3 F4 81 15 AB F5 89 CF 72 4C A5 CC A4
67 B5 70 D6 6F B5 AB 9C 8F B5 15 E7 D4 DE 31 C6
95 DA D5 91 34 9A F5 A1 D5 B1 D5 A9 D5 B9 D5 B9
D6 D9 D5 C9 D6 D1 D5 C1 D6 F1 F5 C9 D6 F1 B2 C2
10 73 4F AB EC AB D5 91 F4 81 D5 91 12 A4 13 B5
CE 9B 2A BD 70 8B 89 94 B0 BD 2D AD 6B 94 D0 BD
F4 E6 F4 E6 F4 E6 EC A4 B0 BD 91 DE AF 8A F4 91
32 B2 D5 A9 D5 C9 D5 B1 D5 C1 D6 D1 D5 C9 D6 E1
D5 C1 D5 B1 D5 B9 D5 D1 D6 E9 91 72 B1 7A ED B3
2C 9C F5 A9 33 82 D4 79 72 CD 35 AC AF CD 6F B4
15 D6 B4 A3 B3 CD B1 9B 74 DE EC 9C CC 9C D0 BD
CC 9C 8B 94 F0 C5 AB 9C EC A4 93 D6 0F E7 EE E6
73 CE 8B 94 11 C6 EC 9C 6A 94 D4 DE F4 E6 15 E7
15 E7 35 E7 34 E6 D5 A1 F3 79 4B B4 72 92 D5 89
32 92 12 92 D5 91 D4 91 D4 79 D4 89 D5 99 D4 79
D4 81 D4 79 D5 99 D4 81 D4 81 D4 81 B5 79 33 8A
4B B4 51 A3 95 9B EB A4 4D EF F0 C5 29 8C AF BD
31 CE 8B 94 11 C6 EC A4 8B 94 11 C6 D4 DE 14 E7
34 D6 F3 8A EE C5 0A BD 08 B5 93 B4 B4 B4 D4 71
15 A2 F4 89 D4 91 D4 89 D5 B1 D5 A9 D5 B9 D5 A1
D6 E1 F6 C1 D6 C9 B2 BA D1 6A CE BB 09 B5 15 C2
D5 B1 D6 E1 D5 B1 D5 B1 D4 89 32 AA 14 8A 34 A2
F4 81 14 8A D4 89 D4 91 F5 D9 F6 F1 32 D2 A1 FB
6A C4 6B B4 F6 C9 D6 D1 D5 C9 B6 C9 95 C9 95 C9
D5 C1 96 D9 B5 C1 96 D9 B5 B9 D6 C1 B6 E9 B6 C1
B6 F1 33 A2 74 7A 8C B4 0C BE 33 BD CC AB 14 82
D4 79 57 9B FF FF BE FF FF DF FF E7 D6 AC CF 92
F0 92 AC A3 8B C5 4D AE 0A 9C 2C B5 4A A4 70 AB
10 B4 71 D5 D0 9A B0 B2 F0 BA F0 A2 CF 92 F0 A2
D0 B3 70 9B CF 92 D0 A2 CF 92 D0 A2 6D A3 2C 9C
64 E3 A6 F5 2C E7 2F EF 30 C5 B0 CD 90 CD 4F BD
90 CD 10 D6 AE B4 10 D6 70 CD 30 D6 F0 E6 D0 DE
D0 DE 2D CE E7 C5 6C D6 AF DE 8F DE 31 EF D0 E6
F0 E6 F0 E6 F0 E6 F0 E6 30 EF 10 BD 51 E5 D0 AA
EE 9A 2E AB D0 92 50 AB 6A 9C CE B3 2B 9C CC 9B
D0 AA F0 C2 D0 B2 D1 E2 D0 BA D1 E2 D0 CA D1 D2
D0 B2 2F B3 AD 9B 90 A3 EB 9B CB A6 F1 E6 ED E6
2C EF 0D C5 8F DE EF AB CD C5 AE 9B 0C B5 4E A4
CC 9C 70 93 31 94 10 94 71 95 D0 93 B1 95 91 95
B1 95 AF 94 A9 9C 8C 95 6A 9C AE 94 11 94 71 95
90 93 91 9C 0E 8B 0E A4 F1 9A AD 9B 4D CE 10 EF
0B EF AF DE F1 E6 D0 DE AF DE CC C5 EC C5 8E D6
30 DC EF 9A 4E 9B F0 AA D0 BA D0 B2 D1 C2 F0 C2
2E DB D1 D2 D1 D2 D0 C2 D1 EA F1 D2 D1 EA AE CB
A9 A4 AD AB 8D A3 D0 A2 EF 9A D0 A2 4D A4 D0 CD
0C C5 AC CD 10 C5 0F E7 B0 DE 6E D6 D0 DE AF DE
CC C5 0D C6 0D C6 AF DE 6E D6 6E DE 8D B3 D0 A2
B1 C2 D0 BA B1 D2 D0 C2 D0 CA B1 DA B1 D2 B1 E2
D0 CA D0 BA D0 C2 D1 DA B1 EA EC 9B 2B A4 8D AB
2B 9C D0 BA D0 A2 CF 8A D1 DD F0 BC EA D5 8D B4
30 D6 70 B4 30 D6 F0 BC 2F D6 F0 E6 8F DE 31 EF
D0 E6 D0 DE AF DE D0 E6 F0 E6 4E D6 E7 C5 2B CE
4E CE 8F DE 8F DE 52 F7 D0 E6 F0 E6 F0 E6 F0 E6
F0 E6 10 E7 71 EE AD BB 4E 9B 8D A3 0F 9B D0 9A
D0 A2 D0 A2 D0 B2 D0 9A CF 92 D0 9A D0 AA CF 92
CF 92 CF 92 D0 AA D0 9A D0 92 0F 9B CC AB 2E 9B
8D A3 8E AB 50 B4 CC E6 0B E7 31 EF 8F DE F0 E6
D0 E6 AF DE D0 DE D0 DE D0 DE 2D CE EC C5 0D C6
0E CE EC BC 2D D6 EB BC CC E6 30 C5 30 C5 CF 8A
70 A3 10 9B D0 A2 D0 9A 4D BB F0 B2 D0 C2 D0 B2
D1 DA F1 C2 D1 CA CD CB 8A 9C 0C BC 6A A4 10 CB
D0 BA D1 E2 D0 BA D0 BA D0 9A EF B2 EF A2 10 B3
D0 9A D0 AA EF 92 F0 9A D1 DA F1 EA 4D DB E0 FB
2A B4 2C AC F0 D2 D1 A2 D1 CA F1 BA F1 CA F1 CA
D1 CA 11 DB D0 C2 B1 DA F1 CA B1 D2 D1 E2 F1 CA
D1 EA AD BB AD BB 6C B3 CC B5 AD D5 2A AC F0 92
CF 92 13 AC FF EF FF FF DF F7 FF F7 19 AC 95 71
B6 79 D4 79 71 B4 51 B6 8D 8B 32 9B B2 7A B6 99
97 B1 78 E1 B6 81 76 9A 97 A9 96 89 96 71 14 8A
36 9A B6 81 95 79 D5 81 95 79 95 91 52 8A 70 8B
E6 DA EA F5 53 E7 97 F7 B6 BC 76 C5 36 C5 77 C5
76 C5 16 D6 B6 BC D6 CD 36 C5 16 D6 77 EF 37 EF
37 EF 36 EF 52 EF 36 EF 37 E7 37 EF 16 E7 37 EF
37 E7 37 E7 37 E7 16 E7 77 EF 76 AC D6 DC B5 A1
35 72 34 73 96 79 56 92 AE 8B 2F 93 92 6A 33 72
96 91 97 B9 96 A1 98 E9 97 B1 97 E1 97 C1 98 D9
77 A1 57 A9 76 A1 57 C1 F1 9A 29 A6 B4 EE 53 EF
74 EF F7 AB 97 DE 56 9B 97 DE 76 A3 F6 D5 16 93
37 8B 12 92 31 C2 97 A1 B7 E9 B6 99 B8 E9 B8 F1
99 F1 F6 B1 4C 8C 31 B3 92 6A 73 A2 77 B9 79 F1
B5 91 D4 B1 96 89 77 D1 76 89 91 72 93 C6 55 EF
32 EF 37 EF 37 E7 37 EF 37 EF 57 EF 37 EF 57 EF
F6 AA 96 89 97 A9 96 A1 97 B1 96 A9 97 B1 96 B9
D6 D9 97 C9 97 D1 97 B9 98 F1 97 C9 98 F1 B3 CA
2C 94 73 8A 76 79 96 91 96 81 96 91 34 A4 D7 CD
D3 BC D4 BC 76 B4 D7 F7 37 EF 57 EF 57 EF 37 E7
57 EF 37 EF 57 EF 57 EF 57 EF 56 EF 94 A2 F5 81
F5 8A 55 82 D6 A2 57 9A 77 A2 B7 AA 97 AA F7 B2
97 A2 37 9A 57 9A B7 AA F8 BA 10 83 CE 8B 15 7A
D2 6A 36 9A D6 81 96 71 97 D5 36 AC B1 CD B5 A3
57 D6 96 A3 16 D6 56 B4 97 DE 57 EF 37 EF F6 E6
37 E7 37 EF 37 EF 37 EF 37 EF 36 EF 52 EF 56 EF
37 EF 37 EF 37 EF 16 E7 37 E7 37 E7 37 E7 37 E7
17 E7 56 E7 57 EE F1 B2 33 82 57 71 76 81 96 81
76 91 76 89 76 A9 96 89 95 71 96 81 B6 91 95 71
95 79 95 79 B6 91 96 81 96 79 B5 79 10 9B F4 81
56 71 72 92 96 9B 13 EF 54 EF 37 E7 97 F7 37 EF
77 EF 37 EF 77 EF 57 EF 97 F7 37 EF 37 EF 57 EF
D6 E6 90 B4 97 DE 94 A3 93 DE B6 B4 33 94 96 71
D5 99 95 81 B5 89 95 81 96 B1 96 A1 97 B9 96 99
98 F1 97 D1 97 C1 D2 CA ED 8B F2 9A F1 72 D6 B9
97 B1 98 E9 97 B1 96 A9 96 81 77 A9 96 89 77 B1
96 81 96 91 97 B1 96 91 97 D9 98 F1 52 DA E1 FB
D0 92 73 82 B6 D1 97 B1 97 C9 97 D1 97 C9 97 C1
97 C1 F7 C4 B7 B3 57 CB B7 B4 D7 CC 98 E1 78 C9
D8 F1 91 AB 32 9D 73 84 92 84 93 BD 72 8A B6 79
95 79 18 93 FF E7 FF FF DF FF FF FF 9F 92 1F 40
1F 58 1F 48 5F 8A BB A5 79 38 99 89 59 51 1F 80
1F A0 1F E8 1F 60 1F 88 1F 98 1F 68 1F 48 3D 60
5F 80 1F 58 1F 48 1E 50 1F 50 1E 70 1F 50 7D 38
48 D2 30 FE 9F EF FF FF 1F AC 3F C5 9F B4 DF BC
1F BD DF CD FF AB BF CD 7F B4 DF CD DF F7 7F EF
7F EF 7F EF 7F EF 7F EF 7F EF 5F EF 7F EF 7F EF
7F EF 7F EF 7F EF 5F EF DF F7 BF 9B 5F EC 1F 80
3E 48 DA 70 1F 50 1F 90 39 31 1F 88 19 51 9B 40
1F 78 1F A8 1F 88 1F F0 1F A0 1F E8 1F B8 1F D0
1D 88 DB 78 1F 60 9F 80 58 51 95 75 7F EF 5F EF
DF F7 3F 9B BF DE 1F 82 BF E6 1F 82 DF CD 9F 81
3F 79 3B 70 F9 A0 1F 80 BF C8 1F 68 1F C1 1F D1
DD C9 BA 79 98 31 99 6A 78 41 9C 71 9F 78 DD 91
1E 68 7C 58 1F 60 1F C8 1F 60 FB 68 9B D6 DF FF
5F EF 7F EF 7F EF 7F EF 7F EF 5F EF 5F EF DF F7
7F A9 1F 68 1F 90 1F 88 1F A8 1F 98 1F B0 1F 90
1F D8 1F D0 1F D0 1F B0 1F F8 1F C8 1F F8 9D B0
98 39 BB 68 1E 50 1F 70 1F 58 1F 70 5D 8B 9F CD
9F A3 1F B4 BF A3 7F F7 BF E6 DF DE DF E6 9F F7
5F F7 7F F7 1F EF BF E6 5F EF 3C EE 99 71 9E 48
5B 5A 79 52 B5 82 3F 90 7F 98 9F A8 9F A0 DF B8
3F 98 3F 80 7F 80 BF A8 FF C0 9B 38 59 41 7D 60
59 49 7F 80 1F 60 1E 48 3F DD 7F 9B FF BC 9F 8A
5F D6 7F 8A FF D5 7F 9B 9F DE BF F7 5F EF 5F EF
5F EF 7F EF 5F EF 5F EF 5F EF 7F EF 5F EF 5F EF
7F EF 7F EF 5F EF 7F EF 9F F7 7F EF 7F EF 7F EF
7F EF DF EF 9F FE 1F 80 1F 48 1E 50 1F 58 1F 60
1F 68 1F 68 1F 80 1F 60 1F 48 1F 58 1F 70 1E 50
1F 50 1F 48 1F 70 1F 58 1F 50 1F 50 1F 48 1F 50
1F 50 5D 69 7F 8A 1F E7 9F EF FF E6 1F BD 3F E7
1F BD 1F E7 DF CD BF DE FF BC BF EF 5F E7 BF EF
7F D6 3F 82 DF DE FF 81 5F D6 1F AC DF A3 1F 40
7C 58 1E 50 1D 68 1E 58 1F A0 1F 90 1F A8 1F 80
1F F8 1F D0 1F B8 BC A8 39 39 B9 89 B8 49 1F C8
1F A0 1F E8 1F A0 1F 90 1F 58 1F 90 1F 68 1F 98
1F 60 1F 70 1F A0 1F 70 1F D0 1F F8 3C C8 A2 FB
B7 71 1A 61 1F C8 1F D0 1F C0 1F C8 1F C0 1F B8
1F B8 1F C3 5F A2 3F C9 7F AA 9F CA 7F F0 3F D0
9F F8 7E 78 7E 5A DA 6A 5A 64 5F 94 1F 48 1F 58
1F 48 3F 69 FF E7 FF FF FF FF FF FF 77 B4 37 69
F9 68 D9 60 39 9B F6 AD 14 5A B4 8C 34 6A 19 91
FA A1 DB E1 D9 70 9A 89 BA A8 D9 80 D9 68 18 71
1A 99 D6 89 B5 81 B9 68 F9 68 17 62 D8 70 7A 4A
67 CB AB E5 19 C7 FA F7 9A B4 7A CD F9 BC 1A C5
5A C5 1A D6 9A B4 BA CD 95 D5 57 DE 7A EF 3A EF
5A EF 5A EF 5A EF 5A EF 19 E7 19 E7 5A EF 5A EF
5A EF 5A EF 5A EF 3A EF 9A F7 19 A4 18 C4 15 AA
57 81 BA 98 D9 68 38 A1 53 52 DA 98 15 6A B6 61
DA 88 DA B0 DA 98 BB E8 DA A8 95 E9 D8 C0 7C E0
D9 A0 96 99 74 A2 99 A9 DA 88 D7 D2 99 EF 7A F7
BA FF FA AB DA EE D9 92 F7 BD B9 8A 19 CE FA A1
BB C0 DA 88 9B B8 BA A0 55 F9 F4 B1 5B F8 3C F8
34 F9 33 A2 93 52 B4 92 54 62 16 9A 77 89 D5 91
BA 98 BA 90 D9 70 37 C9 D9 80 D4 59 74 AE 78 CE
38 DF 5A EF 7A EF 5A EF 5A EF 9A EF 3A EF 9A EF
58 92 19 79 7A 89 5A 89 F7 91 79 89 9A 99 BA 81
1B AA DB A1 78 BA 76 BA 9C BA 1B A2 9C C2 D7 9A
D2 5A 16 72 D9 70 D9 80 18 69 59 79 15 73 78 A5
5A A4 BA A4 B9 AC B9 AC 7A A4 B5 C5 B7 C5 FA D7
7A CF DA D7 9A AD D9 9B 3B BE 14 AC 15 7B 58 71
37 8A 1B 9A 5A 9A FA 89 3A 92 9B 9A 7B 92 BB 9A
55 A3 B0 5B B3 52 D9 6B BC 74 B5 61 B4 5A 17 62
94 5A F8 6A F5 59 56 59 94 94 B8 9B 3A C5 59 A3
19 CE D9 8A 77 B5 D4 BC D9 E6 7B EF 9A E7 9A EF
9B E7 9B EF 9A EF 9A EF 9A EF 9A EF BA EF 9A F7
7A F7 5A F7 9A F7 39 EF D7 C6 5A EF 9A E7 7B EF
3A E7 F7 CE D7 C5 38 89 D9 68 D9 68 39 69 58 69
99 69 79 69 9A 6A 59 69 D9 68 38 69 D8 71 B9 68
37 71 34 8A DA 71 F9 68 D9 68 96 61 F8 68 D9 68
D9 68 76 6A 17 93 1A F7 DA F7 7A E6 B9 9A DA EE
19 9B BA EE 1A B4 78 E6 B5 AB 9A FF 1A FF 5A FF
7A E6 39 A3 BA EE D9 9A 7A E6 59 B4 18 A4 D9 58
BA 98 B9 70 BA 80 D9 70 BA A8 BA 98 B7 B9 F5 A9
DC F8 DB D0 DB B8 D7 B1 54 62 94 9A 93 6A 1A C9
18 B1 FA E8 DA A8 DA A0 D9 70 DA A0 D9 80 DA A8
BA 70 B6 99 97 B9 DA 80 DB D8 DC F8 56 C9 C1 FB
72 8A 15 72 1A C9 DB D0 DB C0 DB C8 DB C0 DA C0
DA C0 1B D9 DB B8 9B D0 36 D2 78 E1 DC F1 1C DA
FB F1 96 81 78 79 95 79 D4 8C 79 B4 D9 60 F9 68
18 69 74 A3 FD EF FF FF FF FF FF FF 4E DE 2E 9B
14 82 13 82 B1 A3 CD AD 50 7B 6F 96 0F 8B 53 A2
35 AC 55 DB 13 8A 10 94 B5 A2 34 8A F3 81 F3 8A
74 83 2C B4 EB AC B3 72 F3 89 F2 7A F3 89 F2 72
C4 DB 07 BB 0F 5C 30 7C 51 74 F4 6D 95 5D B4 65
B3 6D 75 5D B3 6C 12 76 AA 9E 0F 7F 76 4F 75 4F
B5 4F 34 6D 54 6D 15 5E 35 5E F4 6C F4 65 34 6D
B4 65 94 74 95 5E 54 74 75 5E D2 6C 6D 5C EA AD
8F 9B 54 73 F3 89 B1 73 0F 7B D4 73 90 73 B1 7A
14 7B B4 6C D4 73 95 5E 34 74 32 6E 74 7C B5 75
D4 7B B2 8B A9 BD D1 84 75 7B 93 5E 0D 6D 14 75
53 6E 31 83 6E 7C 11 7B 6C 5C 71 73 75 5E 54 6C
71 6C 13 7B 34 65 13 74 91 5F 09 B6 34 5F D5 5E
B6 5E B4 6C 6E 73 90 65 6F 73 F1 6C F4 73 35 6D
94 73 53 7B 73 82 D3 65 93 7A 13 8A AE 73 0D 6B
0F 74 F0 66 2F 65 34 57 35 57 14 7C B1 7E 31 84
B2 7A D2 7A AF 6B B3 73 D4 64 54 6C F4 5C F4 64
F4 4E D4 55 AE 8E 29 B6 B5 5E B1 6D D4 47 92 4E
EE 6B 93 73 13 82 F3 7A 53 82 94 73 11 82 0F 64
D3 64 51 6B F2 74 30 75 71 84 4A A6 0C A6 35 6E
35 66 75 6E F4 7C 94 74 95 6E 75 75 F4 7B B3 82
D3 83 35 7C B4 7C 53 93 94 93 15 94 F4 9B 35 9C
AB BD 0B 9D 34 8B 15 9C 75 9C B1 7A 6F 7B F2 82
6F 7B 14 8B F2 8A D2 8A 71 72 B1 73 F5 64 B4 73
6E 75 EF 7A 8D 6B A7 AD 0B 86 CD B5 B5 AC D3 74
31 A4 D1 9C 34 7C 95 74 D4 7B 74 7C 75 84 D2 94
CE A3 0E 9E 75 8C 71 75 EE 72 31 66 13 7C 8E 65
B1 56 B1 64 4F 73 72 82 13 82 13 82 53 82 53 82
D3 82 B3 82 54 83 93 82 F3 81 53 82 32 83 33 82
F0 92 E8 C4 30 83 13 82 53 82 F3 73 13 82 53 73
53 82 F3 81 91 82 B3 66 95 6D F0 74 B1 83 0E 7D
14 93 8C B5 92 94 31 9E E9 AD 54 77 75 7F 95 7F
D4 86 D4 83 F5 86 52 83 EE 6C B2 6C 52 73 F4 89
10 7B 33 82 B1 8A 52 82 2F 93 14 AA ED CB 6B D4
15 F2 34 C2 15 CA F1 BA 2F 7B 50 A3 6E 83 34 D2
71 AA 33 E2 14 BA 14 B2 13 8A F4 B1 14 92 33 BA
53 82 2C BC 2E C4 53 8A 14 BA 15 F2 71 D2 E1 FB
4E 9B 10 8B 34 D2 15 D2 14 CA 14 D2 14 CA 14 CA
14 C2 D5 D9 33 C2 14 D2 6A E4 4F EB B6 F1 F5 D1
F5 F1 10 93 52 9A 90 92 2F 9D D3 BC F3 79 14 82
B1 92 C8 D5 FB FF FF FF FF F7 FF F7 15 BD EB A3
73 8A 13 82 D2 AB AF B5 4F 7B EF 9D 0F 8B 93 A2
92 B2 B3 DA 72 82 72 9B 31 8B F1 8A 33 82 AD A3
6C A4 32 7A 34 73 13 74 D3 82 F3 73 D2 82 D1 72
84 DB C6 B4 12 65 B3 6C 73 65 70 7D 31 7D 74 5D
93 6D 94 55 8E 8D 6F 7E 35 65 15 56 73 4F 14 57
35 4F 71 6C 71 6C 31 5D 72 5D 94 6C 94 5D D4 64
54 5D 34 6C 34 5E 33 74 D4 65 CD 9D B1 76 75 6B
D3 7A 92 73 73 82 B1 64 2F 7B F4 73 B0 73 B0 82
53 7B F4 64 F3 73 35 4F B4 6C B5 56 34 65 14 57
CC 9D 32 7C 54 73 B4 64 72 73 54 47 33 4F 31 73
4F 5D 0F 7B 50 5D B3 73 73 6D 73 7B 92 65 F2 7B
D2 84 53 83 F2 84 6C A5 F4 75 55 7B B3 6E 94 4F
B5 47 52 65 6E 73 2F 56 8F 73 51 65 34 6C B4 5D
B3 73 53 7B 73 82 F5 5D D3 82 B0 9A 6D 9D 93 56
F2 7A 34 47 53 5D 75 47 B2 4E 10 7B 72 56 D0 6B
F2 73 52 7B D1 5D 94 73 94 6C 13 74 D3 6C D4 6C
D0 76 6D 96 74 65 D4 6C F5 5E 93 6D 54 57 52 56
EE 73 D2 73 33 82 13 7B 53 82 33 7B B2 73 D3 5D
72 6C EF 82 74 65 4E 86 0F 86 75 5D 54 65 15 4F
F5 4E 15 4F F1 6C 31 6C D1 5D D1 64 73 6C F3 7A
74 6C 34 65 B4 5D 73 74 13 6D B4 65 2D 96 B0 7E
D5 64 D0 73 6F 7B B3 65 B5 5E 2F 7B CF 73 72 7B
AF 73 13 74 91 7B 51 7B F3 64 52 6C F4 5D 73 74
73 5E 2B A5 71 6E 54 64 93 4E 34 57 B5 56 F4 46
CF 73 10 65 70 64 52 55 34 64 B4 4D 14 64 94 55
13 74 54 56 13 6C CD 6C 4B A5 AF 6D 71 73 ED 6B
F0 64 33 65 D2 7B 52 82 33 82 33 82 73 82 93 82
D1 82 B2 82 14 74 D3 82 32 8A 93 82 11 84 0B B4
33 8A 34 7A D2 73 33 82 73 82 52 7B 13 8A 73 73
92 82 13 8A B1 82 CF 55 74 6C 73 4E F3 7B F1 7C
F3 8A EC 95 AB BC 55 A3 13 93 F2 A4 55 94 16 84
F4 5B 31 7B 91 64 51 73 F1 93 31 8C 33 83 13 82
D2 92 53 8A 71 9A 52 92 8F D3 CD C3 F5 B9 F4 A1
35 F2 34 D2 14 C2 F1 BA 4F 7B AD AB 6E 83 93 CA
34 9A 75 DA 54 B2 54 B2 33 8A 72 A2 33 92 6F CB
AD AB F4 91 14 BA 33 AA 34 CA 35 F2 71 D2 E1 FB
4E 9B 10 8B 54 D2 34 D2 34 CA 34 D2 34 CA 34 CA
33 CA 54 CC ED D4 F0 DB 95 B3 B5 C3 55 EA 35 DA
55 F2 50 9B D2 A3 D0 9B 0F 9D F3 BC 13 7A 53 8A
AC A3 D1 B4 DF DF FF F7 FF FF FF FF 77 B4 49 B4
6F A3 52 82 12 AC 10 BE 2E 83 4E A4 6E 8B 52 AA
50 A3 50 AC B1 8A D2 92 51 7B 08 A5 0C AC F1 82
EF 7B 8F 7B 93 7B 72 74 30 83 B3 6C AF 7B 10 73
84 DB 85 AD D4 5D 13 6D 92 6D 90 7D 30 7D 94 6C
2B A6 4D 8E 73 7C 53 6D F1 7C 52 6D 51 7E 13 7E
14 76 0F 74 0F 74 8E 6C B0 7C 33 7C D3 7C 53 74
D3 6C B4 73 14 6D A9 B5 D0 95 33 84 B4 85 92 83
32 83 72 83 12 83 93 6D 6E 7B D2 7B AF 7B D0 82
33 83 93 7C D2 83 73 6E 74 6C 93 5E 49 AE 10 77
93 74 12 7C B2 7B D3 6C 50 7B F2 56 74 4F 2F 83
8F 65 EE 7B F0 65 13 74 B4 56 F2 7B 33 5E F4 6B
32 6F E9 B5 D2 7C 52 74 F3 5E F2 7B 53 57 74 4F
94 4F 52 65 8D 7B 0F 5E AE 7B 50 65 53 74 B3 65
D2 7B D2 73 93 7A EF 75 09 BD 71 92 52 74 54 57
73 7B 54 57 B1 65 54 57 91 5E 0E 83 F0 65 2E 74
B1 6C 33 74 14 57 92 7B B3 6C F4 6B 8D 95 4B A6
53 5E D3 65 13 5E 33 6D 94 4F D3 5D 74 4F 50 5E
0D 74 30 74 92 8A 32 83 92 82 32 83 93 74 75 56
F3 73 4A 9D 6C A6 11 75 13 75 73 6D D3 65 94 4F
13 5F B4 5E EF 74 EF 73 2E 6D 4D 74 51 7C F2 82
33 7C D3 7C 14 6D 32 74 4A A6 6E 8E 13 75 13 6E
D3 74 31 75 50 75 53 75 74 66 0E 74 CE 7B 91 7B
AE 7B F3 7B 11 74 B1 7B F4 6D 74 74 B4 5D 0A A6
0F 7F 33 74 53 66 93 74 54 66 B4 66 D4 5E D3 5E
EE 7B 0F 6D 6D 74 6F 65 93 6C F4 5D 73 6C D3 65
14 6C 33 66 E9 B5 2D 9C D1 83 91 74 30 7B 10 83
8D 8B AF 83 91 7B 91 8A 52 8A 52 8A 92 8A B3 8A
90 8A B0 8A 73 8B 73 82 91 92 09 BD 91 93 72 8A
52 8A B2 8A 11 7C 52 8A D1 82 91 8A 52 8A 93 7B
F1 82 71 8A 71 8A EF 6C 72 74 53 5E 94 7B 0D 8E
29 C5 2F 9D D2 8B 72 A4 30 A3 8F C4 12 A4 11 8D
93 6C 4F 83 AF 74 2F 83 72 94 11 94 32 8B 51 8A
53 93 34 82 8E AB A9 BC B2 C2 72 AA 73 BA 52 AA
54 F2 53 D2 53 C2 10 BB 6E 83 29 AC CE 7B F3 A3
33 93 13 AC 52 9B 13 9B 13 82 6B BC 0C BC 53 B2
71 92 52 9A 53 BA 72 AA 73 D2 54 F2 90 D2 E1 FB
6D A3 2F 93 73 D2 53 D2 53 CA 73 D2 34 CA 34 C2
2B E4 8D D6 53 B4 F3 CB D3 9C F3 BC 94 D2 54 E2
B4 F2 CF 9B 91 A4 CF 9C 0F 95 32 B5 52 82 F0 92
A9 BC 13 A4 FF E7 FF FF FF FF FF FF 57 B4 0E 93
8B B4 52 82 12 AC 0F BE 0E 83 6E B3 6E 8B 72 AA
93 BA 94 E2 14 9A 4F D3 4B CC 30 BB 6D 8B 50 83
54 9B 53 9B D2 92 90 8B AE 7B 50 74 6F 83 30 7B
C5 DB 66 AD D4 5D D1 7C 93 65 B5 55 6C 96 EE 95
B2 6D 32 6E B3 74 B3 65 52 6D 71 7D F4 7D F4 7D
14 7E 2F 74 2F 74 8F 6C D0 7C 33 84 F3 84 33 74
74 6C 2C AD CF 85 31 7C 52 85 33 84 B3 7D 92 83
32 8B 32 8B F2 8A F3 84 6E 7B 71 83 AF 7B EF 82
12 8B 32 84 54 83 73 85 6A B5 51 86 D1 84 33 76
33 7C D2 83 92 83 B2 74 D2 7B 74 57 52 57 4F 83
B0 65 2E 74 71 5E 12 7C 53 66 93 73 F3 6D 8B A5
91 76 31 84 D2 74 13 7C 93 66 F2 7B D4 66 B4 66
D4 66 F1 74 AD 7B AE 6D AE 7B 10 75 13 7C 33 75
34 7B F0 84 2A AD CF 7C 0F 93 71 8A 52 74 13 57
52 83 53 57 94 4F 33 57 30 66 2F 83 10 66 2E 74
B1 74 32 7C F4 56 54 73 30 85 4B A5 D1 7C 31 7D
53 5E B3 65 F3 65 13 6D 53 57 B3 65 54 57 50 5E
0D 74 4F 74 91 8A 32 83 B1 8A 32 83 14 6C AE 86
0D 8E 93 6D 91 75 73 65 32 6D F3 65 B3 65 74 57
54 57 94 4F 2F 6D 0F 74 8E 65 8E 74 72 74 32 83
73 6C F4 64 6D 8E 8D 95 32 75 12 6E 93 65 73 5E
F3 6C 74 5E 14 57 B3 65 F4 5E 4E 74 CE 7B B1 7B
CE 7B 32 74 92 74 33 74 B4 65 CC 9D 50 7E 71 7C
92 66 13 7C 53 66 D3 6C B3 5E 54 57 34 57 53 57
0E 7C 2F 6D 8D 74 CF 65 F3 74 93 5E B3 6C 33 5E
AB A5 F0 76 B1 7C F3 7C 12 7C 10 7C B2 7B D3 7B
10 94 51 93 EE 82 B0 82 92 92 72 8A 71 8A B1 92
52 8A 13 82 B1 B2 4A BC D0 8A B0 9A 52 AA 52 82
72 8A 72 92 EF 92 71 8A 11 8B 92 8A 52 8A 52 83
F1 82 91 8A 52 92 14 7D 33 7B 51 85 6A AD EE 75
71 84 F2 7D 73 7C F1 75 D2 A2 74 C3 D1 BB 6C B5
73 AC 4F 83 AF 84 4F 83 72 A4 93 93 D2 82 12 82
6C A4 4B AC B1 BA 0F 9B F1 BA 53 AA 72 BA 72 AA
74 F2 73 D2 54 CA 10 C3 6E 83 6F AB 8D 8B 72 D2
52 BA 14 EA F4 B9 6E C3 2C C4 93 DA B1 9A 53 BA
92 8A D2 92 52 9B 4F 8B B2 CA 74 F2 B0 D2 E1 FB
8D A3 4F 93 92 D2 73 DA 33 CA 14 CA 0C DC AE DB
92 CA 12 D4 53 BB 53 D2 53 A3 B3 B2 34 C4 93 CC
34 EC 2F A3 51 8B 0F 93 4E 9D 32 BD 32 82 CD A3
2A B4 95 9B FF E7 FF F7 FF FF FF F7 38 A4 31 8A
48 C5 71 8A B4 A3 EF AD EF 72 30 8C 8F 7B 93 92
15 8C B1 C5 EE AB 91 A4 6F CD D6 BC 13 8B 10 84
34 8B 54 8B D2 82 B1 64 52 66 54 84 30 7B F1 72
85 DB 06 B5 96 54 F5 7B 70 9D CB A5 A9 AD F0 94
35 84 B5 74 F4 7B 95 7C 35 6C B5 74 95 6D 55 85
B5 85 D1 6B D0 7B 50 6C 71 6C 95 83 15 84 EE 9C
F1 94 6F A4 31 95 35 63 95 84 D4 8B B6 8C 14 8B
B4 8A D4 8A 93 8A 54 8C 2F 73 14 8B 50 7B B1 7A
95 82 74 8B 4D B4 31 AD 6E B4 F3 A4 B5 8B D5 8C
74 8B 14 8B F3 8A 31 84 52 83 53 57 94 47 10 7B
B1 5D EF 6B 72 56 B5 73 F4 6D ED A4 13 6E 2E 9D
74 6E 94 73 74 74 D4 7B 35 66 94 7B B5 66 95 66
95 66 B3 6C 6E 73 90 65 6F 73 D1 6C 76 73 33 7D
AD A4 D0 84 CE 9C 15 75 53 73 B3 73 94 6C 35 47
33 7B 95 47 95 47 D4 4E 70 64 30 73 11 56 CE 6B
CF 6B B5 63 92 5F AD 9C 31 75 2E 95 D4 64 F4 5C
B5 4E F4 55 34 56 15 5D B6 3F F4 55 F5 3F 92 4E
EE 6B 31 6C 53 82 F4 7A 14 7A F0 8B 8E 95 B1 76
CF 85 F5 5C 54 5D D5 5D EE 7A AE 73 F5 5D 95 47
54 4F B1 4E EF 64 F0 6B 70 5D 4F 6C 54 6C 95 72
6F 8D 11 7E 50 76 AF 85 35 5D 55 4E F4 55 F5 46
34 5D B5 4E 55 47 14 56 75 3F 0F 6C B0 73 72 7B
AF 73 14 6C 35 64 AF 85 8F 7E 6F 95 32 76 D5 6B
55 5E 13 74 30 8D B4 6B F5 64 55 85 16 7D 75 75
AF 7B 70 5C 0E 6C B1 54 96 5B CC 8D 89 AD 92 7D
AE A4 F1 65 D3 73 34 7C D4 7B F4 63 54 6B 73 73
B4 7B B4 7B AF 5C 72 82 53 8A 33 82 52 82 72 82
13 82 CD A3 AE 9B ED AB 52 8A 14 8A 54 9A 13 82
13 82 14 92 D1 8A B1 7A 34 AB 72 8A 13 82 74 92
92 82 93 8A D5 79 AD 8B 2C B4 93 E2 CD B3 34 EA
D5 A9 52 E2 33 C2 D5 D9 34 AA 55 BA 35 EA F6 F1
34 DA F0 82 30 AB 10 7B 53 9A D6 A1 92 9A CD B3
F1 EA AD AB F4 B1 F4 A1 15 DA 14 A2 14 BA 14 A2
15 F2 53 D2 B1 A2 71 AB 2F 7B CF 9B 8F 7B D4 92
35 92 91 DB AE C3 CF AB ED AB 34 C2 F4 91 14 B2
13 8A 13 9A 14 B2 14 C2 15 DA 15 F2 71 D2 E1 FB
4E 9B 10 8B 34 D2 D6 D1 30 DB 6F DB 6F D3 50 DB
F5 C1 D5 D9 D4 C1 F5 C9 F4 91 F5 B1 F5 C1 15 CA
15 F2 10 A3 52 72 B0 8A 2F 9D D3 BC F3 79 29 C5
8D A3 37 9B FF FF FF FF FF F7 FF F7 77 AC 13 7A
ED AB 8D A3 B3 A3 D0 B5 0F 7B 4D 9C 4F 83 F1 A2
F0 AC 30 CE CE BB 95 AA 15 B4 94 C3 D4 B2 D4 C5
53 AA 73 AA 53 9A 94 C2 74 D2 54 C2 F0 92 F1 72
65 E3 26 CC 32 C3 11 B3 8F C3 AE BB 55 BA 55 72
94 BA 94 C2 74 B2 94 C2 74 82 94 9A 95 BA 95 D2
B5 E2 10 8B 4F 7B 6F 6B 11 83 11 BB 12 CB CE D3
50 CB 15 AA 75 92 73 72 74 DA B2 B2 CD B4 B4 9A
D1 92 50 8B 93 8A 33 94 4F 73 13 8B 50 7B D0 7A
8E 93 92 9B 4D AC 91 C4 D5 92 B5 AB 33 A3 D4 AB
F3 92 D3 9A B3 92 13 A3 B3 9A 15 AC 33 8C 0F 8B
F0 73 6F 73 12 7C B1 93 92 9C 8C C4 33 7C B5 82
15 B4 F3 92 54 93 13 93 14 AC F3 92 2E B5 73 B4
35 AC 92 93 8E 73 6F 8C 4F 7B 10 94 F0 A3 12 A4
8C B4 72 A3 74 8A 74 A3 13 9B D3 9A F4 8A 51 B4
93 92 F5 BB 14 B4 2E 95 51 84 30 7B D0 84 8E 7B
91 94 30 9C 31 A5 2C B4 74 8B 15 83 B3 8B 94 93
54 94 14 94 14 94 4F 8C 10 8E 71 94 F5 9C B1 8C
AE 73 90 7B 52 82 0F 93 30 93 D0 93 0B A5 90 64
B5 64 54 65 50 7B 10 74 D4 73 13 74 D4 5D 35 4F
14 57 53 65 EF 64 10 74 6F 5D 6E 64 B1 74 70 8B
4E 85 8A A5 32 84 55 73 D3 7B 54 8C 14 8C B4 8C
B4 8B 74 84 D4 8C 34 8C F5 8C CE 73 4E 7B D1 8A
2F 7B 90 9B 52 A3 0E B4 6F BC B5 92 54 A3 D3 92
B4 AB B3 9A 94 A3 F4 7A B4 AB D5 9B EC 9C AC E3
0F 8B 4F 53 4F 63 8B 94 6D 9C 12 7C 2D AC 11 A4
B5 8A D5 4B 13 8B 34 AB F4 8A 14 7B D3 8A F3 8A
F3 9A 14 8B B4 93 71 82 73 8A 33 8A 53 8A 70 9B
71 8A 0C B4 D1 BA F4 89 32 82 33 92 53 9A 32 82
33 82 33 8A 33 B2 53 A2 34 C2 33 9A 32 8A 33 A2
72 8A 72 9A 10 93 D1 BA 2C AC 53 CA F4 89 34 9A
33 A2 53 D2 33 C2 34 CA 33 BA 15 C2 F5 F1 15 F2
74 DA F0 82 4F 93 F0 7A F1 AA 31 C3 D1 AA 0C B4
34 DA F4 81 33 B2 33 A2 34 D2 33 AA 34 BA 33 A2
35 F2 34 D2 74 D2 31 BB 4F 7B AF A3 6F 7B 32 A3
31 BB 71 E3 ED CB 14 A2 F4 A9 54 D2 33 92 33 B2
33 8A 33 9A 33 B2 34 C2 34 D2 35 E2 71 D2 E1 FB
6E 9B 10 8B 11 DB F2 DA 50 DB AE DB F5 C1 14 C2
34 C2 54 DA 94 C2 54 D3 34 C2 B4 D2 B5 AA 15 D2
55 F2 10 9B 52 9B 50 93 2F 9D D3 BC 0F 93 CA BC
32 82 76 A3 FF FF FF F7 FF F7 FF FF 19 B4 75 71
D1 92 8A B4 B5 AB F3 B5 90 72 CC A3 D2 7A 10 B3
EA DC D7 E1 34 7A 92 8A B7 C9 96 C9 D6 B9 97 D2
96 A9 96 B1 B5 99 96 C9 97 D9 97 C9 92 92 93 62
46 E3 A8 CB EF DB 2C E4 78 B9 97 B9 B6 D1 96 A9
97 C9 97 D9 96 B9 97 D9 96 91 97 91 97 D1 97 E9
97 F1 92 82 D1 72 F1 6A 73 7A CE C3 EE EB 58 99
97 C9 B6 B9 97 91 96 61 97 E9 B5 B9 93 DA D6 A1
D5 91 F5 91 B6 91 D4 B2 4F 6B D6 99 D1 7A 72 7A
C9 C4 70 BB 78 81 D7 E1 D6 B1 D7 E1 D6 B9 B8 E1
B6 B1 B6 A1 B6 99 B6 A1 B5 99 B7 B1 16 C2 B1 82
B2 72 F1 6A 74 92 AB C4 D2 AA 57 81 B7 A1 B6 89
B7 F1 B6 A1 B6 C1 B6 B1 B7 E9 B6 A9 B7 D1 B7 E1
97 F1 15 A2 2F 63 11 AB D1 72 31 B3 E9 D4 54 CA
57 99 B6 A1 B5 89 B6 C9 B6 A9 96 A9 74 9A D2 DA
13 9A 34 C3 D7 B2 97 BA D3 92 D1 72 AB 94 51 6B
B3 9C 8A C5 16 9C 17 7A D6 92 B6 8A F6 92 55 8B
56 8C D7 8B F7 8B D3 83 16 8D D6 83 F7 8C B3 84
8F 63 92 6B D5 79 EF 9B CA BC 56 72 16 6B 93 6B
56 6C B6 64 75 6B 35 6C 55 6B B5 6B 37 55 D7 46
B7 56 17 5D 53 6C 12 6B D2 6C 51 6B 4E A5 AC C5
77 84 94 8C 54 9C 77 A3 D7 A3 17 A4 B7 AB B7 BB
56 AB 57 8C 57 A4 D7 A3 17 B4 F4 8B B3 93 F3 8A
73 83 6D CD EF BC 58 A3 57 94 96 AB 57 BB 97 AB
57 9C 56 A3 D7 AB B7 8B 77 9C D7 84 B6 8C B6 AC
D3 8B 53 7C B0 6B D2 64 EB AD 10 8E 58 5B D6 64
75 7B 17 45 56 73 F6 7B 75 73 55 6B 76 72 B5 82
F5 8A D5 82 D3 7A F4 79 F5 81 D4 81 D4 81 EA C4
72 8A 77 79 15 83 F5 81 B5 79 D5 81 15 8A 95 79
B5 79 B5 81 76 9A 36 92 96 A2 16 8A B5 79 16 92
34 7A D3 92 AA BC 95 92 76 71 17 9B F5 81 F7 8A
76 82 37 9B B6 92 17 9B 56 9A 77 93 F4 B3 D2 E2
97 E9 92 7A F1 92 92 72 F1 BA AA EC B5 91 76 81
97 E1 B5 81 96 B1 96 99 77 D9 96 A1 96 B9 96 A9
98 E1 B7 C1 98 E1 73 C2 F0 6A 31 A3 F1 72 30 AB
2D E4 58 E1 77 B1 B6 A9 B6 B1 B7 D9 B5 89 B6 B1
B5 81 B6 91 96 B1 96 C1 B7 D9 B8 E9 13 D2 C1 FB
2F 9B 93 82 0D E4 2D E4 78 C1 97 C9 B6 C9 B6 C9
B6 C1 B7 D9 36 BA F7 CB 16 BA 17 C4 97 B4 57 CA
57 F9 92 92 D4 A2 12 9B EF 84 B6 A4 EC AB CE AB
76 71 37 9B FF F7 FF DF DF FF FF FF 78 B4 12 7A
53 8A EC A3 0F C5 F1 B5 B0 72 ED C3 09 B5 B3 A2
34 B2 94 DA 73 B2 73 BA 54 C2 14 CA F4 BA F4 D2
33 B2 33 B2 33 A2 34 CA 34 DA 34 CA D1 92 D1 6A
65 E3 85 E4 55 C2 14 C2 34 D2 34 D2 34 CA 34 BA
34 CA 34 D2 34 BA 34 DA 34 AA 34 CA 35 EA 35 F2
35 E2 F1 72 F0 82 6B A4 0D A4 F5 89 34 D2 34 BA
34 CA 34 B2 34 BA 33 8A 34 DA 34 BA F5 E9 33 AA
13 9A 13 A2 33 92 34 E2 2F 8B F4 A1 6A B4 8A 94
12 8B 74 A2 52 A2 F5 D2 94 AA D5 C2 93 B2 F1 BB
13 9B D3 92 B3 92 14 93 B3 92 15 7C 54 94 F0 7A
F1 73 09 A5 90 A4 B4 92 D4 83 D3 82 B4 83 D3 82
F5 B3 D3 92 34 A3 14 9B D4 B3 D3 9A 15 A4 15 AC
15 B4 72 93 6E 6B 6F 94 28 AD F0 9B D4 9A 74 A3
B3 9A 34 83 B3 82 54 A3 F3 9A D3 92 13 9B F4 B3
91 9B EF AC 15 9C D5 A3 91 8B F0 72 2C 8D 48 AD
93 94 34 8B B4 94 D3 8A 74 93 33 8B 74 93 51 84
D3 6D 34 6D 74 6D 94 74 95 5E 34 6D D5 66 D1 65
AF 6B AE 84 2C AC F3 7A 53 82 12 83 D3 7B F4 7B
94 74 F4 64 D3 7B 93 74 32 7B 92 7B 93 6D D5 5E
95 5E 14 65 F3 84 53 A3 8C B5 2D CD 75 C4 D5 BC
15 BD 15 BD F5 B4 35 BD 35 B5 15 B5 15 BD F6 B4
F5 BC 35 B5 15 B5 F4 AC 34 B5 D5 BC D6 B4 CE C5
90 CD D6 BC 15 B5 35 BD 35 B5 15 BD 15 BD 15 BD
35 BD F5 BC 15 B5 15 BD 35 B5 55 AD 55 B5 35 AD
54 A4 B2 94 49 AD CD 85 F5 6B 74 65 14 74 73 7D
F3 7B F3 65 F2 83 B3 8B 72 8B 72 8B D4 72 F3 92
33 93 32 8B EF 72 33 82 92 8A 8A B4 D1 92 33 8A
33 82 53 8A F1 8A 32 82 33 82 33 8A 33 9A 33 82
33 8A 52 82 D3 A2 94 A2 D4 AA 73 92 F4 81 D1 92
CA B4 F1 A2 F3 81 F1 92 52 82 14 AB 53 8A 14 BB
B4 92 34 AB D4 A2 14 B3 93 A2 75 AB 93 CB 73 D3
14 C3 D1 7A 4E A4 E9 AC 53 A3 94 AA 73 92 53 8A
F4 CA 33 8A 94 AA 73 9A D4 C2 73 9A 94 B2 91 92
93 DA 34 CA 35 E2 F1 C2 10 6B 0D AC 08 B5 73 BA
34 AA 54 E2 33 BA 33 AA 34 B2 34 D2 33 92 34 B2
52 8A 52 9A 73 A2 73 BA 34 D2 35 E2 71 D2 A1 FB
8A C4 8B B4 34 D2 34 BA 34 C2 34 D2 34 CA 34 CA
34 C2 34 DA 34 C2 34 D3 74 BA B4 C3 B5 BB B5 D3
D5 EB B0 9B 33 7A EC BB 2B B6 52 B5 0B AC 72 8A
13 82 76 A3 FF FF FF E7 BE F7 FF F7 58 AC F3 79
14 82 0F 9B 49 D6 EE C6 07 B5 70 AB AF 8B D3 A2
D4 B2 B5 CC 35 BA 55 CA 94 AC D5 C3 34 B3 B5 C5
F4 A1 14 B2 14 9A 15 CA 15 DA F6 C1 0C BC EA AC
26 E3 06 D4 F6 C1 14 C2 15 D2 15 BA 15 CA 15 92
15 C2 15 C2 14 B2 15 DA 15 A2 15 E2 15 F2 15 EA
F6 D9 6B 94 CA BC 10 9B 10 7B F5 89 15 D2 14 B2
15 CA 14 B2 15 DA 14 9A 15 DA 14 BA 15 E2 14 AA
14 9A 14 A2 13 92 F5 E1 28 CD ED CB D1 82 0D 8C
F4 A2 B4 82 52 82 95 BB D4 A2 75 9B F4 A2 13 AC
14 8B B4 8A 94 92 F4 8A 94 8A 16 84 54 8C 87 BD
CE 84 70 73 32 94 B4 92 F5 93 B4 72 B5 3B D4 7A
F5 B3 B4 92 34 9B 14 9B F5 AB B4 92 35 B4 15 B4
36 B4 93 A3 A6 BD EE A4 6F 7B D1 93 B5 92 74 9B
94 92 14 83 94 82 55 9B D4 9A D4 7A F4 7A F5 AB
15 9B 36 AC 35 9C D6 A3 0F A4 A6 B5 31 7C AE 83
F3 9B D4 92 D5 AB 94 8A F4 92 D4 92 14 9B F5 9A
55 B3 35 AB 35 AB F4 AA B5 BB 35 AB B6 BB 90 BC
C6 BD 51 8B 52 8A 34 8A 13 82 54 8A 94 9A B4 9A
F4 A2 14 93 94 7A D5 8A 54 92 94 9A D0 9B D5 93
B5 A3 F5 82 8C 85 E9 DD 0D 84 53 BC B5 C3 35 B4
15 B4 55 BC 15 C4 35 BC 35 BC 35 C4 35 BC B0 C4
73 BC 36 C4 15 C4 D6 C3 D6 CB 6D D5 AC DD 34 B4
94 B4 35 BC 15 BC 15 BC F5 CB 15 C4 15 C4 15 BC
F5 BB 15 BC F5 C3 F5 B3 F5 BB D5 CB F5 AB 35 D3
EA E5 2D 9D AF 6B 30 93 F5 89 15 8A 14 82 F5 E1
F5 A1 33 72 33 B2 B5 B9 D4 A1 D4 91 F4 71 F4 A1
D4 B9 13 AA 10 73 C9 BC 4F AB 33 8A 33 8A F4 91
13 7A F3 91 D4 B1 13 82 13 82 13 8A 14 9A 13 82
14 82 72 8A 13 9B 94 9A D5 A2 D2 9A 28 CD 4F 93
91 82 92 92 F4 81 10 93 33 7A 35 93 34 8A 35 9B
B4 82 75 8B F4 92 55 BB 94 9A B5 B3 96 C3 96 C3
F3 BB 87 C5 4F 9C 2F 7B B3 9B D5 7A 74 82 13 8A
55 B3 13 8A B4 9A 74 92 35 AB 94 92 D5 A2 91 82
34 EA F5 E1 B6 E1 6F EB 87 B5 4F A3 8E 8B 14 DA
F5 99 D5 E9 F4 B9 F4 A9 F4 B9 D5 D9 13 8A F4 B9
52 8A 72 92 10 73 10 9B F5 D1 F6 D9 4E EB 20 FC
4E A3 30 93 34 D2 15 C2 15 C2 15 D2 15 CA 15 CA
15 C2 15 DA 14 C2 F5 D9 F5 B1 95 D1 95 A9 95 F2
F6 EA EA D4 4C A4 D1 8A 10 9D 8B DE 6A B4 14 82
F3 81 76 9B FF FF BF FF FF FF FF F7 7C 93 B9 60
DA 68 F8 68 16 9C 76 A6 D1 72 15 93 15 6A 99 90
9B A2 1C B5 1B 99 7B B9 1B A4 FB B3 9B B8 1B BD
BA 88 BA A8 BA 88 BB A0 BB D8 BC C0 34 92 F2 62
46 CB C6 B4 30 9B BB C0 BB C8 BB B0 BB C0 BB 80
BB C0 BC C8 BB B0 BB D8 BB 98 BB D8 BC F0 BC B8
BC F8 74 8A D2 8A 16 8A D7 61 BB 80 BB C8 BB 70
BB C8 BB B0 BC A0 BA 48 BB E8 BB B0 BC E8 BA 98
BA 88 BA 88 BA 78 DB E0 11 93 97 A1 D5 59 F6 A1
9C C8 7A 78 9A 68 3C F8 7B B0 5C F0 7B C8 3C E0
7B A0 7A A0 9A 98 7B B0 9A 78 1C F0 7B D8 F1 7A
15 6A F5 41 38 D1 7B A8 3C E8 7A 70 3B 80 7A 88
3C F8 7A A0 5B B8 7A A0 3C F8 9A 88 1C D0 3C F8
1C F8 F9 B8 8F 73 54 B2 15 5A 58 A9 F8 90 54 82
FA 88 1C 79 FA 68 3B A9 FA 98 FA 70 1B 79 7C D1
1A A9 7C D9 7C A9 5C C9 36 6A 11 73 B5 6A 54 62
D9 B1 76 99 BA C9 DA 80 1B 91 FA 90 1B A1 1B A1
7C C9 3B B9 5B C1 3B 89 9C D9 5B B9 7C E1 97 B2
8F 7B 16 7A D9 68 DA 78 B9 70 DA 80 1A 91 1B 91
12 AA D1 B9 7C 40 5A 80 9A 90 7A A8 1C 98 1C 88
1C F0 3C 98 73 5A 96 69 97 21 53 82 9B A0 7A 68
5A 90 7B B8 7B C8 7B A8 7B B8 7B D0 7B C8 17 E1
D8 80 7C E0 7C F0 F6 B1 DA C9 B2 72 32 93 59 81
14 5A 1A 89 FA 90 FA 90 7B B9 1B 99 5B B1 FB 88
BA 71 76 91 9B A1 3B 81 BC 79 DC B9 BC 59 1B 9A
31 8B F0 5A 73 42 F6 71 BB 70 BC 78 BB 88 BC E8
BA 90 9C 30 9B 98 BB A8 BA 80 BA 58 BA 50 BA 88
BB A0 BA 90 79 99 34 82 58 81 9A 68 B9 70 BA 78
B9 60 BA 78 BA A0 B9 60 B9 68 BA 70 9A 88 B9 68
B9 60 9A A8 5B D0 9A 98 5B C0 B9 90 14 8A DA 98
F8 60 DA A0 BA 80 7B A0 BA 60 3B A8 9A 88 5B 58
7B 60 3C B8 5B 88 3C F0 7A A8 1C F8 3C F8 1C F8
9A F0 D2 8A F5 91 D5 51 DA E8 5B 90 9A 60 B9 78
3C E8 B9 70 7B B0 9A 90 5B E0 9A 98 7B C0 19 91
DC D1 7B A9 7C C9 B6 B2 30 73 D5 8A 94 5A BA B1
3B 81 9C C9 3B 99 1A 91 3B 99 7C C1 D9 70 3B 99
D9 68 F8 70 9C C8 9C E8 BB D0 BC F8 95 D1 E1 FB
53 82 F6 71 FA D0 BC B0 BB B8 7B D0 5B B8 7B C0
9B C0 7B D8 9B B8 5B D8 9B A8 FB C9 7C E1 7C F8
3C F8 B3 A2 F6 81 56 79 B5 84 16 C5 96 71 DA 68
B9 60 5A 8A FF FF FF FF DF EF FF FF 9F 92 1F 48
1F 58 1F 48 3F 8A BB 9D 79 38 99 89 D9 51 DF 78
5F A0 FF A8 1F 78 1F B8 1F A8 1F C8 7F A1 7F C3
1F 98 1F 98 1F 70 1F 98 1F D8 1F C0 9C 60 5A 41
28 F3 A9 AB 3F 90 1F B8 1F C8 1F A0 1F B8 1F 88
1F A8 1F A0 1F 98 1F D8 1F 80 1F D8 1F F8 1F C8
1F F8 BB 70 1A 61 59 71 FB 80 1F 90 1F C0 1F 60
1F C8 1F A8 1F 98 1F 30 1F E8 1F A8 1F E8 1F 88
1F 70 1F 78 1F 68 1F E8 39 59 1F 80 19 41 3A 89
1F B8 1D 50 1F 58 3F E0 1F 98 3F D0 1F A8 3F C0
1F 88 1F 88 1F 70 1F 50 1F 60 5F 78 BF 98 DA 40
5B 51 79 29 1D 81 1F 90 3F B0 1F 48 1F 98 1F 70
3F E0 1F 88 1F 90 1F 78 3F E0 1F 68 5F B0 5F E8
5F E0 9E 90 97 29 D9 81 78 41 1C 81 1F 98 7F D0
1E 70 DB 48 1E 50 FF 70 7F 68 5F 78 9F 48 7F 99
7F 88 DF A9 BF 71 7F A1 7C 31 FA 30 5B 42 99 49
DF 81 7F 70 9F A1 1F 58 9F 88 5F 78 9F 80 9F 88
5F A9 1F 99 1F 99 9F 48 BF B9 1F 99 DF B9 1D 82
16 32 F7 51 1E 50 7D 58 1F 58 1F 68 5D 59 1F 59
58 7A DA 91 5F 20 BF 58 1F 70 1F 78 1F 61 DF 29
BF 51 FF 58 FA 09 1D 60 F6 51 D9 69 1F A8 1F 58
1F 78 1F B8 1F C0 1F A0 1F B0 1F D0 1F C0 1F D8
1F 60 1F E0 1F F0 DD B0 FF D0 5A 49 9A 61 BD 78
59 41 1F 70 1F 88 1F 88 7F B0 3F 90 7F B0 1F 80
BF 68 3F 88 9F 88 1F 70 BF 60 DF A8 DF 50 1F 91
7A 51 78 69 F7 41 3B 71 1F 50 1F 10 1F 40 1F F0
1F 88 1F 00 1F 40 1F B0 1F 70 1F 50 1F 48 1F 78
1F 90 1F 68 1F 98 1E 48 1F 60 1E 58 1F 58 1F 68
1E 48 1F 60 1F 90 1E 48 1F 50 1F 58 1F 70 1E 50
1F 48 1F 78 9F A0 1F 78 7F 98 1F 68 1F 50 1F 68
3C 50 5F 78 1F 60 1F 80 1F 48 BF 78 1F 60 9F 00
3F 40 FF B0 7F 78 BF B0 1F 80 3F D1 1F A9 1F C9
FF B8 BB 48 3A 4A 19 41 5F A9 5F 80 1F 50 1F 60
DF B8 1F 58 3F 88 1F 70 BF A8 1F 78 3F 90 3F 68
7F A2 7F 89 BF 89 7D 7A 39 39 F9 62 F8 41 DF 79
BF 70 FF A1 DF 78 7F 70 BE 70 9F 91 1F 58 BF 78
9C 50 9B 40 1F C8 1F E0 1F D0 1F F8 3C C8 A2 FB
B7 71 1A 59 1F D8 1F 88 1F B0 FF B2 9F AA BF AA
1F AA 1F D1 1F B0 5F BB 1F 90 1F A2 FF CA 9F F0
BF EB DB 69 1E 5A 7A 6A 39 6C DF 9B 1F 40 1E 58
1E 48 5F 79 FF FF FF E7 FF FF FF FF D4 C4 F4 79
B6 79 95 71 B5 A3 F2 B5 71 72 F1 A2 F1 7A D5 99
36 B9 17 B9 76 A9 77 C9 56 C1 57 D1 76 B9 F7 E0
57 A1 72 C2 B2 AA 77 B9 77 E1 77 D1 73 8A D2 82
46 FB C7 BB 58 99 76 C1 77 C1 77 C1 77 C9 77 C9
77 C9 77 A1 57 91 57 E1 D1 BA 34 EA 58 F9 57 B9
58 F9 73 92 B2 8A D2 92 73 A2 77 B1 77 C9 76 89
77 D1 76 B9 77 B1 96 61 77 E9 57 B9 58 E9 D1 BA
14 A2 97 A1 33 72 91 C2 D2 82 B6 A1 B2 72 D2 AA
97 C1 B2 82 B5 81 D7 CA 36 A2 B7 C2 56 AA B7 BA
F7 91 35 9A 70 9B 75 52 F6 79 D8 A2 16 B3 B1 7A
33 7B F1 62 34 6B F6 99 B7 7A 16 6A 97 9A 16 92
B7 CA 16 9A 37 9A D7 89 F6 CA 70 AB 17 A3 D7 BA
D8 CA B5 92 2F 6B 91 93 F1 72 F3 92 17 A2 B8 B2
F5 89 93 B2 15 8A F7 6A F4 62 D5 82 97 62 B5 8C
11 9C 98 8C 97 94 38 8C 73 73 D1 72 F4 83 11 73
55 84 B7 82 57 8C 56 7A F6 8A B6 8A 16 5B 16 83
F7 93 58 8B 74 9C 32 94 78 8C B7 8B 98 9C 74 84
70 6B 32 7B D5 79 16 82 B5 79 16 82 F3 72 F4 7A
37 8B 77 93 96 5A F7 72 F7 81 53 9B 73 84 98 44
97 54 96 83 2F 5C 14 8A B1 83 91 73 17 8B D5 79
96 82 53 B2 16 BA 4E 9B 34 9B F5 8B 77 8B F8 8B
F2 8B 55 A4 37 94 77 93 18 9C 31 73 D2 7B F4 82
F1 6A B6 7A B6 8A B6 8A 97 93 F6 8A 77 93 B6 8A
D8 6B 57 82 97 83 B1 A3 36 5C 78 8C 78 54 97 7C
31 7B F2 6B B0 63 52 74 37 6B 37 3C 36 5B 17 94
F6 82 57 3C F7 62 34 83 B5 6A F6 7A 70 A3 B5 7A
B7 8A 96 82 F6 8A 14 7A F5 81 B5 79 D5 79 15 7A
95 79 F5 79 B6 82 95 79 95 79 F5 79 76 7A 76 71
F4 81 11 9C 16 7C D6 7A D6 73 96 7A D5 79 93 6A
33 72 35 9A B6 89 16 8A B5 81 77 B2 B5 81 77 4A
16 6A 98 BA 18 9A 15 C3 32 B3 D8 D2 B7 D2 D8 D2
B7 C2 92 7A 52 9B B1 6A F5 BA 37 9A D6 71 B5 81
77 C2 B5 81 16 A2 D6 91 37 BA B7 91 13 B3 F2 AA
58 E2 37 BA 38 9A F4 B2 F0 6A 71 8B 30 7B 56 AA
F6 A9 37 D2 F6 A9 D6 A1 73 92 56 BA B6 89 D7 A1
D6 79 11 AB 74 CA 97 D9 B7 D9 98 F1 13 D2 C1 FB
F0 92 B2 82 D6 D9 97 A1 97 C1 57 BC 97 AD D7 B4
D7 BA 97 C4 17 B3 97 BD 11 B4 94 BB 38 C4 D7 DB
18 E5 D2 92 D4 9C F2 9B B1 7C D6 A4 B5 79 B5 79
B5 79 11 B4 FC F7 FF E7 FF F7 FF F7 B1 CD 8C A3
B1 92 B0 8A 51 B4 0E C6 6D 83 4D A5 8D 93 EE AA
F1 AB 12 A4 11 AD B1 A5 D1 AB 52 C4 F2 B3 CF A4
4F B4 0F BC 2E 9C 12 A5 12 AC D2 AB 8E 93 0E 84
45 EC 85 B4 F2 83 B1 A3 D2 9B F2 B3 D2 AB F2 AB
F2 9B 12 A4 6E B4 90 B4 8F 9C 90 AC 92 BC 72 BC
B2 AC EE 7B EE 93 2E 94 2F 84 91 A3 F2 A3 B1 93
D2 9B 71 8B 32 8C 51 7B 12 B4 8E AC 91 B4 0F AC
8E 93 6E 7B B1 B2 D1 C2 AD 93 B1 AA 6E 8B 8E B3
B2 C2 92 D2 B1 A2 72 F2 91 C2 72 EA 91 CA 92 DA
6E C3 F0 BA 6E BB B1 92 91 9A 72 DA B1 D2 6E 8B
4E B3 8D 93 10 BB 91 B2 72 BA 91 8A 72 EA 91 B2
72 EA 91 B2 D0 C2 8E BB B1 EA 6E CB 92 D2 72 D2
72 F2 F0 BA EC 7B 8D A3 AD 8B 2F B3 92 BA 72 D2
91 B2 73 E2 91 A2 71 8A 91 9A F0 CA 4E 93 B1 DA
2E BB 52 DA 72 F2 72 C2 2F 9B 8D 8B 2F C3 8D 8B
72 DA 71 C2 32 F2 91 AA 71 C2 71 BA 71 C2 71 C2
D0 EA 0F E3 B0 EA 0F B3 12 EA 52 D2 32 FA EF CA
CC 8B 2E A3 B0 92 91 A2 B0 92 91 AA 51 B2 71 A2
51 D2 32 DA 4F 83 AF A3 8D AB 8A BB B0 AA F2 A1
32 8A 52 82 8D 6B B1 A2 4E A3 CD 73 91 AA B1 9A
91 AA 92 CA B2 CA 91 BA 91 CA B2 D2 6E D3 30 E3
2F D3 F0 E2 92 EA B1 D2 B2 EA 8D 93 8E A3 10 AB
8D 8B B1 B2 B1 BA B1 BA B2 CA B1 A2 B2 D2 B2 AA
0F 9B EB C3 0E BC 69 BC CC 8B 32 B3 32 C3 52 CB
AD 93 CE 93 EC 83 CE A3 F2 7A 12 93 D2 C2 32 CB
F1 A2 52 4B F1 82 31 CB 0E BC 50 7B 6E 93 10 A3
8E AB 4F A3 11 B3 EF 8A B1 9A B0 92 B0 92 D1 9A
B0 8A B1 9A F1 B2 B0 8A B0 92 B1 92 10 AB 8D A3
EF 92 4E C3 D1 CA D1 AA D1 C2 B1 A2 B0 92 B1 AA
EF 8A D1 AA B1 9A B1 AA B1 9A D2 D2 B1 9A D2 B2
B1 9A 31 B3 AE BB 10 DB 4E C3 D2 EA D2 E2 D2 EA
F2 DA 8D 8B 09 9D 6E 8B 30 CB B2 C2 B1 A2 2F 93
30 CB B1 9A 91 BA 91 AA 88 CC 6E B3 0F CB 4E BB
72 F2 92 D2 92 DA 2F CB AD 83 CD B3 CD 8B B1 CA
91 BA 92 EA 91 C2 91 B2 92 CA 92 DA B1 9A 2F C3
4F C3 30 D3 30 D3 B2 E2 B1 D2 B2 E2 EF D2 E1 FB
AC A3 8E 93 D1 DA B2 AA B2 C2 92 D2 72 CA 71 CA
91 CA 92 DA 8E CB F0 DA 6F D3 30 DB B2 D2 92 EA
B2 F2 6E A3 B0 AB 4E 9C 0D A5 11 C5 B0 8A B1 92
6D 9B 2C C5 FC FF FF FF FF DF FF E7 15 B5 CC AB
14 82 F3 79 F5 9B 32 8E B0 7A 10 9D 10 83 93 A2
F5 A3 75 C4 F5 AB 15 BB B5 B2 55 BC D5 B2 6F D4
8E BC 15 9C F4 99 B5 BA B5 CA 55 C2 D1 8A 51 7B
A6 F3 26 C4 76 A2 35 BA 55 BA 55 BA 55 C2 55 AA
55 B2 76 A2 2E CC 91 DB 36 AA 55 7A 96 CA 76 E2
96 82 F1 5A 30 93 50 93 11 7B 35 AA 55 C2 55 B2
55 AA 35 8A 75 B2 34 82 75 C2 6C CC 52 D3 15 9A
34 A2 33 9A 14 92 15 DA 10 8B F4 A1 F0 7A 11 AB
F5 C1 15 C2 F4 91 F6 E9 F5 B1 F5 E1 F5 C1 35 D2
4C C4 53 B2 D5 99 F5 B1 F4 89 F6 D9 55 DA F0 7A
F1 AA 10 8B 93 AA F5 A9 F5 A9 F4 71 F5 C1 F4 B1
15 CA F5 99 93 C2 4B C4 35 EA D5 81 F6 A9 16 CA
F6 E9 53 BA 6E 6B 50 93 30 7B D2 7A F5 B1 33 D2
91 9A 93 9A F5 81 15 92 F5 A1 D2 B2 0D BC F6 B9
D5 A1 F6 E1 16 F2 F6 D9 B2 92 F0 7A B3 B2 2F 83
4A BC 94 A2 16 CB 54 92 95 A2 55 A2 95 9A 95 9A
50 CC CD C4 D6 B2 95 82 36 BB D5 AA 36 CB 92 A3
6F 73 11 8B 13 82 34 92 13 82 13 92 F5 8A B5 82
F5 A2 35 A3 F4 62 0E 95 0E AC B3 92 35 73 95 9B
F5 62 96 5A 70 53 34 92 51 83 8F 5B B5 92 14 92
55 92 75 B2 95 BA 55 AA 95 B2 95 BA 8D CC 11 CC
76 A2 D5 BA 16 CB B5 B2 16 CB 30 7B 70 8B B3 92
10 7B 74 9A 75 A2 74 A2 D5 9A 75 9A B5 B2 75 9A
34 7B CB C4 33 AC F5 8A 53 5B 16 B3 16 A3 35 B3
50 7B 70 8B 8F 7B 91 93 75 8A 14 A3 F1 AA D6 E1
F5 B9 D6 91 F5 71 34 D2 4C D4 92 82 D5 69 F4 99
53 AA 33 A2 F4 B1 53 82 F4 89 F4 81 F4 89 F4 91
F4 81 F4 81 13 8A F4 81 F3 81 14 82 31 A3 4B B4
13 82 95 92 35 A3 94 92 F5 9A 74 8A 14 82 74 92
52 82 B4 9A 34 8A 94 9A 14 8A 55 B3 14 8A 35 9B
B5 82 32 AC EC C4 55 B3 76 9A 96 C3 76 C3 76 C3
55 B3 11 7B 8F 84 D0 7A 74 AB 32 AB 92 8A F5 A9
D6 F1 F4 81 F4 B1 F5 A1 AE E3 ED BB D6 B9 D5 A1
F6 F1 15 D2 F6 E1 D2 C2 10 73 50 A3 4F 7B 34 D2
F5 B1 F6 E1 F5 B1 F4 A9 F5 C1 15 DA F4 89 8F CB
AE CB D6 B9 F5 C1 F5 E1 F5 C9 F6 E1 52 D2 E1 FB
2E 9B F1 8A 14 DA F5 A1 F5 B9 F5 D1 F5 C9 F5 C9
F5 C1 B5 D9 ED DB 30 E3 96 C1 B5 E1 F6 D1 F6 F1
F6 F1 F1 9A 53 92 71 92 30 9D D4 BC F3 79 14 82
8D A3 F1 C4 DF FF FF FF FF F7 FF EF 96 B4 EB AB
CD A3 B1 8A 50 AC 0E B6 4D 8B 4D AC AD 93 10 AB
91 BB 71 DB 71 B4 71 C4 F1 C2 0D D5 CD D3 D2 C2
11 B3 91 B3 10 A3 B1 CB D1 DA B1 D2 4E 9B AE 93
A5 FB 25 D4 B2 C2 B1 CA B1 D2 B1 B2 B1 D2 B1 BA
0C D4 CD CB 92 C2 92 E2 B1 C2 92 8A 92 E2 92 F2
92 C2 6E 7B 8D A3 AD AB 6E 8B B1 B2 B1 D2 B1 CA
B1 CA B1 AA B1 BA 6A C4 2F D3 72 C2 92 D2 B1 AA
B1 BA B1 B2 F0 A2 F1 DA AD 9B B1 AA 8D 8B AE AB
B1 C2 B1 BA B0 A2 D2 EA D1 BA F1 E2 6A DC 4F D3
92 9A D1 B2 D0 A2 D1 C2 D1 9A D2 E2 11 E3 8D 8B
8E B3 AD 93 4F B3 B1 AA D2 BA D1 82 D2 9A B1 A2
50 E3 8A CC D1 C2 92 AA D2 EA D1 7A B2 B2 B2 EA
B2 EA 10 BB EC 7B CD A3 AD 8B 4F 93 B1 BA D1 DA
EF AA F1 B2 D1 92 2F B3 6A CC D0 A2 91 AA B2 BA
B1 92 B2 BA B2 EA B2 DA 4F 9B 8D 8B 4F BB AC 93
4A CC 11 A3 72 C3 F0 9A 31 AB 10 A3 2D AC 8B C4
32 CB 12 BB 31 CB 31 7B 72 CB 31 C3 72 DB CF B3
EC 8B 8E 9B D0 92 D1 9A D0 92 EF 9A B1 93 91 8B
D1 A3 ED B4 8C A4 92 93 11 9B 50 8B 51 75 11 86
D1 6C 31 74 8C 74 30 93 6E 8C 6C 74 51 8C F0 92
B1 93 F1 A3 31 A4 B1 9B 0B BD 0D B5 F2 83 4C C4
30 BB 52 CB 72 D3 32 C3 72 D3 AD 8B ED 9B 4F A3
AD 8B 11 AB 11 AB 11 B3 51 7B 31 7B 51 A3 8B C4
2F 8C D2 92 31 BB 11 9B 53 53 72 CB 72 BB B1 BB
CD 83 ED 9B 0C 8C EE A3 12 9B 71 9B 6F B3 B2 DA
D0 C2 6D DB 8A B4 2F D3 92 CA B1 A2 B1 82 B1 AA
91 BA B1 B2 D1 BA EF 92 B0 9A B0 92 B0 92 B0 9A
B0 92 B0 92 D0 92 D0 92 EF 92 6A BC 10 AB 91 8A
B0 8A D1 B2 F1 C2 D1 AA F1 AA D1 A2 B0 92 D1 A2
0F 93 70 93 F0 9A 51 A3 F0 92 11 B4 F1 92 2F B4
AB C4 32 B4 92 A3 12 B4 AE A3 4F AD F2 AC 30 AD
B1 A4 8E 8B AE 8C 8D 8B 91 A4 0F 9C 4F 8B 31 A3
12 C4 D0 92 AE BB AA C4 F0 C2 91 B2 B1 C2 B1 AA
B2 EA B2 D2 B2 E2 6F C3 AD 8B CD AB CC 8B D1 D2
B1 BA B2 E2 B1 BA D1 B2 D1 C2 ED E3 EC B3 B1 B2
2F A3 F0 C2 B1 CA B2 E2 B1 CA D2 DA EE DA E1 F3
AC 9B 8E 9B D1 DA B2 B2 B1 C2 B1 D2 D1 CA D1 CA
0C DC ED DC 52 BB 12 D3 31 C4 B1 D3 D2 CA B2 CA
D2 E2 8E A3 10 A4 EE A3 4D A5 31 BD B0 8A 4E 9B
4A B4 F3 A3 FF E7 FF F7 FF FF FF FF 77 B4 4D 9B
8B B4 71 8A 12 AC 0F BE 2E 83 8E AB 8E 8B 91 AA
52 BA 33 DA D3 9A 4F D4 ED D3 91 D2 D1 CA 73 BA
72 B2 52 BA D2 A2 12 CB 73 BA 73 CA 0F 9B 8F 8B
A5 FB 26 CC 93 B2 92 CA 73 CA 53 AA ED DB AE DB
F1 BA D1 CA 92 CA 93 DA 72 BA 73 8A 73 DA 73 EA
93 EA 2F A3 6E 93 8E A3 4F 8B 92 BA 92 D2 73 BA
73 CA ED D3 6F C3 F1 A2 B2 B2 92 C2 93 D2 92 A2
92 B2 72 AA 72 BA 93 E2 8E 93 72 AA 4E 8B 6F 93
72 BA 92 C2 52 9A 93 DA 4B CC 10 EB 10 CB D2 D2
92 A2 B1 B2 D1 92 D2 B2 B2 92 33 CB 72 C3 4E 83
AF A3 8E 8B 90 AB D2 A2 33 B3 93 8A 51 8B 6B B4
B1 DB 50 AB 11 AB D2 A2 33 DB D1 82 B2 B3 93 CB
B3 CB 71 AB CD 7B 2E 94 8E 83 B0 9B F2 AA 73 CB
93 92 D1 B3 4B BC B0 93 90 A3 12 93 F2 7A 73 8B
12 8B B3 9B B3 CB 73 B3 90 83 6E 83 D0 A3 8E 83
73 B3 F2 A2 91 BB 73 92 70 B3 4A C4 F0 AA 11 BB
B3 DA 92 CA 93 DA 92 72 B3 D2 93 D2 B3 EA 50 BB
CD 83 4F 9B 91 8A 92 9A B1 8A F1 92 93 9A AE AB
0D D4 12 BB 30 8B F2 A2 B2 9A 51 92 D3 73 73 AC
73 7C 10 7C AB 84 B2 9A EF 9B 0D 6C 72 93 B1 92
F2 9A 13 AB 8D C4 2D BC 71 B3 B1 BB 72 7B CC D3
B1 BA B3 D2 B3 E2 D1 CA 91 F2 6E 8B 6E A3 D1 AA
6E 83 92 AA 72 BA 52 C2 33 6A EC 93 10 C3 D1 B2
92 92 72 92 53 C2 72 9A 92 6A B1 D2 53 C2 73 CA
8E 83 6E 9B AD 83 4F A3 72 82 F0 A2 53 BA B3 C2
4B CC CE C3 10 93 D2 CA B2 C2 92 AA 92 7A 92 A2
92 B2 92 AA B2 B2 D0 8A 72 92 71 8A 71 92 91 9A
91 8A 52 8A B0 92 4B B4 D0 92 F0 9A 91 A2 71 8A
71 8A 92 B2 92 CA 92 AA 92 BA 92 A2 71 8A 92 A2
D0 8A D1 8A 91 9A B2 AA 52 92 51 D3 4B B4 31 CB
F0 BA F3 CA D2 AA F3 D2 8C AB 6D AD D3 A4 31 A5
B2 9C 6F 83 CE 74 4E 83 92 9C D1 93 30 8B 93 AA
EF DB 0B AC D1 B2 2F C3 D1 CA 72 AA 72 C2 72 AA
73 F2 D1 CA D2 D2 30 C3 8E 83 AE AB AD 8B F0 D2
72 BA 73 E2 53 B2 6E C3 0C D4 B2 DA D0 AA 72 B2
D1 BA 92 C2 72 CA 73 DA 73 D2 93 EA AF DA E1 F3
8D 83 4F 93 B2 D2 93 AA 73 C2 53 CA ED DB AE DB
D1 CA 71 CD 72 B4 D3 CB 52 BD 13 C5 93 BA 73 AA
B3 EA AF 9B F1 A4 EF 9C 0E 9D 52 B5 72 82 CD AB
4A B4 B5 9B FF E7 FF FF FF FF FF FF D5 BC AF 8A
EC AB EF 92 50 B4 0D BE 8C 8B 6C AC CC 93 10 AB
B1 BA AF C3 6D B3 B0 D2 2F AB 31 CB D0 C2 F1 B2
8D 9B 6E A3 D0 AA D0 C2 F1 AA F1 CA 6D 9B CD 93
A4 FB 45 CC D2 B2 B1 C2 8E DB AE DB 10 D3 10 CB
D1 A2 D1 C2 F0 CA F1 DA F0 C2 F1 8A F1 DA F1 DA
F1 CA 8E AB AD 9B AD AB 8D BB B1 C2 91 D2 8D D3
2F DB F0 C2 D0 D2 B1 AA B1 C2 D0 CA B1 EA D0 B2
8D 9B 6F 9B 90 A3 70 B4 2C 94 70 A3 AD 8B 8D 9C
B1 A3 F1 A3 0C B4 AF A4 EF A3 70 B4 0D AC 2C EB
D0 BA D0 CA D0 BA D0 C2 D0 A2 B1 E2 D0 EA AD 8B
8D BB CC 9B 2F D3 91 B2 D0 DA AD AB A9 E3 0C AC
71 B4 50 9B 0C 8C CF B2 B1 EA EF 9A 4F D3 F1 EA
F1 EA 2F BB 0B 84 ED AB CC 93 8E B3 B1 BA 30 E3
EC B3 30 DB 0F B3 4E B3 F0 B2 F0 B2 F0 9A F1 DA
F0 A2 F1 AA 11 E3 F1 AA 8E 8B AC 83 8E 9B CC 83
4F 93 D1 BA 0C E4 EC 93 30 AB 0F BB F1 AA F1 B2
31 D3 30 C3 31 D3 30 7B 51 CB 6F BB 51 E3 AE C3
0B 8C 8D A3 0F 93 D0 A2 B0 92 6F CB CD CB 0F BB
0F C3 D1 CA D0 82 F0 AA F0 AA EF 92 D1 82 D1 DA
B1 C2 B1 9A AD A3 EF A2 AD B3 0C 7C D1 B2 B0 9A
AD BB 8E D3 F0 D2 EF C2 D1 C2 D1 CA D0 9A D2 DA
F0 C2 11 D3 4F DB AC CB 8D E3 AD 93 CD A3 4F B3
CC 83 D0 A2 D1 B2 AD C3 8E 93 30 B3 10 D3 D0 B2
F1 E2 F0 AA F1 CA 4F B3 8C 95 A7 C5 4D C3 11 BB
CC 93 CD A3 0B 94 CD A3 B0 92 45 CD CB AC 6F B4
AF AB 31 94 51 83 B0 BB D0 A3 8F 9B 70 9B 70 9B
70 AB 70 A3 90 AB 2E 93 10 9B EF 92 EF 9A D0 92
EF 92 CC AB 2E 9B 2F 9B EF 92 D0 92 30 9B EF 92
EF 92 70 A3 D0 B3 50 A3 B0 B3 30 93 EF 8A 30 A3
4E 93 EF 9A B1 A2 0F BB CC B3 F0 E2 2F A3 D1 CA
D0 AA D1 9A D0 AA D1 E2 B1 BA 72 FA 91 FA 72 FA
B0 E2 8D 93 AD AB AC 8B F0 DA 72 D2 0F CB CC BB
F0 EA 2F 9B D0 BA B1 CA D1 E2 F0 AA F0 C2 F0 AA
F1 EA 6F D3 4F D3 6E C3 CC 8B ED B3 2B 94 AD CB
D1 B2 8F E3 AD C3 30 B3 6F C3 31 CB D0 A2 F0 B2
D1 DA F0 CA F0 CA F1 DA F0 DA F1 EA 0E D3 E1 F3
EB 93 AD 9B F1 D2 B2 C2 6E D3 AE DB 10 CB 10 CB
D1 CA D1 CC 30 BC F1 D2 50 C4 91 DB 71 C3 91 B3
71 DB 8D AB 0F 94 AD A3 6D A5 50 BD CF 92 EC AB
0E 9B F3 A3 FF DF FF FF FF FF FF FF 97 BC 71 82
2C AC EB AB F2 9B 30 A6 8E 83 2E 9E 2E 8B 6F B3
0E C5 30 D5 6E B4 53 BC 72 B2 72 CA 72 C2 73 CA
72 D2 72 C2 91 A2 92 CA 93 DA 92 CA 2F 93 8F 8B
A5 FB 06 C4 90 BB 6F D3 6F D3 8E DB 73 CA 73 D2
92 C2 73 C2 72 CA 73 DA 72 BA 73 92 73 D2 73 BA
F1 BA EC 9B CF 8B 0E 8C B0 93 F0 BB 6F BC 8E B4
70 B4 32 9B F3 AB 32 9B F3 83 72 A3 33 AC 32 9B
F3 AB 12 93 52 9B 53 AC EE 8B 12 9B 4F 83 4F 94
6E BC 30 94 0D AC F0 9C 53 9B 33 AC 92 A3 33 B4
32 9B 92 A3 32 9B 6F 8B 4E 83 71 AC 93 B4 4E 83
2F 94 AE 83 51 A4 2E BC 90 94 6D A4 32 AC 12 9B
33 BC 12 8B 13 94 72 9B 33 B4 B1 92 13 B4 53 BC
53 AC B1 83 CD 83 8E 94 6E 7B 2F 9C 2D BC 71 BC
6D A4 92 AC D2 92 F3 9B 72 9B 52 93 32 8B 13 AC
72 8B 73 8C 53 AC 13 9C D0 8B 6E 7B 10 8C 6E 83
71 B4 6A BC 0A EC AE 9B 72 AA 72 AA 72 A2 72 BA
73 E2 72 CA 73 E2 72 72 73 9A 92 B2 AD AB 6B 84
ED 83 8F 8B 72 8A 6F A3 AD A3 AE A3 ED AC 52 93
B2 9B F2 9B 32 83 92 8B F2 92 71 92 13 6C B3 A4
93 84 F2 73 6D 8C D1 92 EF 9B EE 6B 50 A4 AE AB
2E AC 6F B4 93 AB 32 A3 72 A3 B3 B3 92 9B F3 B3
52 A3 B3 AB 51 AC AB CB 72 F2 6E 8B 6E A3 B1 AA
4E 73 8E AB 2F A3 6E BB 4F 73 72 7A 73 AA 72 82
53 9A 72 92 93 6A 72 8A 73 6A 74 D2 73 62 B3 C2
8E 83 8E A3 AD 8B 4F AB AE BB 10 C3 CD B3 F0 CA
53 B2 73 82 72 8A 73 D2 72 BA AF 9A 91 9A 72 A2
72 BA 72 B2 72 BA D0 8A 72 9A 52 8A 91 92 AD B3
D0 92 CD AB F0 92 72 8A 71 8A 71 92 72 A2 71 8A
71 82 72 B2 72 CA 72 AA 72 CA 72 A2 71 92 B1 92
B0 82 D1 B2 AD AB F0 BA EC AB B2 E2 72 9A 92 D2
72 B2 73 E2 72 C2 73 DA 92 B2 93 EA 93 EA 93 EA
B2 DA 2F 8B 8E 9B 2F 7B 50 D3 CE D3 F0 C2 CD BB
93 EA 72 92 92 B2 92 CA 73 DA 72 AA 72 C2 72 AA
73 F2 73 F2 73 D2 30 B3 8E 83 8E AB AE 83 2F BC
0F B4 D0 D3 CD C3 D2 A2 33 AB 73 BB 2E 9B 2F 9B
73 D2 92 C2 72 B2 73 E2 72 D2 93 F2 CF D2 E1 F3
8D 83 30 93 8E DB 6F DB 4F D3 8E DB 73 CA 72 CA
92 CA 13 DA 32 CA 93 D2 52 D2 73 CA 93 BA 93 B2
93 EA 6F A3 D1 92 0F 93 4E A5 D2 BC 6D 9B C9 BC
B0 8A B5 A3 FF FF FF FF FF F7 FF FF B6 BC 90 8A
10 9B EB AB 6F B4 EF B5 AD 83 8D A6 CC 9B 4F B3
CD C4 12 DB D2 AB D1 BC D1 AA 12 CB B1 C2 B2 BA
B2 D2 B1 C2 91 9A 72 CA 72 A2 72 CA 4E A3 AE 93
A5 FB 25 CC 8F BB 8E D3 72 CA 92 D2 B1 D2 B2 BA
B2 A2 B2 C2 B1 CA B2 DA B2 BA B2 A2 B2 EA B2 D2
D2 C2 8E A3 AE 93 CD AB 29 9D 28 AD AD D3 B2 A2
D2 C2 F1 B2 8E D3 F1 AA 12 9B F1 BA 12 D3 D1 AA
12 CB D1 AA 50 AB 32 D3 CD 93 D1 AA CC 93 0D B4
CD D3 6F CB 72 9A 12 B3 F1 AA 12 DB F1 BA 12 CB
F1 B2 10 BB D1 AA D1 C2 D1 A2 12 CB 71 CB 6D 8B
AE AB 0C A4 AF 9B CD AB 70 AB 92 8A 12 D3 D1 AA
12 C3 D1 A2 12 DB F1 8A 12 C3 B1 A2 12 D3 32 DB
32 D3 30 8B EC 83 0D AC 0C 94 CE B3 ED C3 31 CB
92 AA 12 DB D1 A2 12 B3 F1 BA F1 BA D1 82 12 C3
F1 AA 32 B3 32 DB 12 CB 6F 93 8D 83 AF BB EC 93
90 BB CD C3 D1 E2 91 92 2E AB B1 BA B1 AA B1 BA
B2 DA B2 CA B2 DA B1 72 B2 D2 B1 BA D2 D2 8E A3
EC 8B 8E 9B 0F 9B 4F AB 2B 9C 29 94 D2 BA F1 AA
11 B3 12 C3 8E 83 0F 8C 51 93 B0 8A 92 94 72 95
52 85 72 8C 8D 84 30 93 AD 94 AC 7C 0F 95 ED AB
72 93 F2 9B 51 9C D1 9B 11 9C 72 9C 52 94 B2 9C
F1 9B 92 A4 D2 A4 50 9C 92 B4 CD 8B 2E 8C 0E A4
CD 83 4E 9C 2F 9C 32 93 D3 5B 72 73 F1 9B 52 8B
8F 7C AE 9B 72 8A 91 9A 72 82 72 B2 72 5A B2 CA
AD 8B 8E AB 2B 9C 8E BB 8E D3 2F D3 52 AA 72 DA
91 C2 92 B2 B0 AA 4F C3 2E B3 92 8A B1 A2 B1 A2
B1 BA B1 B2 D1 BA EF 8A B0 9A 2F 9B D0 9A CD B3
EF 92 71 8A 91 92 B0 92 B0 92 B0 9A B1 A2 B0 92
B0 8A B1 B2 B2 CA B1 B2 B1 BA B1 AA B0 92 2F AB
6E 9B 0F B3 CD B3 B1 B2 71 9A B2 C2 B0 92 B2 DA
4F 9B 30 C3 B2 C2 B2 E2 B1 B2 B2 F2 B2 EA B2 F2
D1 DA 4E 93 CD AB CC 93 6F D3 CD D3 B1 BA 72 AA
B2 EA B0 92 B1 BA B1 CA B2 DA B1 AA B1 C2 B1 AA
B2 EA B2 EA B2 EA 4F C3 AD 83 ED B3 0C 9C 2F DB
6E D3 73 E2 72 BA 92 B2 6C C3 4C DB B2 AA B1 BA
B2 D2 B1 C2 B1 BA B2 E2 B2 D2 B2 EA B0 DA E1 F3
EB 93 AD A3 8E DB 8E DB 92 CA 92 D2 B1 D2 B1 C2
B1 BA 92 D3 91 B3 72 DA B2 CA 52 D2 B2 BA B2 B2
92 F2 6E A3 10 93 4D AB 8C AD 10 C5 CB A3 6E 9B
90 8A F4 AB FF EF FF FF FF F7 FF FF 39 AC D4 79
D5 81 8D A3 10 C5 B3 B5 91 6A EE BC AA B4 B5 99
B6 B1 B6 C1 F5 B1 F6 C9 D6 91 76 C2 96 C1 96 B9
D6 C9 D6 C1 92 72 F4 9A 16 83 51 A3 F0 7A D2 82
66 FB 65 DC D7 B1 B6 C1 D6 C9 D6 D1 D6 C9 D6 C1
D6 99 D6 D1 D6 C1 D6 D9 D6 C1 D5 C1 AF F2 F5 D1
D7 C1 92 A2 B2 7A 2C C4 AB BC 73 AA B6 D1 D5 A1
B6 D1 B5 B1 B6 D9 B5 A9 B6 91 B6 B9 B6 E9 B5 A9
B6 D9 D5 A1 D6 C9 D6 E1 F1 82 B6 99 6B AC ED CB
97 B9 B6 C9 D5 91 51 E2 32 B2 B6 E9 B5 B1 B7 C1
F4 B1 32 C2 B5 A9 B6 D1 D6 A9 B7 E9 F5 E9 B1 72
92 AA CA BC F2 8A B6 79 B6 D1 D5 91 B6 E1 B5 A9
B6 E9 B5 89 B6 D1 B6 A1 B6 D1 D5 91 B6 E1 B7 F1
B7 E1 34 72 2F 6B 30 B3 09 AD D2 BA 97 91 B6 B9
D5 A9 B7 E9 D5 91 B6 B1 B6 B9 B5 B9 B5 81 B6 B9
B5 79 B7 A1 B7 F9 B7 E9 93 9A 91 6A 11 CB E9 B4
34 A2 96 B1 D7 E9 14 9A 53 AA D5 A9 D6 B1 D5 B9
D6 D9 D6 C9 D6 D9 D6 79 D7 E9 D5 B1 B7 D9 93 AA
10 73 4F AB ED AB B5 89 F5 A1 34 CA F4 B1 F4 A1
B6 B9 B6 C9 D4 89 D5 B1 D5 99 D4 81 F6 99 17 C2
F7 91 D6 B1 11 83 D5 89 0E CC CA 8C F6 A1 B5 91
15 AA D6 B9 F6 C9 F5 B1 F6 B9 F6 D1 F6 A9 F6 D9
F6 B9 F6 99 F6 B1 F6 99 17 E2 F1 7A D2 8A EE C3
4C 84 D6 81 F5 79 F6 99 D1 82 B2 92 96 7A 55 8A
F5 6A 74 82 96 7A 55 7A 96 6A B6 BA 97 42 D6 AA
11 73 12 8B 09 AD 2E C4 17 AA 76 B2 35 A2 76 CA
35 AA 96 C2 35 9A 56 BA 74 A2 33 7A D5 91 D5 91
D5 B1 D5 A1 D5 B1 F4 79 F4 91 4B B4 72 92 B6 89
D4 79 D4 81 D4 81 D4 81 D4 79 D5 89 D5 99 D4 79
D4 79 D5 A9 D6 C1 F4 81 D6 C1 D5 91 B5 79 93 B2
8A B4 92 B2 B6 89 D5 A9 D4 89 D6 D1 D5 89 D6 C9
F5 A9 F6 B9 D6 A1 D6 D9 D5 A9 D7 F1 D7 F1 D7 F1
F6 D9 72 7A AF C3 E9 AC 34 D2 B7 C1 D5 B1 D5 A1
D7 E9 D4 81 D5 B1 D6 C9 D6 D9 D5 A1 D6 B9 D5 A1
D7 F1 D6 F1 D7 F1 B3 BA D1 6A CE BB 09 B5 F5 D1
B6 A1 D6 D9 D5 B9 D5 A9 F5 C1 F5 D1 D6 99 D5 B1
D6 C9 D6 C1 D6 C1 D6 E1 D6 D9 15 F2 4C B3 82 EB
6A A4 6B BC D6 C9 B6 D1 D6 C9 D6 C9 D6 C9 D6 B9
D6 B1 F6 D3 B6 AB 36 CB 56 C3 16 C4 D7 A9 97 A9
F7 F1 71 93 55 73 6C B5 0C AE 54 A5 CC AB 14 82
D4 79 37 93 FF E7 FF FF FF FF FF FF D5 C4 EF 92
10 9B 6D 9B 6A CD 4B CE A8 AC AC B3 2C 94 AF AB
F0 C2 51 C3 D0 BA B0 D2 30 B3 B0 D2 D0 C3 10 D4
F0 D2 F0 CA 4E 93 6F BB 71 BB CD B3 69 AC CA BC
A5 FB 45 CC F1 BA F0 CA D0 D2 D0 D2 D0 D2 D0 C2
D0 BA D0 E2 F0 CA D0 E2 D0 C2 D0 BA F0 F2 D1 DA
D1 BA 4A B4 89 B4 AD A3 6E BB B1 BA F0 D2 F0 BA
D0 D2 F0 BA D0 DA F0 BA D0 A2 F0 C2 D1 E2 F0 B2
D1 DA D0 BA F0 D2 D1 E2 C9 BC EC C3 8D 8B CD B3
F0 CA F0 CA EF A2 10 EB 10 BB F1 E2 F0 BA F1 BA
F0 BA F0 C2 F0 B2 F0 CA F0 CA F1 EA 30 EB E8 AC
2C BC CC A3 8E 8B F0 9A D1 EA F0 AA F0 DA F0 BA
D1 F2 F0 9A F1 C2 F0 C2 F1 E2 EF A2 F1 E2 F1 EA
F1 DA 4F 93 27 B5 2B C4 CC 8B 8E BB F0 A2 F1 BA
F0 9A F1 D2 EF AA F1 B2 F0 C2 F0 C2 F0 92 F1 BA
F0 7A F1 A2 F1 EA F1 E2 CD BB 08 B5 AE C3 CC 93
4F AB F0 BA F1 E2 F0 9A D0 B2 F0 BA F0 C2 F0 C2
F0 DA F0 CA F0 D2 F0 9A F1 EA F0 BA F1 DA ED C3
27 B5 AD 9B 0F 9B EF 9A 10 BB 11 D3 6E A3 8D 9B
50 BB 50 C3 4F 9B B0 AB 4F 9B EF 9A 50 93 91 BB
B0 9B 50 BB AA AC 4B BC ED AB 2B 7C 70 AB 0F 9B
4E 9B AE BB 8F C3 30 B3 50 BB 70 CB 50 B3 71 CB
50 BB 70 73 91 A3 70 9B 71 D3 8A AC E9 BC 6F AB
EC 83 2F 9B 30 93 30 A3 6B BC 2D A4 71 8C D0 93
D1 7C B0 8B D0 74 10 8C 11 7D F0 A4 B1 64 D1 9C
08 AD 0A A5 4C 84 AD 9C D0 AB 70 A4 D0 A3 50 B4
B0 A3 71 B4 B0 A3 F0 AB EF 9B 6D 9B F0 AA F0 AA
F0 BA F0 B2 F0 BA 6A B4 8D AB EF 92 EF 9A EF A2
EF 92 EF 92 EF 92 EF 92 EF 92 EF 9A F0 AA EF 92
EF 92 F0 BA F0 CA EF 8A D0 D2 2F 9B 89 AC 8E C3
2E 93 2F B3 EF A2 F0 B2 EF 9A F0 DA EF A2 F0 C2
F0 BA F1 D2 F0 B2 F0 D2 F0 BA F1 EA F1 EA F1 EA
4F E3 C8 B4 EC C3 AC 8B 4F D3 F0 CA F0 C2 F0 B2
F1 EA EF 9A F0 BA F0 CA F0 DA F0 AA F0 C2 F0 B2
F1 E2 F1 EA F1 EA EC D3 08 AD EC B3 0B 94 30 DB
F0 AA F1 D2 F0 C2 F0 AA F0 C2 F1 DA F0 A2 F0 BA
F0 D2 F0 C2 F0 C2 F0 E2 F1 DA 10 EB 87 C4 01 F4
EB 93 CD A3 10 D3 F0 DA F0 CA F0 D2 F0 D2 10 C3
F0 BA F0 D3 F0 BB 30 D4 F0 CB D0 CC 11 CC 11 BC
11 EC 2A BD 0B B5 CD A4 2D 9D 2C C6 EA AB 10 93
EF 92 13 A4 FF E7 FF FF 9E F7 FF F7 7C 93 7A 58
9A 60 B9 60 99 9B F5 95 F3 61 35 92 55 62 1B 89
B9 9A 7B AC 3C A1 DC B1 BC A3 5C B3 BC A1 9C AD
BC C8 DC A8 BC 80 BD B8 BC B8 BE E0 F7 A9 95 6A
28 FB A9 BB BD B0 BC B0 DC B8 DC C0 DC B8 DC B0
DC A0 FD D0 DC B0 DC D0 DC A0 FC 68 FD F0 FD C8
1D 91 16 72 74 7A 16 7A F7 89 BC 78 DC B8 BC A0
DC B8 BB A0 FD D0 BB A0 FC 98 DC A8 FD C0 BB 90
1B C1 77 69 DB B0 3A C1 B2 72 FA 98 B6 59 F6 99
7C B8 7C C0 7B 78 7D F0 7C A8 7D E8 7C A0 7D 98
7B A8 7C B8 9B 98 7C C0 9C D0 7D F8 DC F0 54 62
F7 A1 F6 79 59 59 9B 68 1B D1 9B 68 DC D8 9B 88
FB D0 9B 80 9D D8 7C B8 7D F0 9A 78 7D E0 9D E0
7D E8 1A 59 F1 62 55 9A 15 5A 78 99 7C 98 7D D8
7B 58 7D C0 7B 80 5D 88 7C B8 7B A8 7B 98 7D E0
9B 68 7D C8 9D F0 7D F0 97 91 73 6A 78 B1 F5 59
1A B1 7C A8 9D F0 7B 48 9B 88 7B A8 7C A8 7C B0
3E E0 5C C8 5C D8 7C A8 5D F8 7B A8 5D D8 98 A1
51 63 B3 62 BA 68 BB 70 5B 89 BC A9 FC 88 79 81
5B B8 3C C8 BA 68 BC A8 9B 80 9A 68 5C 68 3D F0
94 C1 F4 7A 35 63 98 81 97 7A D4 32 FC 79 9B 70
9C 68 97 92 3A 9A 7C 89 BC 91 1C 8A FC 79 5D AA
BC 89 3C 2A 7D 72 FC 71 7D AA 94 6A 34 7B B9 79
15 42 5B 61 7C 59 5B 71 FD A1 5C 89 DC 51 3B 71
1D 42 3B 59 FD 29 7C 59 3D 3A 7D 92 5D 12 9C 8A
D3 6A 15 63 B4 42 D7 82 7C 99 1D 8A 5C 79 FD 99
7B 89 B9 AA 3B 89 BC A1 7C 81 3C 61 3B 89 5B 81
7B 81 5B 79 DA 79 97 71 1A 71 9B 60 9A 68 BB 70
7A 60 7A 60 7A 60 7A 60 7A 60 9A 70 9B 80 7A 60
9A 58 BB 98 BC B0 7A 60 DC B8 BA 70 57 69 78 91
F9 58 BA 98 7B 78 7B 98 7A 78 7C B8 7B 68 7C B8
7B A0 7D F8 7C A8 9C C0 9B A0 7D F8 9D F8 7D F8
DC E0 34 72 36 92 B6 51 FA C8 7D C0 7B A0 7B 90
7D F0 7A 68 7B A0 7C C0 9D E0 7B 90 7C B0 9B 90
7D C8 9D F0 7D F8 D7 B9 93 62 55 92 54 62 BB C0
7C A8 5D E8 7B A8 7B 70 7C B8 5C D8 7C 98 7C A8
7C C8 7C B8 9C A0 7D E8 9C D0 7D F8 D5 D1 00 EC
34 5A D7 79 BB C8 9D D0 5C C8 7C C0 7C 98 7C B8
5C A0 5C C8 5C 88 3C E0 5C B0 5C D8 BD C1 FD A9
9D F1 35 8A 78 91 37 89 B5 84 98 BC F8 60 9A 68
7A 58 3B 82 FF EF BF F7 FF FF DF EF 7F 82 1E 50
5E 60 1E 50 5F 7A D9 85 3A 51 3A 92 99 51 1F 80
7D 8A FE 9B DF 80 DF A1 1F 83 BF A3 7F A0 7F AC
1F A9 7F 90 5F 88 DF A8 BF A0 FF B8 9C 81 9A 49
49 F3 AA AB FF 88 7F A0 BF A8 BF A8 9F A8 9F A0
BF 70 DF C0 7F 98 DF B8 5F 98 BF 50 1F B9 1F C1
1F A1 5B 71 99 59 F9 69 BB 71 5F 68 BF 80 7F 98
9F A0 3F 78 DF B0 3F 80 BF 70 7F 98 DF A8 1F 78
FE A8 D7 79 5C 81 76 92 54 5A 1F 88 18 41 79 91
1F B0 1F C0 1F 78 1F E8 1F 98 1F E8 1F 98 1F A8
1F 98 1F A0 1F 90 1F B8 1F C8 1F F8 3F E0 FA 48
D7 51 97 51 7D 48 1E 50 5A BA 9F 70 1F B1 9F 60
F9 59 1D 58 1F B0 1F B0 1F E8 1F 60 1F E8 1F F0
1F D0 5D 48 D7 41 99 91 57 41 1B 91 1F A8 1F F0
1F 88 1F E8 1F 70 3F 90 1F A8 1F A8 1F 58 1F 90
1F 58 1F E0 1F E8 1F F8 DB 88 19 39 DC 80 58 51
5E A8 1F 80 1F A0 1F 30 1F 80 1F A0 1F 88 1D A8
95 D1 BF A8 7F B0 1F 98 FF D8 3F 88 9F B0 5B 79
D7 41 19 82 1D 50 1E 60 1F 88 FF B8 5F 88 3F 80
DF 90 1F A1 1F 60 5F 90 1E 70 1F 58 7F 38 1F C9
1F A9 F9 59 B6 49 9F 50 59 43 17 23 DF 3B 1D 58
1C 50 5F 6A 9F 6A 9F 61 1F 6A BF 52 7F 52 3F 73
BF 61 FF 0A 9F 4B 9F 6A 9F 7B D9 41 B9 4A BD 59
98 31 5F 49 7F 41 5F 51 DF 62 DF 69 9F 42 5F 49
3F 23 3F 49 1F 13 9F 39 7F 13 1F 5C FF 03 3F 54
D8 41 F9 2A 96 22 5A 5B DF 71 7F 63 1F 62 3F 53
9E 71 5B 6C 9F 59 5F 72 DF 59 5F 41 1E 69 BE 68
FF 70 BF 68 3B 61 1D 48 1F 58 1E 50 1E 58 3E 60
1E 58 1E 58 1E 50 1E 58 1E 50 1E 58 7F 60 1D 58
1F 48 1C 71 3C 91 1E 50 9F A0 1F 60 1E 48 FB 70
3C 48 1E 90 1F 68 1F 90 1E 68 1F C8 1E 60 1F B0
1F 98 1F F0 1F B0 1F D8 1F 90 1F F8 1F F8 1F F8
1F E0 DA 50 79 69 18 41 9E C0 1F B8 1F B0 1F 90
1F F0 1E 58 1F A8 1F B8 1F B0 1F 80 1F A8 1F 88
1F D0 1F F8 1F F8 FC A8 78 41 B8 89 B7 51 5F 90
1F 98 3F E8 1F A8 1F 70 1F B0 3F C8 1F B0 1F A8
1F C0 1F B0 1F B8 1F E0 1F D0 1F F8 58 C1 E1 F3
B6 69 1A 61 3F C0 1F D0 3F C0 1F C0 1F 80 1F A8
5F A8 1F A0 1F 80 3F D8 1F 98 1F C8 1F 98 1F B8
1F F8 3A 79 7D 48 D9 60 78 74 1F AC 1F 50 5E 60
1E 50 DF 81 5F F7 FF FF 3F BD 9F BC 72 B4 94 A3
D9 AB 18 9B D7 AB 37 C5 58 B4 79 B4 18 AC 18 AC
19 BB 19 CC 18 A3 79 B3 F8 AB 39 BC B9 C3 59 B4
9A BB 71 C4 D0 CB 19 CB 18 C3 58 C3 77 B3 D8 A3
A7 F3 09 D4 D9 A2 18 BA D8 BA 38 D9 38 C9 38 C9
38 A1 38 E9 19 C1 19 D9 AE E3 93 AA 19 C9 39 F9
39 E9 34 92 93 82 93 92 34 9A 38 91 38 A9 38 C1
B8 C1 D8 91 B8 B9 D7 A9 98 B2 39 BA 39 C2 2E C4
B5 EA 5A EA B9 D2 79 AA F7 AB 98 B3 56 8B B6 AB
58 AB D9 CA 58 B3 D9 CA D8 9A 78 D2 58 B3 F9 D1
19 A1 D6 91 2D CC F6 D1 58 C9 59 F1 B8 E1 53 72
33 7B D3 7A D5 82 58 8A B9 DA 58 B3 99 CA 18 AB
99 BB 78 93 D9 A2 39 B3 17 C4 4D BC 78 CB 39 CB
99 BB 78 A3 17 A4 D7 B3 75 8B F7 B3 39 B3 79 CB
D9 BB 59 CB 98 A3 39 AC B8 B3 99 BB FA 92 D4 C3
0E A4 19 9B 99 D9 59 D9 34 A2 92 62 35 5A 92 72
D6 A1 58 A1 59 61 57 69 57 A9 57 A9 58 B1 96 B9
14 D2 79 B9 13 DB 4F C4 F9 E1 98 B2 B9 BA 96 A3
54 8B B6 AB 17 93 17 93 18 AB 39 BC 98 B3 98 AB
F8 9B 99 AC 98 A3 19 A4 19 A3 50 B4 F2 8B F9 A3
39 84 38 83 74 72 F8 79 13 6C F1 63 38 74 F6 79
B6 79 F3 83 12 8C 98 8A F7 8A 78 7B 39 83 99 93
8F BC 74 64 D9 8B 78 93 59 94 12 6B B3 73 D6 7A
D2 5A 97 72 B7 6A 97 72 B8 5B F8 82 98 93 97 72
18 4C 58 6A B8 6B EE AC F5 7C 96 A4 D9 73 59 94
D6 9B F5 8B 16 94 36 A4 D9 AB 19 A4 19 AC 19 9C
B8 AB 3A A4 18 A4 D8 A3 79 9B B7 93 EB C4 75 A2
99 B2 37 A2 B8 B2 F7 92 17 92 D8 92 38 9B 18 9B
18 9B 77 8A B7 92 77 8A 56 71 76 81 37 91 98 71
D4 92 0C CC F7 B9 78 8A D8 C9 B7 89 B7 8A F6 A9
56 82 57 A3 57 8A D8 B2 37 8A 58 D9 57 89 58 B9
77 A9 39 E9 B9 B1 B4 E2 CF C3 39 E2 B9 DA 39 E2
18 CB 15 93 55 A3 76 93 B8 B3 D8 B2 B9 CB 99 BB
39 CB 78 A3 B9 C3 59 C3 B9 A2 59 9B B2 CC 0F C4
39 C3 19 D3 99 CB D8 BB 17 AC B6 AB 95 93 B8 BB
F8 BA D9 C3 58 BB 98 AB B8 AB 39 BC 78 B3 B9 B3
BA B3 71 CC B3 CB 59 C3 58 BB 99 CB B4 C3 01 FC
94 A3 76 9B B8 B3 D9 C2 F9 BB 79 CB 98 B3 D8 AB
59 BC 79 BB 99 AB D9 BB AE CC D3 D3 39 AB 59 B3
B9 CB F7 B3 B8 A3 56 9B 96 A4 D8 BC 98 A3 F9 AB
D7 AB EE D5 7B BC 5F B4 DF AB BF AB D1 D5 EF D5
D6 BC 35 C5 D5 BC 76 BC D6 C4 D5 BC F6 C4 15 C5
D5 C4 75 C4 15 BD F5 BC D5 C4 96 BC F6 B4 12 C5
12 BD B1 CD CF CD D5 BC 55 CC B5 C4 94 B4 75 B4
A6 F3 47 CC D5 A3 94 BA F5 BB 75 D2 34 CA 34 C2
F5 A1 F6 D9 10 CB D2 DA CE D3 31 C3 15 DA 35 F2
35 F2 F1 9A 30 93 30 9B F1 A2 14 9A 34 BA 34 BA
34 C2 35 C4 D5 CB 75 BA 15 AC B0 CC B3 BC EF CD
B2 B5 B5 B4 95 C4 55 BD F5 BC 55 C4 96 C4 F5 BC
D5 BC B5 CB 95 CC 75 D3 B4 A3 95 CB B6 AB 75 CA
30 C3 92 BA ED C3 73 D2 15 CA 15 F2 74 EA 10 7B
F1 92 75 BC 75 93 75 AC 95 CC D5 BC 15 BD 15 C5
75 BC 96 BC 54 C5 90 CD 53 BD EE D5 54 BD B5 BC
F5 B4 15 C5 D6 C4 75 C4 F6 C4 F6 BC 15 BD 95 BC
F5 BC 15 B5 95 BC D5 BC B6 BC 54 C5 B1 BC 32 C5
6E AC D5 8B D5 D2 F5 D1 D1 AA 10 7B D2 7A 2F 7B
93 AA 14 B2 15 92 14 7A 14 B2 14 B2 F4 A1 B5 B1
B3 E2 F1 D2 D1 E2 2E AC 55 C4 34 A3 95 C4 76 CC
D6 CC 95 C4 15 C5 36 C5 F6 C4 96 BC 35 BD F5 BC
75 BC D6 BC D6 BC 71 C5 72 BC 70 CD 50 AC 15 B4
D5 B3 74 8B B4 62 54 9A B0 93 CF 6B 35 93 D1 92
B1 8A F5 A2 35 A3 F4 9A F5 A2 35 93 D0 BB D2 C3
8E BC 52 84 D2 93 10 A3 15 EA 30 83 30 9B 72 A2
2F 6B 34 A2 14 8A 14 9A 14 7A 14 B2 14 B2 D5 79
15 7A 2F 93 F3 9B 4E C5 33 94 36 BC F5 C3 F5 B4
F5 C4 D5 BC B6 BC F6 C4 F5 BC 15 BC F5 B4 B5 B4
F5 BC B5 C4 16 C4 55 BC D0 C4 D3 C4 4F D5 74 CC
75 CC 34 B3 B5 B4 75 B4 94 AB D5 BC B5 BC 55 B4
74 A3 74 A3 14 9B B4 AB 13 82 D4 89 72 A2 4F 9B
D2 BC CE DC 54 BB 74 9B F4 B2 B4 B3 94 A3 91 93
13 A4 33 A4 F4 92 34 BB 74 AB 15 DA 13 92 15 C2
D5 A9 73 EA 70 C3 32 C5 6F D4 B5 BC F5 CB 95 D3
96 C4 54 AC 53 B4 16 C5 D5 BC F5 BC 56 C4 15 BD
15 B5 15 C5 75 C4 D6 B4 92 C5 32 C5 91 C5 EF CD
F5 B4 75 C4 15 B5 F6 BC F6 C4 96 C4 F6 C4 15 BD
F5 BC B5 BC 15 BD 15 BD F5 BC B6 BC D6 BC 72 C5
52 C5 91 C5 91 C5 F5 B4 B5 BC 15 B5 B2 CC E1 FB
92 BC 16 C5 15 BD F5 BC B5 C4 35 B5 15 BD 15 BD
B6 BC F6 BC 91 CD 33 BD EF CD 91 C5 15 BD D5 B4
35 B5 F6 BC F5 C4 16 C5 B6 C4 B5 BC 15 C5 D6 BC
71 CD 4B DE 3D B4 DF AB 7F F7 7F EF B6 B4 4A B4
D2 92 13 82 F3 AB 32 AE F0 82 90 AB 90 8B D3 92
94 AB 15 BD 94 AA B4 C2 75 AC 72 CC 92 C3 D0 CD
30 DB 16 BA 35 B2 54 D2 55 DA 35 E2 F2 AA 51 8B
85 FB 26 CC 55 AA 34 C2 54 CA 35 D2 D5 D1 D5 C9
B1 BA 73 EA 4F D3 D1 EA 76 B9 B5 A1 D5 F9 D5 F1
D5 F9 D1 9A 10 93 10 9B D1 AA F4 A9 F4 D9 F4 C1
F4 D1 14 B2 F5 E1 10 C3 53 E2 8E D3 92 F2 D5 A9
F5 E1 F5 F9 F5 E9 14 BA 30 93 54 A2 30 83 51 A3
54 B2 74 CA 53 9A 55 D2 35 AA 74 E2 30 C3 B3 CA
CE C3 73 AA B5 A9 14 C2 14 D2 15 F2 74 DA 10 7B
F0 8A 4F 83 B2 7A 34 82 55 E2 54 A2 55 DA 34 A2
93 BA 30 AB B3 EA CD C3 74 CA 15 92 16 E2 16 CA
35 DA 93 9A 8E 7B 70 AB 4F 83 F1 9A 34 9A 55 EA
54 AA 55 EA 54 9A 94 C2 31 C3 D1 C2 8E AB 36 C2
15 AA 55 A2 55 DA 15 D2 D1 A2 0F 7B D2 B2 2F 83
93 D2 14 AA 15 7A 13 82 14 BA 14 AA B2 C2 D1 C2
31 E3 AE DB F5 C9 D5 C1 55 F2 14 B2 35 DA F1 AA
CF 7B 31 8C F0 8A 92 9A 2F A3 2F AC F4 9A 10 A3
72 8A 30 9B F1 9A 4F CB 2F B3 F5 81 15 CA 35 D2
55 92 74 B2 53 7A 14 A2 31 A3 8F 7B 54 AA 33 A2
13 92 54 BA 54 C2 34 B2 51 C3 F2 C2 AF D3 51 E3
F6 B9 55 8A 74 A2 14 EA F5 F1 2F 8B 10 9B 72 AA
2F 6B 13 A2 F5 89 14 A2 F5 C9 F5 B1 F5 B1 F1 A2
92 AA CD A3 93 6A D5 89 14 7A D6 D1 D5 A1 14 EA
50 83 30 8B 8F 6B 11 BB 14 CA 15 B2 14 AA 15 B2
14 BA 14 DA 30 A3 72 D2 8D D3 92 BA F5 A9 33 92
54 AA 54 B2 54 B2 92 8A 53 92 33 8A 53 92 53 92
53 8A 53 8A 53 8A 53 8A 52 8A F0 A2 F1 AA CC A3
33 82 D5 A9 14 C2 53 82 54 CA 33 8A 73 82 34 BA
92 82 73 AA 33 92 54 AA 53 92 35 DA 14 92 73 D2
F1 C2 D2 EA CD D3 35 DA D5 A9 35 F2 55 EA 74 EA
ED CB 31 8B 70 7B 10 7B B3 D2 34 A2 D0 AA 54 AA
55 EA 34 8A D2 BA 11 D3 50 E3 8E BB 15 BA 15 A2
55 F2 55 EA 35 F2 12 BB 4F 7B 90 AB 6F 83 74 CA
34 B2 55 E2 54 BA 54 AA 35 C2 F2 DA D2 A2 30 C3
6F DB 16 BA 35 BA 55 DA 54 D2 35 F2 0F CB 00 EC
6E 83 31 93 74 A2 35 D2 54 CA 54 D2 54 C2 55 BA
31 C3 F2 CA AE C3 31 E3 F6 B1 35 C2 35 B2 15 C3
B5 EB B0 9B B2 8A F0 92 10 9D D3 BC 13 82 93 8A
2B B4 72 B4 3F F7 7F F7 FF FF FF F7 FA 9B 0B AC
6F A3 75 71 D5 A3 53 AE 91 72 91 9B D1 82 95 81
96 AB 97 B3 76 AA F6 C2 97 AB 2D DE AE E3 F8 BC
97 D1 B6 B9 B6 B9 B6 D1 B7 B9 B7 E9 73 A2 F2 7A
66 FB E7 C3 B7 B9 B6 C1 B7 C1 33 D2 2F BB 97 AA
4C C5 EE CC 38 A2 B7 BA B6 9A D6 82 17 CB 17 C3
37 CB F2 8A 31 83 51 83 32 93 56 A2 B6 B2 76 A2
96 AA 56 A2 F6 BA 6A C5 D2 C3 18 A2 D7 C2 35 9A
D7 BA 17 D3 D7 C2 F6 B2 70 7B 96 A1 B1 72 D2 A2
B6 B1 B6 C9 B6 91 F2 D2 52 AA D6 E9 E9 DC D2 DA
57 A9 97 C1 B5 A9 B6 C9 B6 D1 B7 F1 16 DA B1 72
B2 8A D0 72 74 8A B6 91 B7 E9 B5 A1 B6 D9 B6 A9
93 D2 09 CD F6 F1 77 A1 B7 D1 B5 91 B1 DA 30 B4
B6 F1 15 B2 2F 63 11 A3 F0 7A 73 8A 96 91 B7 E1
B5 99 B7 F1 B6 91 B3 DA E9 DC D5 B1 57 A1 77 C1
96 91 59 C9 B7 E1 B7 A9 73 92 D1 72 73 A2 D1 7A
35 B2 B6 A1 B7 A1 B5 71 D5 A9 B6 A9 AE CB 8B E4
97 D9 97 C9 B6 D1 B6 A9 B7 F1 B6 B1 97 D9 93 A2
30 7B B2 AA B2 72 74 82 55 9A F5 B2 36 92 75 92
B6 81 EE B3 6B BC 17 9A F6 89 B4 81 D6 AA 37 B3
17 A3 B6 AA 36 92 14 82 90 7B B0 63 56 83 35 8A
15 82 96 AA D6 AA 56 9A CB D4 4F D4 58 92 D7 B2
96 9A D6 72 37 9B 57 BB 17 BB 11 6B 71 83 B4 82
F1 62 56 8A D1 7A D5 99 B2 D2 12 A3 F7 92 EB BC
71 9C 17 62 57 4B D6 82 50 B4 92 85 F7 54 56 85
50 6B 11 6C D0 63 72 74 56 83 77 7C 56 83 57 74
36 83 D5 94 89 BD 53 94 18 7B D4 7A 33 82 D5 81
B6 A9 96 A1 B5 B1 F4 79 B5 89 B5 81 B5 79 B5 79
95 79 B5 79 B5 79 B5 79 13 82 E9 CC 34 A2 76 71
B4 71 B5 A9 D6 B9 95 71 B6 C9 B5 81 B5 71 B6 A9
13 7A D5 A1 B5 89 B5 A1 B5 81 D6 D9 B6 89 F2 DA
CA DC B7 E9 77 B9 B7 E1 B5 A9 B7 F1 B7 F1 B7 F1
D2 D2 92 7A F1 9A B1 6A 15 D2 B6 91 F3 99 B6 A1
D7 E9 96 79 10 C3 AB E4 97 D9 96 99 B6 B9 B5 A1
B7 F1 B7 E9 B7 F1 93 BA F0 72 11 A3 10 7B F6 C1
B6 B1 B7 D1 B6 A9 D5 A9 97 B9 CE EB EE B3 77 A1
97 C9 B6 C1 B6 C1 B7 E1 B6 D1 B7 F1 B0 CA 00 FC
EF 8A B2 82 D6 C9 97 D1 B6 C9 56 C1 96 C9 57 B1
0C D4 AE CB 58 99 57 D9 B6 B9 96 B9 77 A1 97 E9
17 F9 92 9A 14 6A 31 82 31 9D D5 BC 75 71 B2 92
A9 BC 56 A3 FF FF FF FF DF EF FF FF 58 AC CF 92
09 C5 52 82 F3 AB 30 B6 EF 7A 8F AB 8F 8B B2 92
13 B3 34 C4 54 9A CE D3 8B DD D4 C2 D3 BA 93 BC
54 CA 53 B2 53 C2 54 D2 54 BA 54 F2 F1 B2 50 83
85 FB 06 CC 54 B2 53 C2 34 D2 92 BA 87 C5 CD CC
F4 AA 34 AB F3 A2 34 C3 F3 A2 34 93 74 CB 54 CB
74 CB 50 93 8F 8B AF 93 90 9B D3 92 13 BB D3 AA
F4 B2 EB CC 8E CC 94 A2 34 B3 F3 AA 54 C3 B3 A2
34 C3 74 BB 34 C3 33 A3 AE 8B 52 A2 2F 7B 50 AB
53 C2 53 CA 33 9A 92 EA 08 DD 11 EB 34 BA 54 DA
72 AA 10 A3 53 AA 53 C2 53 CA 54 F2 93 DA 2F 7B
2F 93 4E 7B D1 A2 53 A2 54 EA 33 AA 73 DA E9 D4
D1 C2 33 9A 54 D2 53 C2 54 EA 53 92 92 E2 D1 EA
54 F2 92 BA AD 73 6F AB 4E 83 10 A3 53 B2 54 CA
34 9A 11 F3 E9 CC 74 BA 33 BA 53 BA F0 A2 32 A3
D3 92 CC E3 53 E2 34 B2 F1 9A 2F 7B F1 8A 4F 8B
B2 BA 53 AA 54 CA 34 82 4F BB C9 CC 53 B2 33 BA
54 DA 53 CA 54 D2 53 92 54 F2 53 B2 54 DA 10 A3
8E 83 30 B3 10 83 B1 9A D3 A2 54 BB 94 92 2D BC
6B BC 73 92 73 92 F3 AA 92 92 52 8A 54 9B B4 C3
B4 AB 33 AB B3 A2 B1 82 AE 7B 2F 6C 13 84 D3 92
B3 8A F4 AA EC D4 8C C4 D4 AA 34 BB 33 9B 74 B3
F3 8A 54 8B B4 BB B4 C3 74 BB 8F 63 AF 93 12 9B
6E 73 F0 92 B1 AA 53 A2 53 CA E9 DC 6F C3 34 82
54 AA 53 82 54 62 54 AA D0 DA 2E A4 74 93 B4 C3
8F 7B CF 7B CE 6B D0 A3 F4 AA 54 AB D4 82 54 AB
69 C5 70 B4 94 82 13 BB F3 AA D1 9A 71 8A 33 92
33 BA 33 AA 53 BA 91 8A 53 92 52 8A 52 82 72 82
52 8A 33 82 B1 92 E8 C4 B1 92 33 8A 53 A2 52 8A
52 82 53 B2 92 AA 52 82 33 CA 33 8A 52 82 33 B2
91 82 72 AA 52 9A 33 B2 33 8A D1 E2 08 CD 92 E2
14 B2 34 EA 33 C2 34 E2 33 B2 14 F2 14 F2 14 F2
14 E2 10 8B 4F B3 2F 7B 92 DA 34 9A 34 A2 34 AA
8F F3 A9 B4 33 B2 34 CA 34 DA 53 A2 33 C2 33 AA
14 F2 34 EA 14 EA F1 C2 4E 7B 6F AB 8E 83 73 C2
33 C2 34 BA 14 AA 8E CB 8A E4 14 D2 33 A2 33 BA
33 CA 33 CA 33 CA 34 E2 33 DA 14 FA 0E C3 00 FC
6E 9B 30 93 73 B2 54 CA 34 CA 94 BB 4B DD 0D D5
74 B3 94 CA 73 B2 B4 D3 73 CA B4 CA 34 CB 54 F2
54 E4 CF 9B 72 8B EF 93 0F 9D F2 BC 33 7A 2C B4
2A AC 76 A3 FF FF FF F7 FF FF FF FF 58 B4 F3 79
EA BC B0 92 94 A3 F1 B5 D0 7A 50 A3 2F 8B 54 8A
76 B1 0F DB 0D C4 34 BA 72 CA D5 C9 34 BA F5 A1
F5 B9 F5 A1 F5 C9 F5 D1 15 BA F6 F1 B2 AA 31 83
86 FB 06 CC F6 89 B6 B9 CE E3 EE C3 54 B2 53 E2
D5 C9 D5 B9 D5 99 D5 E1 D5 B9 D5 A1 B6 F9 D6 F1
D6 F1 D1 9A 10 93 10 9B D1 A2 B5 99 96 D1 2C DC
10 E3 53 BA 33 D2 D5 B1 D5 E1 D5 C1 D5 E9 F4 A9
D5 E1 B6 D1 F5 E1 4D B3 8D 93 D1 82 2F 73 11 AB
D6 C1 F5 C9 8A C4 50 F3 93 BA 54 E2 F5 C1 F5 E9
14 AA 93 D2 14 A2 34 A2 92 BA 15 F2 54 DA F0 7A
10 83 2F 73 B3 B2 B6 A1 54 E2 AA CC 93 E2 B2 AA
34 B2 F4 91 15 BA 14 BA 15 EA 14 92 F6 E1 F6 E1
F6 F1 73 B2 6E 73 50 AB 2F 7B D2 AA B6 B9 93 DA
AA C4 D2 EA B2 A2 15 B2 14 BA 15 B2 F1 A2 93 BB
F4 92 4B CC 34 EA F6 C9 B2 9A 10 73 D2 8A 30 83
73 D2 B6 A1 31 DB 8B BC 53 B2 B2 B2 90 AA 14 BA
15 DA 15 CA 15 D2 15 9A 16 F2 14 B2 F6 D9 D1 A2
6F 7B 11 AB D1 82 53 92 D6 A1 70 E3 8B C4 72 AA
92 9A 14 9A 33 92 73 9A 14 9A 13 82 35 BA 74 E2
2E C3 34 C2 14 AA F4 91 10 8B 6F 6B 15 B2 B5 99
0C C4 0E D4 73 CA 92 BA 35 BA 35 D2 35 B2 35 D2
35 92 35 AA 56 E2 36 EA B4 CA 6F 6B 70 93 B2 9A
6F 6B D3 9A 37 A2 2D BC EF C3 D3 AA D3 B2 34 7A
95 9A 34 7A 95 52 54 A2 76 AA 57 A2 76 A2 95 DA
2F 7B 50 7B 8F 63 51 93 15 AA 55 BA 8B A4 51 C3
D2 B2 B4 B2 34 7A 55 CA 34 B2 35 AA 14 92 13 8A
54 AA 34 A2 74 AA 52 82 14 8A 13 82 13 82 D4 81
13 82 8A B4 F0 92 B1 92 33 82 14 8A 34 9A F3 81
F3 79 54 AA 34 9A F3 79 75 BA 34 8A 13 7A 34 AA
72 82 73 A2 D5 89 F2 B2 AA C4 33 CB D1 9A 94 CA
54 AA 95 D2 55 B2 95 CA 54 A2 B6 DA B5 DA B6 DA
B5 CA F1 82 90 A3 F0 72 D4 CA 16 8A 12 AB 8B CC
13 DB B1 92 54 AA 75 BA 95 B2 34 92 54 B2 34 9A
B6 DA B5 DA B6 DA 32 B3 2F 7B B0 9B 8F 83 B4 AA
F6 A9 D0 D3 4C C4 93 A2 12 C3 75 CA 55 92 54 AA
75 C2 75 BA 75 BA 95 D2 95 CA B6 DA 4F B3 E0 F3
4E 8B 11 93 15 92 B6 C9 6F E3 4D D6 D3 BD 93 B5
F5 A3 15 D4 D5 BA 35 BE 35 C3 75 D3 B6 EC 75 E3
16 DE B0 8B B3 A4 90 9C CF 94 D4 BC 12 82 28 C5
EF 92 37 9B FF F7 FF DF FF FF FF F7 B6 BC 71 82
CD A3 EB A3 F1 AB EE BD 2E 83 4E AC 6E 8B 2F B3
CD CB 30 CB CF B4 72 BC 92 C2 F2 CA B2 C2 92 A2
32 C3 F2 B2 32 C4 52 CC 92 AA 93 F2 2F B3 8E 8B
A5 FB 06 CC AF B3 8E D3 30 D3 4F DB 73 CA 73 D2
B2 CA 92 BA 92 9A 92 DA 92 BA 92 A2 B3 EA B3 EA
B3 CA 4F 9B 8E 9B 8E A3 30 A3 8E B3 8E DB 4F CB
10 D3 72 B2 93 DA 91 B2 92 DA 92 C2 B2 E2 91 B2
B2 D2 93 C2 30 CB CA A4 4A 8C 8E A3 2F 83 6E AB
CD D3 4F D3 6E AB 11 EB 53 BA 92 E2 92 C2 B2 E2
92 B2 73 F2 91 AA 92 B2 B3 F2 93 EA F2 E2 4E 8B
0F 9B 6E 7B 30 CB CD C3 50 E3 6E BB D2 DA 72 B2
92 C2 91 9A B2 DA 92 B2 B2 E2 91 9A B2 E2 B3 E2
93 EA F1 BA CC 7B AE B3 4E 83 8E B3 ED D3 11 D3
8E B3 D2 CA 52 8A 92 BA 92 C2 72 BA 52 C2 33 D2
52 92 14 DA 73 F2 73 CA 2F 9B 6E 83 10 93 4E 8B
10 DB AD C3 F0 DA 6E 93 72 A2 52 BA 72 C2 72 C2
72 E2 72 D2 72 DA 72 BA 72 F2 91 BA 73 E2 2F B3
CD 8B 4F B3 F0 8A 8E AB 8D CB D1 E2 4E A3 72 AA
72 9A 91 AA 91 92 91 8A 91 8A 91 8A 72 DA 53 F2
33 FA 52 DA 71 B2 91 9A 6E 93 6E 73 2F C3 8D C3
2F AB 0F BB 33 CA 72 BA 72 CA 72 DA 72 D2 72 DA
72 9A 72 B2 73 EA 73 BA 73 D2 4F B3 0C 94 4F A3
6F 73 0E BC EF B3 70 AB 70 AB D2 B2 F2 AA D1 8A
32 A3 D1 82 32 73 F2 A2 32 A3 52 8B 53 A3 72 CB
AD 83 CE 83 CD 73 AF 63 4D AC EF D3 6F C3 71 AB
B2 AA 33 AB F1 82 12 C3 F2 B2 F1 AA B1 9A 91 92
F2 B2 D1 AA F1 AA F0 8A B1 92 72 8A B1 92 0C B4
EF 92 6E A3 D0 92 52 8A 91 8A B1 92 D1 9A 91 8A
91 8A F2 AA D1 A2 71 8A 32 BB D1 92 B1 8A F2 AA
B1 82 30 A3 EC AB 50 AB 8E A3 8D 7C 91 8A 32 C3
12 AB 72 CB 12 B3 52 C3 F1 AA 93 D3 93 D3 93 D3
92 C3 6E 8B 0E A4 2F 7B 0F BC 6D C4 70 B3 6E BB
53 D3 71 8A F1 AA 32 BB 52 B3 D1 9A 12 B3 D1 A2
93 D3 92 D3 93 D3 EF AB AD 83 0E 9C 0C 7C AD 9D
CE A4 31 95 6B 94 CE 73 F3 B2 52 C3 12 93 12 AB
32 BB 32 B3 32 B3 72 C3 52 C3 93 CB CD BB E0 FB
8D A3 2F 8B AE E3 8E E3 10 D3 0F C5 33 C4 F2 AB
F2 A2 F2 DB 32 BB 93 CC 32 CC D2 CC 93 DD 93 EB
13 E5 4E 94 B0 A4 EF 94 EE 9C F2 BC 6D 9B 6B B4
91 8A D4 A3 FF F7 FF EF FF DF FF EF 77 A4 32 82
F1 92 89 B4 72 B4 F1 A5 AF 7A 0E AD CD 9B 70 B3
2C D5 94 AC D4 A3 33 A3 73 B2 14 CB B3 BB D4 B2
B4 C4 D4 B4 F3 C9 93 BA 74 C2 14 F2 D1 AA 30 83
85 FB 06 D4 AF B3 AD DB F5 C9 14 CA 34 CA 52 C2
34 B2 34 BA 34 8A 34 E2 34 BA 34 A2 14 F2 14 F2
34 F2 F0 9A 10 8B CD B3 4F B3 8F B3 AE E3 F5 B9
14 CA 33 B2 34 CA 33 B2 34 DA 33 C2 34 EA 33 B2
34 CA 14 B2 15 FA F5 F9 4F 8B 30 9B AD 93 AE BB
0D DC 30 D3 F4 91 14 EA 33 BA D5 E9 14 CA F4 F1
13 B2 F4 F1 33 AA 14 BA F4 F9 F4 F9 53 F2 F0 82
B1 92 EC 8B D1 DA ED CB B1 F2 F4 A9 14 E2 33 BA
14 CA 33 9A F4 E9 13 C2 F4 F1 33 92 F4 E9 F4 F9
F4 F9 72 BA 8E 73 4F B3 EC 93 4F B3 2C DC 54 D2
F4 A1 14 C2 33 7A 14 CA 92 AA 2E 83 D3 8A 74 73
F3 8A 94 AB 75 C3 55 C3 71 93 10 73 D0 8B 0D 9C
11 BC AC AC B4 AB 74 7A F3 92 D3 A2 F3 A2 F3 A2
74 BB 34 B3 54 B3 F4 AA 56 CB D3 A2 54 BB 91 93
8E 7B 2F A4 8E 93 CE A3 8D BC 34 B3 94 7A B3 92
73 92 93 92 53 8A 32 8A B3 72 32 82 94 8C 31 86
B1 6E 14 75 B3 7B 74 82 0E 8C 0D 75 F0 7D CD 9C
B4 72 94 74 51 75 B3 8B 13 84 B4 84 74 8C 14 8D
F3 8B D4 74 94 85 74 55 94 6D 70 7C 10 74 30 94
6E 7C 4E 95 6F 95 35 7B 0F 7D 6D 94 14 8B D3 82
54 93 B3 7A 34 B3 D3 9A 54 AB 74 63 74 8B B4 93
6F 7B B0 7B 6C 8C 0F 6C 8D A4 70 B4 B5 8A 34 93
D3 A2 74 9B B3 7A F4 B2 D3 A2 B3 A2 73 92 52 82
D3 A2 93 A2 D3 A2 52 82 91 82 2F 9B 91 92 2C B4
D0 92 13 82 32 8A 52 8A 32 82 33 92 33 A2 32 82
32 82 33 B2 33 AA 32 7A F4 D1 33 92 13 82 33 BA
6E 9B D0 B2 2C BC 52 B2 13 92 14 C2 32 8A 14 DA
33 BA 14 EA 14 C2 14 E2 33 B2 14 FA 14 F2 14 F2
34 E2 D0 82 6E BB CD 8B 30 DB 0C DC 33 B2 14 A2
14 F2 32 8A 33 B2 14 D2 14 CA 33 9A 13 C2 33 AA
14 FA 14 F2 14 FA D1 C2 2F 7B AE B3 EC 9B 30 BB
AE D3 F5 C1 14 BA 34 D2 33 C2 14 DA 14 C2 13 C2
14 D2 14 CA 14 CA 14 E2 14 DA 15 FA EF D2 E0 FB
CC AB 8E 9B AE D3 CE E3 14 CA F4 B1 14 AA 14 C2
34 BA F4 D1 F4 C1 EF BA B1 AA 14 D2 F4 E1 14 F2
F4 F1 10 83 92 8A 4E A3 AD AD D3 BC 4A AC 8E A3
13 7A 95 A3 FF FF FF FF FF EF FF EF 58 AC 12 82
14 82 6E 9B 4E C5 11 AE 4E 83 AE B4 8A AC 72 92
B5 AA F4 B2 B4 94 54 A4 94 AA 94 BB B4 BA D4 A2
34 C3 54 B3 54 B3 D2 AD F4 CA 75 E2 30 B3 AF 8B
86 FB 65 C4 56 62 15 C2 74 CA 74 B2 54 AA B2 BA
74 AA 75 92 54 82 74 DA 54 AA 75 92 95 E2 95 E2
95 DA 4F 93 6F 93 2D B4 EE BB 15 92 55 CA 54 B2
74 C2 54 AA 74 C2 54 AA 74 CA 54 BA 75 DA 34 AA
75 D2 95 BA 95 E2 95 B2 ED 83 6F A3 0C 9C 0E C4
15 BA 54 C2 33 92 75 DA 73 B2 AB B4 34 A3 B6 B3
D4 9A F5 B3 D4 92 35 9B F5 BB F5 BB 34 AC 8E 8B
31 8B 6A 9C 71 AC 75 92 B5 B3 D3 92 94 AB F4 92
34 9B 73 8A D5 BB 14 9B D5 AB 53 8A D5 B3 F6 B3
F6 B3 72 93 EC 83 6F 9C AA 9C B1 93 B5 A2 F1 A3
93 92 55 C3 73 8A 35 B3 F3 A2 12 93 D4 92 B5 7B
F4 82 F5 AB 71 BC B5 A3 91 93 8E 83 30 8C 4B A4
31 B3 F5 91 55 DA 33 82 34 9A 34 B2 34 BA 34 BA
55 DA 35 CA 55 CA B2 BA 2C DC 72 B2 35 D2 30 B3
CD 8B AF BB 2C A4 53 92 F5 A9 55 D2 53 A2 34 AA
33 92 33 9A 13 7A 13 82 33 9A 13 82 34 CA 94 E2
14 D3 B5 BA D2 AA 92 92 ED A3 AB 8C B5 A2 34 82
53 82 B4 9A B4 B2 74 B2 74 B2 94 C2 94 BA B5 CA
74 92 94 A2 D5 C2 D5 CA B5 DA AF A3 8F 9B CE B3
2C 94 55 AA 95 AA 73 A2 B4 82 93 AA 95 62 74 7A
B5 A2 54 72 B5 72 74 A2 D5 7A D5 52 D5 9A F4 D2
AE 83 AF 8B AA 9C 0E 74 35 8A B5 B2 74 9A B4 9A
74 AA D5 AA 74 82 94 C2 74 AA 74 A2 33 92 33 7A
94 A2 73 A2 94 AA D0 8A 92 92 CD AB 92 9A D4 89
13 82 33 8A 13 82 13 82 13 82 13 8A 13 A2 13 82
13 7A 34 B2 33 A2 13 7A 10 93 53 92 B1 92 92 BA
0C A4 92 B2 D4 89 34 AA 33 92 34 BA 13 82 34 D2
34 B2 35 E2 34 C2 35 DA 34 AA 35 F2 35 EA 35 EA
74 DA 4F 8B AE C3 6A 9C 93 D2 F5 C1 34 BA 33 A2
35 EA 13 8A 34 B2 34 CA 35 D2 33 A2 34 BA 33 A2
35 DA 35 EA 15 F2 11 C3 8E 83 CE B3 AA AC 34 9A
F5 A9 34 DA 34 CA 34 CA 34 BA 34 D2 34 C2 34 C2
34 B2 34 BA 34 CA 35 E2 34 D2 35 F2 2E BB E1 FB
2B BC 2C AC 15 C2 F5 D1 34 D2 34 AA 34 B2 34 C2
14 BA F4 C2 D4 B2 92 BA B3 AA D5 D1 35 E2 35 F2
35 EA 4F 93 D1 7A 6D AB ED B5 71 C5 CC A3 33 8A
13 82 76 A3 FF F7 FF FF FF FF FF FF 38 B4 B3 79
D5 81 B1 8A E9 D5 8D CE 08 B5 D1 A2 30 73 53 A2
55 AA 96 A2 15 9B 75 AB 75 A2 56 B2 75 AA B6 92
96 B2 55 AA 55 AB 97 CC 16 BB F7 CA 8D C4 6A BD
A6 F3 27 BC B6 72 95 B2 95 BA B6 9A 95 9A 96 AA
B6 9A D6 7A 75 7A B6 C2 95 A2 D6 A2 16 CB 16 D3
F7 B2 AC A4 0A B5 12 83 32 93 75 92 B5 BA 75 AA
95 B2 55 A2 D6 BA 55 A2 B6 BA 75 AA D6 C2 35 9A
D6 C2 16 C3 16 CB 17 BB 68 BD EC B4 92 6A B0 93
95 AA 95 B2 14 8A F6 CA 75 A2 92 BB F4 A2 D3 BB
94 9A 56 C3 74 92 93 83 16 B4 F6 B3 15 AC 87 C5
0E 94 B1 6A 13 9C 95 8A B6 9B 95 92 76 AB B5 82
15 8B 34 92 D6 9B F5 7A D6 93 14 8A B6 AB 92 B4
F2 B3 14 8B C6 C5 8E AC D1 6A F0 63 14 8B 12 AC
55 92 36 CB 35 92 16 8B 95 9A 75 A2 75 9A F6 B2
75 8A 56 BB 4D CC 34 A3 CF AB A6 BD B2 83 14 82
D5 B2 55 92 15 CB 34 7A 55 92 55 A2 75 AA 75 AA
D5 C2 D2 C2 56 C2 93 B2 2D CC B1 A2 B5 BA B0 A3
C6 C5 71 9B 92 7A 74 92 92 A2 F2 C2 15 A2 15 A2
F4 91 F5 91 13 7A D4 81 F5 79 D4 79 56 CA 77 DA
56 EA F6 C1 2D CC 8B C4 B1 7A 30 6B 16 C2 F4 91
F4 89 15 9A 16 C2 15 AA 15 BA 36 CA 35 AA 36 CA
15 8A 36 A2 56 CA 56 CA 37 E2 8C CC 0A CD 14 92
11 7B 36 BA F7 B9 F6 99 36 6A 15 AA 74 7A 15 72
76 C2 15 8A 76 6A 35 AA 76 8A 96 52 96 9A 96 C2
68 BD AC A4 10 63 31 4B 35 92 76 B2 35 92 56 9A
35 A2 76 BA 35 9A 34 B2 14 AA F5 B1 F4 91 D5 71
70 AA 51 A2 92 82 09 BD 2F AB 96 79 D4 91 F4 91
D4 79 D4 81 D4 81 D4 81 D4 79 D4 89 D5 99 D4 79
D4 79 D5 B1 D5 A1 D4 79 53 92 52 A2 28 CD 72 C2
F4 71 72 A2 D4 91 D5 A9 D4 91 D5 B9 D4 81 B6 D9
D5 B1 B6 E9 B5 C1 B6 E1 D5 B1 B6 F9 B6 F9 97 E9
54 EA 67 CD 10 BB B1 6A 34 D2 D6 D1 D5 B9 D5 A1
B6 F1 D4 81 D5 B1 B5 C9 B6 D1 D5 99 B5 C1 D5 A1
D6 E9 F6 F1 B7 F1 8F DB 87 BD 31 A3 30 7B 15 BA
D5 B1 D6 D1 D5 C1 D5 C9 D5 B9 D6 D1 D5 C1 D5 C1
D5 B9 D5 B9 D5 C9 F6 E1 F5 D1 D7 F1 6E BB 20 FC
EF 92 D2 82 15 D2 D6 D1 D5 C9 D6 B1 D5 B9 F5 B9
D5 B1 16 CC D5 B3 36 C2 95 B2 F6 C3 D6 E1 B6 F1
B7 F1 2B CD 4C C5 D2 83 70 8C 8C DE 0B AC D5 79
D4 79 37 93 FF E7 FF FF FF FF FF FF 1D 9B 3B 50
5C 60 3B 58 FB 9A B8 AD 96 51 96 83 B7 69 9E C8
9D A8 3E B0 5D A0 5E C0 5D B8 7E C1 1D B0 1E B0
1E D0 1D B8 1E B8 1F F8 1F E8 1F F8 39 A1 D7 61
E8 FA 89 C3 1F A8 1D B8 1E D0 1E A8 1E A0 1E C0
1E A0 1E 90 1D 60 1E C8 1E B8 1E B8 1F F8 1F F8
1F D0 78 51 D7 79 B7 79 59 89 1E 98 1E D0 1D B8
1E C8 1D A0 1E E0 1D 98 1E C8 1D B0 1E F0 1D 90
1E E8 1F F8 1F F8 1F F8 35 6A D7 81 77 51 B7 99
1E B8 1E C0 1C 78 1F F8 1D A8 1F F0 D9 B0 AE A3
17 99 1F F8 1D 90 1E B0 1F F8 1F F8 3D F8 97 59
19 71 D6 49 BB C0 1D 78 1E B8 1D A0 1E E0 1D 90
1D B0 1C 88 1F D8 1D 68 1F E0 1C 78 1F F0 1D F8
1D F8 7C A8 74 4A B7 A1 B6 51 B1 72 39 91 DB C9
9D 88 3F D1 7C 80 1E 69 BD 78 BD A0 9D 80 3E C9
BD 78 5F C1 3F D9 9B D1 74 7A B7 51 59 8A 9B 68
5E B1 DD 88 79 C2 BB 48 FD 70 DD 88 1D 91 1D 91
BE B1 7A A9 1E B1 BE A0 1F D9 3B 89 FC A9 19 72
94 52 98 7A 58 51 FB 60 78 89 18 AA 9E 88 BD 80
5C 70 7C 78 7A 60 3C 60 9D 70 1C 58 1E 99 5F D9
78 7A 7A 6A 7D 81 BC 60 37 52 93 4B 3D 6B 73 6A
16 61 DF 69 3E 82 9D 79 DD 81 5E 8A 3E 72 BE 8A
BD 69 5F 72 3F 7B 1F 3B 3F A3 D7 62 D7 62 9B 69
97 4A B9 7A D2 8B D7 81 3E 39 DD 90 99 7A 3C 41
3E 5A FD 70 1E 4A 5D 91 5E 72 9F 0A 7F 62 BE 5A
36 52 B7 4A 95 32 D8 4A 5E 71 5E 82 5D 69 3E 6A
3D 79 7E 92 5E 89 1A 69 19 71 DE 90 5C 68 3C 60
FD 90 BC 80 19 59 D9 58 3C 70 3C 60 3C 78 3C 70
3C 58 3C 60 3C 60 3C 60 3C 58 3C 68 3C 80 3C 58
3C 58 DD 88 BD 78 3B 50 DE 90 9C 78 7B 60 DD 88
BA 58 99 79 7C 70 DD 80 5C 68 1D 91 3C 60 7E A9
FD 88 DF B9 3D 99 9E B1 DD 80 FF C1 FF C1 FF B9
DE B1 D6 59 91 7B 77 49 FC A1 3E 99 79 71 BD 80
DF B9 5B 60 59 71 5E 99 9E B1 BC 78 1E 99 39 69
BC E0 3F F8 3F F8 59 B1 F5 51 16 92 15 5A 7D A8
3D A8 3E 98 3E B0 3E C8 3D B0 3E D0 3D B0 3D B8
3E A8 1E A8 3E C0 1F E8 1E D8 3F F8 B6 B1 E1 F3
F5 71 98 69 7D C8 3E D0 3E C0 3E D0 3E A8 3E B8
3E C0 9E BB 1E A3 BD B0 3D 9A BE B3 1F E1 1F F9
3F F9 37 7A 3A 83 58 7B 56 7C 9C AC 5B 58 5C 60
3C 58 FD 79 FF E7 FF FF 9E F7 FF FF FE 9A 1D 48
1E 58 1D 48 9F 82 FB 95 78 41 38 6E 58 61 BF B9
1F 93 FF 92 7F 91 3F A4 1F B0 5F C0 1F B0 1F C8
1F C0 1F 88 1F B8 1F F8 1F E8 1F F8 DB 90 5A 51
E9 FA 6A BB 1F B8 1F B0 1F D0 1F A0 1F 98 1F D0
1F B8 1F 80 1F 68 1F B0 1F B0 1F 98 1F E8 1F F8
1F D8 FA 50 59 61 79 71 1A 89 1F A0 1F C8 1F B0
1F A8 1F 90 1F E0 1F 90 1F B0 1F A0 1F E8 1E 90
1F C8 1F D8 1F F8 1F F8 D7 59 79 71 19 49 79 91
1F B8 1F B8 1E 70 1F F0 1F A0 1F E8 1F B0 1F E0
1E 98 1F F8 1D 88 3B 89 5F D1 3F D1 9F C1 19 49
FB 60 77 41 BD 91 3F 78 1F B9 3F 80 DF B0 5F 88
9F 98 1E 68 1F C9 9F 50 1F A1 1E 70 1F C1 3F D1
3F D1 1D 89 F6 39 78 7A 58 41 94 8B 1A 8A B6 B2
1E 80 DF D0 1E 78 BF 80 5F 70 5F A0 5F 60 DF 80
7F 98 FF D0 FF D8 BF D0 3B 79 39 49 BB 91 3D 60
9F B8 3F 88 BF D0 1F 58 3F 80 1F 90 3F 98 3F 98
9F C8 7F B0 FF B8 BC 80 1A B1 1F A0 1F D8 FB 90
D7 51 5A 91 DA 48 5C 48 1F A0 1F C8 1F 90 1F 90
1E 70 1E 78 1E 50 1D 50 1E 80 1D 58 DF A8 3F D1
FB B0 1E A8 1E 88 3D 50 19 49 D6 52 FE 81 DB 91
9C 68 FF 70 3F 91 BF 80 FF 88 5F A1 3F 79 9F A9
FF 90 DD 89 FF 89 DF 41 DF B9 39 62 19 5A FC 70
F8 41 DA 89 D7 73 F8 71 3F 29 DF 80 1F 59 9F 30
7F 49 7E 58 5F 41 DF 98 9F 59 DF 09 BF 61 1F 82
B8 41 39 4A 56 32 5A 62 DF 78 54 BA 3C 90 1F 88
1F 90 1F D0 1F 98 1E 80 1F 98 1E 98 1E 70 1E 60
1F A8 1F 88 1E 78 1C 50 1E 68 1E 58 1E 70 1E 70
1D 50 1E 58 1E 58 1E 58 1E 50 1E 60 1E 80 1D 50
1D 48 1F 98 1E 80 1D 48 1F 98 1E 78 1E 58 1F 90
5C 50 1E 88 1E 68 1F 88 1E 68 1F A8 1E 50 1F C8
1F 98 1F E0 1F B0 1F D8 1E 90 1F F0 1F F0 1F C8
5F D0 F9 50 F8 91 39 41 DC C0 1F A0 3E C0 1E 98
1F E0 1E 78 1F B8 1F B0 1F D8 1E 80 1F A8 1E B8
1F F8 1F F8 1F F8 FB A8 78 41 D8 89 D7 59 1F 90
1F A0 1F 88 1F A8 1F C8 1F B0 1F D0 1F B0 1F B8
1F 90 1F A0 1F C0 DC B0 BC B0 1F F8 57 C1 E1 EB
B6 51 3A 69 1F C8 1F D0 1F C0 1F C0 1F A0 1F C0
1F C0 1F A8 1F A0 1F B8 3F A0 1F E0 1F F1 3F E9
FF F8 19 81 9D 38 B9 60 98 7C FE AB 1E 48 1E 58
1D 50 BE 79 FF EF BE EF DF F7 FF FF B0 CD EE 92
B1 92 90 8A 31 AC 0F AE AD 83 2D 9E 8D 93 B1 CB
D2 B3 32 B4 D2 B2 52 BC B2 A2 F2 CA 92 C2 73 DA
73 CA CD B3 EC DB 93 EA B2 DA 93 F2 2F B3 8E 8B
A5 FB 25 D4 B3 C2 92 C2 92 D2 92 BA 92 B2 92 D2
92 CA 92 B2 73 9A 73 AA 4B D4 8E CB 93 E2 92 F2
93 E2 4F 93 8E 9B 8E A3 4F B3 92 C2 92 D2 92 C2
92 C2 91 B2 92 E2 91 B2 92 CA 53 C2 93 E2 4B CC
4F DB 93 DA 92 F2 B2 F2 CD 93 8E A3 4E 8B 8E B3
92 C2 92 CA 91 A2 92 EA 92 BA 92 E2 B2 C2 93 EA
53 B2 D1 EA A9 C4 2D B4 B3 CB B3 CB F1 C3 6E 8B
4F 93 8D 83 F0 AB F2 A2 92 CB F1 A2 72 C3 11 9B
32 A3 D1 9A 93 CB D3 82 D1 B3 8A BC B2 CB 92 CB
92 D3 51 AB CC 7B 2E A4 8D 83 B0 B3 F3 BA 71 BB
F1 A2 92 D3 D1 A2 72 AB 12 9B F2 B2 D3 92 4F AC
CB B4 93 C3 92 D3 72 CB 8F A3 6E 83 EF AB D0 92
52 C3 11 AB 72 CB F1 8A 50 83 11 A3 32 AB 51 AB
93 B3 71 AB AA B5 2A A5 8E 8C 91 9B 12 AC 2F 94
2D 84 CF 8C 6F 8B 70 8B 92 93 92 9C 91 93 91 93
F1 92 31 93 D1 8A 71 8A 12 8B EB AB 0D 9E 92 76
50 8D B0 93 EF 8A 11 93 10 8B 6E 84 52 94 13 94
12 93 32 8C 72 94 D1 93 32 94 92 94 53 84 B3 8C
0B B5 AB A5 72 8D 72 7D D0 95 8E 84 6E 84 D0 8B
2E 7C 52 8C 53 94 93 8B B2 74 F2 93 92 7C B1 83
F2 84 72 7B B2 6C 0B BD 50 8D 73 65 73 7D 92 9D
ED 7B 8E 7C 4D 7C EE 84 12 94 11 8D F1 8B D1 8C
F0 93 70 95 EF 93 F0 9A 92 A2 0F 9B 6A BC F0 92
D2 AA D1 AA B1 A2 91 8A B1 9A 91 92 B1 9A B1 9A
91 8A 91 92 91 92 91 92 91 8A B1 92 B1 A2 52 82
0F 93 6B CC D1 A2 91 8A D1 B2 B1 A2 B1 92 D2 AA
F0 8A F1 AA B1 9A D1 AA B1 9A D2 BA 91 92 F2 CA
D1 B2 13 D3 93 B2 AF DB 2C CC 13 DB 32 DB 33 BB
32 CB 4E 8B CE AB 6E 83 EB C3 92 C2 0F DB EF B2
92 E2 91 AA 92 D2 92 CA 53 DA 53 A2 AD CB 0C E4
93 F2 B2 EA 93 F2 4F C3 8D 83 CD AB CD 8B D1 BA
92 BA 92 C2 92 C2 92 D2 92 C2 92 D2 92 C2 72 C2
53 AA CD CB 8E DB 30 D3 30 D3 B3 EA 4D D3 00 F4
8C 8B 6E 9B B1 D2 92 D2 92 CA 92 CA 92 9A 92 C2
92 C2 92 DA 93 C2 72 C2 2B CC 8E DB 53 F2 52 CA
53 EA 6E AB F0 92 2E 9B 4E A5 11 C5 91 8A B1 92
B0 8A 0A C5 FB FF FF FF FF F7 FF F7 53 C5 CC A3
53 8A 32 82 13 B4 10 BE 0F 7B 8F A4 4F 8B 53 CA
13 BA 14 C2 33 AA F3 C1 B3 9A 94 C3 34 BA 8F E3
6F DB 73 A2 73 CA 34 EA 54 DA 34 F2 F1 AA 50 83
85 FB 06 CC 54 C2 33 BA 34 D2 34 BA 54 B2 54 CA
34 CA 34 D2 AE C3 30 B3 73 C2 73 BA 34 EA 34 F2
54 DA 10 8B 4F 93 4F 9B 10 AB 34 BA 54 CA 33 C2
34 BA 53 AA 54 E2 33 B2 34 DA ED D3 F2 EA 73 AA
53 E2 34 F2 34 F2 54 F2 8E 8B 4F 9B 0F 83 50 AB
34 C2 54 CA 33 9A 34 EA 53 BA 34 E2 34 BA 54 D2
0C CC 93 EA 73 C2 15 FA F4 F9 F4 F9 53 F2 10 83
D1 92 4E 7B B2 D2 33 AA 14 E2 33 AA 14 E2 33 B2
13 BA 13 8A 73 FA EC A3 B3 BA 92 A2 74 DA 74 EA
94 E2 8F 93 AD 73 EF A3 4E 7B B1 B3 D4 9A 90 B3
B2 AA 34 D3 73 9A 14 AB 94 92 11 BB ED C3 14 B3
F2 A2 34 CB 34 D3 14 CB 51 9B 2F 7B 90 A3 92 8A
F4 C2 B3 A2 14 D3 30 83 CC 64 13 93 73 9B 54 93
D0 AC AE C4 B4 AB 53 7C 55 7D 33 7C 54 75 D1 74
0D 74 CE 74 50 7B 71 7B D3 7B 54 75 B3 7B B3 7B
F2 82 33 83 53 82 AD A3 6F 94 72 8A 53 7D 35 76
14 75 54 7C 93 82 B2 82 D1 82 CF 6C 34 75 D3 74
13 83 B3 7C 14 75 33 7C 94 74 34 6D AD 9D 10 86
B3 6C 94 75 74 66 94 56 10 6F EF 74 6E 74 90 7B
6F 6C 13 6D 94 75 33 7C 54 6D 53 7C 34 6D D4 73
B4 6D EC A4 12 6E B3 7C 34 5E 94 4E 74 5E 94 6E
CF 73 EF 6C 4E 6C 70 6D 74 7C D4 65 54 74 F2 75
52 7C 0F 86 CF 8B B0 92 2B BC 10 A3 92 9A 52 82
93 AA 73 A2 53 9A 32 8A 52 8A 52 82 33 9A 33 9A
32 82 32 8A 32 8A 52 8A 52 82 33 8A D0 B2 0C AC
71 82 72 B2 53 AA 32 7A 13 BA 33 A2 32 8A 33 B2
91 82 72 AA 32 92 33 AA 32 92 53 C2 52 8A 54 DA
34 BA B2 F2 ED DB 33 E2 52 BA 15 FA 14 FA F4 C9
34 E2 F0 8A 4F B3 2F 7B 34 A2 EE BA 09 CC 13 BA
35 E2 53 A2 34 D2 34 C2 6F E3 AD BB 73 BA 73 D2
34 F2 54 EA 54 F2 11 BB 4E 7B 8F AB 8E 83 73 C2
33 B2 34 D2 34 CA 34 CA 53 C2 34 D2 34 BA 6F D3
8E D3 73 C2 73 C2 15 FA 35 F2 54 F2 0E D3 00 EC
6E 83 30 93 73 D2 34 D2 34 CA 34 CA 54 AA 53 92
34 9A 14 D4 ED D4 30 CB F3 B2 D3 D2 54 F2 54 D2
54 EA 30 9B 12 AB 2F A3 2F 95 F2 BC 32 82 53 8A
6D A3 0E BD FE DF FF FF FF FF FF FF 15 C5 AC A3
53 8A 32 82 F3 AB 10 B6 EF 7A 6F AB 4F 8B 73 CA
33 BA 34 BA 33 B2 34 CA F4 C1 53 D2 73 C2 10 E3
4F DB 34 BA 34 CA 34 CA 34 D2 34 F2 F1 AA 50 83
85 FB 06 CC 54 C2 33 C2 34 D2 34 BA 14 AA 14 A2
92 D2 73 CA 8F D3 11 CB 34 CA 34 E2 34 DA 34 F2
34 E2 10 8B 2F 93 4F 9B 10 AB 34 BA 34 CA 33 C2
34 BA 14 AA 34 E2 92 B2 53 CA AE D3 D2 EA 34 AA
34 E2 34 F2 34 F2 54 F2 8E 8B 4F 9B 10 83 50 AB
34 C2 34 CA 33 9A 34 EA 14 B2 34 CA 92 BA 73 C2
CD CB 73 EA 34 BA 54 EA 54 F2 54 F2 93 E2 10 83
D1 92 4E 7B D2 CA 33 A2 54 C2 33 AA 34 D2 14 B2
53 CA B1 A2 B3 EA 0C B4 4C C4 72 8A B3 BB B5 C3
95 C3 F3 B3 AE 7B 2F 94 4F 7B 11 A4 14 9B 75 AB
D3 9A B5 BB 73 92 B4 AB 52 93 51 B3 EE AB 94 A3
F4 AA D4 8B D4 9B 94 AB 71 93 2F 7B F0 9B 92 8A
54 B3 F3 9A B4 BB B3 82 75 8B 94 9A 32 AB 33 AB
A9 D4 4D AD B3 84 B3 83 72 7D 13 7C 14 7D D1 74
8E 73 0F 7C 70 7B 52 83 B4 83 14 7D 94 83 74 83
93 82 52 8B B2 8A 6E A3 2F 9C 33 82 D4 84 F4 85
F4 84 F3 83 B3 82 32 8A 32 8A 0E 65 71 5D 94 65
53 7B 53 65 B4 5D 94 64 72 6D 33 5E 6E 86 10 6F
14 65 54 56 94 47 74 4F 95 47 30 65 EF 64 90 6C
8F 6C B3 5D 54 56 93 6C 34 5E D4 64 D4 5D 92 74
B3 5E 2D 9D D2 66 D4 64 14 57 94 4F 94 4F 94 47
EF 73 4F 65 6E 6C F0 5D F4 64 F4 4E F3 64 95 4E
54 6C D5 75 52 84 B2 83 ED 9C 91 8B F3 82 32 8A
F3 7B 93 83 13 83 32 8A B3 82 52 8A D3 82 D3 82
32 8A 32 8A 32 8A 13 82 32 8A F1 8A D1 8B CC AB
52 82 54 A3 B3 92 33 9B 94 9C 34 B4 93 A3 14 BC
F3 AB 52 A4 33 B4 34 BC 14 B4 34 BC 14 9B 14 9D
93 B4 92 B4 ED AC F4 AB 14 9B 4E 94 30 9C 54 9C
F3 AB 30 83 4F 94 2F 7B F3 93 72 9B 51 A4 8F 9B
AC D3 15 A2 92 D2 92 C2 50 E3 8E BB 34 BA 34 D2
34 F2 35 EA F5 F1 D1 C2 4F 7B 8F AB 8E 83 73 CA
34 BA 34 CA 34 CA 34 CA 14 BA 93 DA 73 C2 50 CB
6F DB 34 C2 34 C2 34 F2 54 F2 34 F2 0F CB 00 F4
4E 8B 30 93 73 AA 34 DA 34 B2 34 CA 14 D2 34 AA
72 B2 53 D4 4E CD D0 C3 F4 B2 94 BD 74 E2 34 F2
B4 F2 10 94 52 8C 2F 95 EF 84 33 A5 32 82 53 8A
6D A3 B1 B4 FF E7 FF FF FF FF FF FF 77 AC CB A3
2C B4 91 82 31 AC EE B5 2E 83 CE AB 8E 93 92 D2
B2 B3 12 BC 12 B3 B1 CB 10 C4 AE DB EE D3 93 C4
53 CA 92 A2 92 CA 93 CA 93 D2 93 EA 2F B3 8F 8B
A5 FB 25 CC B3 C2 92 B2 92 D2 92 B2 30 BB 11 AB
ED D3 AE E3 53 C2 53 B2 92 C2 73 BA 93 EA 93 EA
93 F2 4F A3 6E 9B 8E A3 4F AB 92 C2 92 D2 92 C2
92 CA 30 C3 F1 DA 2C CC 30 DB 53 BA 73 E2 91 B2
92 E2 93 F2 93 EA 93 F2 CD 93 8E A3 4E 8B 8E B3
92 C2 92 CA 91 A2 B2 EA 4F C3 F1 CA 4B CC 30 D3
53 B2 93 E2 92 C2 93 EA 93 F2 73 F2 D2 E2 4E 8B
0F 9B 8D 7B 10 D3 92 A2 92 C2 91 B2 B2 DA 2F BB
30 D3 4B BC B2 EA 53 B2 53 EA 91 9A B0 EA 4D F3
6D CC F2 BB EC 83 4E 9C 8D 83 F0 AB 71 AB 10 BC
F2 A2 F2 C3 6F AB D1 B3 2B C4 11 B3 F3 92 B2 AB
32 93 D3 AB D3 BB B3 B3 AF 9B 6E 83 0F 9C D0 92
92 BB F2 AA 73 C3 F2 8A B1 A3 8F AB AE C3 0C D4
72 BB 93 A3 D1 B3 31 A3 F2 AB 72 A3 F3 AB 0F 94
CD 83 EF 8B 4F 8B 30 93 F0 92 8F 9B 90 93 ED A3
8F 93 8C A4 EC AB 52 8A 52 8B 91 92 D2 8C D3 8D
2D 7C 70 7C 31 8B 91 92 B0 8A AD 74 11 84 CF 74
EF 8A F2 7C D0 7D D0 84 AC A5 2E 8E 13 6D 13 66
D2 7C F2 75 53 5F 33 5F 53 5F 2E 6D 0E 75 AF 74
AE 74 B2 6D 32 66 B2 74 F2 65 4F 85 F1 6D 6C 9D
F0 76 F3 73 53 66 F2 74 D3 5E 53 57 53 57 73 57
2D 7C 4E 6D 8D 74 EE 65 F1 74 F2 6D 92 7C 30 76
CF 8C 70 7E 6B A5 0F 94 52 7B 72 83 51 8B 91 92
52 7C F1 83 71 83 91 8A 11 8B 91 8A 11 8B F1 8A
91 92 91 8A B0 92 4E 9B D0 92 6B B4 51 9B 52 8A
91 8A 51 9B D3 BC 52 A3 52 B4 72 BC 92 BC 73 C4
92 BC 93 C4 D3 BC B3 C4 73 BC 72 CC 90 B4 F0 CC
EC D4 93 E2 53 C2 92 DA 92 BA 92 D2 D2 D2 D3 DA
D3 D2 4F 8B CE AB 4E 83 51 CB D3 BA D3 CA D1 B2
30 E3 30 B3 6E DB 2C D4 53 DA 52 AA 92 C2 92 D2
93 F2 D0 EA CE DB 0E B4 8D 83 AE AB AD 8B D2 C2
92 BA 92 D2 92 CA F1 D2 30 C3 AE DB CD D3 53 BA
53 CA 92 CA 92 C2 93 F2 93 D2 93 EA 4D CB 00 FC
8D A3 6F 93 B2 CA 92 DA 92 AA 92 C2 30 CB 11 D3
ED D3 EE E3 93 C2 72 C2 D2 BA F2 D2 F3 E3 13 D4
F3 E3 8E AB 50 73 6E 83 4E AD 11 BD 91 82 8E A3
89 B4 B4 A3 FF E7 FF F7 FF FF FF EF B6 AC 0D 9B
6B B4 D0 8A 50 B4 CC BD 6D 8B 0D AC AD 93 D1 D2
D1 B3 31 C5 F1 BA 4E DC 8C CD B2 C3 F1 C2 B1 C5
D1 D2 D1 AA D1 CA D2 E2 D1 E2 D2 E2 4E B3 CE 8B
A5 FB 45 D4 D2 CA D1 B2 B1 CA B2 C2 2C D4 CD D3
B2 BA D1 B2 D1 CA 2E C3 F0 C2 2F BB D1 F2 D2 EA
D2 EA 6E A3 AD 9B AD A3 8E B3 D1 C2 D1 D2 B1 C2
B1 C2 2C CC AE E3 B1 B2 D1 CA D1 C2 D1 E2 D0 B2
D1 E2 D2 EA D2 EA D2 EA EC 93 AD A3 8D 8B AD B3
D1 CA D1 CA 91 A2 D1 E2 6A D4 2F E3 B1 BA D1 D2
D0 BA B1 E2 D1 C2 D2 EA F1 E2 30 DB 11 E3 6E 8B
4E 9B AC 83 4F CB D1 B2 B2 E2 91 B2 D1 DA 4A D4
10 CB B1 A2 D1 E2 D1 C2 D1 EA D0 9A D2 E2 F1 EA
10 EB 30 DB EC 83 CD B3 AC 8B 6F C3 10 C3 4F DB
B2 B2 50 EB 6A C4 10 B3 D1 B2 D1 BA D0 B2 D1 DA
D1 9A D2 D2 D2 E2 D2 E2 6E AB 8D 8B 8E A3 0F 93
0E DB 6F AB 11 BC 12 93 4F AC 8A BC 51 AB 31 B3
91 C3 51 BB 71 C3 31 AB 71 C3 31 B3 52 C3 CE AB
EC 83 EC 9B 8E 8B 8F 93 10 9B B1 A3 AF 93 8B AC
4A AC 2F 93 10 8B D0 92 90 93 D0 92 F1 94 10 96
8E 84 D0 7C 30 8B B0 92 AF 8A CC 7C 71 84 0E 7C
AF 92 F2 7C 4C 96 6C 9D B1 7C 91 7D 51 7D F1 75
D1 84 D0 7D 51 5F 32 5F 52 5F 4D 75 0D 75 CE 7C
CD 7C B1 75 31 6E B1 7C F2 6D EB 9D 6E 7E 51 7C
90 66 70 84 71 6E 11 7D D1 66 52 5F 30 6F D0 76
2D 84 2D 7D 8C 7C 8E 75 B1 8C 91 7D 71 84 90 8D
2A B5 EF 9D 31 8C D0 93 B0 93 90 93 70 93 D0 92
31 8C F0 8B 70 93 D0 92 30 93 D0 92 10 93 F0 92
D0 92 B1 8A 0F 9B 6A B4 0F 9B D0 92 30 9B D0 92
D0 92 91 9B F1 A3 D0 92 31 9C 11 A4 30 9B 51 9C
B0 9B 10 9C D1 A3 31 A4 71 9B 0F AC EA BC 51 A5
32 A4 92 AC F1 A3 71 A4 CF 9B 4E B4 52 CB 91 D3
0C CC 6D 93 AD B3 8D 8B 10 D3 B1 C2 B1 DA 92 BA
8E EB 4B C4 B1 D2 B1 C2 D1 DA D0 AA D1 C2 D1 D2
D2 EA 0F EB 2E D4 4E AC AC 8B ED AB EC 93 F0 CA
D1 BA B2 D2 B2 C2 AE DB 4B D4 B1 D2 B1 C2 D1 C2
D1 CA D1 C2 D1 C2 D2 EA D1 E2 D2 EA 6D D3 00 FC
AC AB 8E 9B F1 D2 D1 DA B1 B2 B2 C2 2C DC ED DB
B1 C2 B1 DA B1 CA B1 CA B1 B2 71 BA 92 DA D2 CA
D2 EA 8D AB 0F 8B 2D 8B 6D AD 10 C5 B0 8A EC AB
EB AB F4 AB FF FF FF FF FF F7 FF FF 97 B4 51 82
ED AB 0F 93 F2 AB 0F BE 2E 83 CE AB 8E 93 92 D2
D3 B2 8F D4 ED CB B3 BA 52 BB 52 CB 72 C2 13 CC
92 D2 92 BA 72 C2 73 F2 93 EA 73 EA 10 B3 8F 8B
A5 FB 25 CC 93 CA 53 9A AE CB ED E3 73 CA 73 CA
72 BA 73 9A 72 CA 8D C3 31 B3 6D D3 92 F2 73 EA
F0 F2 6D 9B 8D 93 CC A3 30 B3 72 BA 73 CA 0C D4
4F D3 73 A2 73 BA 72 B2 73 C2 72 C2 73 E2 72 AA
73 E2 73 F2 73 F2 93 F2 AD 8B 6E 9B 4E 83 6E B3
73 C2 72 CA 6B C4 50 EB 53 BA D3 DA D2 C2 73 EA
92 B2 B3 E2 72 C2 73 E2 D2 D2 4F B3 D2 EA 4F 8B
10 9B 8D 7B 10 CB 72 AA 50 C3 8B C4 11 DB 93 B2
92 C2 91 9A 73 E2 72 BA 73 EA 71 9A 73 E2 73 F2
74 F2 D2 E2 CD 83 8E B3 8D 83 30 C3 54 C2 D2 E2
4B CC D2 EA 91 9A EF CA 73 C2 72 BA 72 B2 73 EA
72 AA 73 DA 93 E2 73 EA 10 AB 4E 8B 50 9B B0 92
73 DA F0 9A AA BC 8C BC B3 AB F2 A2 92 AB F2 9B
93 9C 32 9C 73 9C 92 93 73 9C B2 93 73 9C 70 8C
CD 7B 6B 84 8F 83 B1 83 F3 8A 2F 95 2C AD 92 8B
D1 8A 11 8B D1 82 71 8A 52 8B 71 8A D3 8C 4E 8E
90 9C 32 84 92 8B F2 9A 31 9B 0E 7D B2 84 B3 8B
EC B3 6E 96 D3 84 D2 7C 72 75 33 6E D2 65 B3 5E
32 6D 53 5E 73 57 53 57 73 57 2E 6D EE 6C AF 74
AE 74 B2 65 13 5E AD 95 8E 86 B3 6C D2 65 72 74
2F 6D F1 7B 73 5E F2 74 D3 5E 73 57 32 5F F1 6E
0E 7C 0E 75 8D 7C 2F 75 53 84 93 75 8B A5 F0 8D
F3 83 D3 7D 32 84 92 8B 72 8B 51 8B 32 8B 71 8A
D1 8B 92 8B 32 8B 71 8A D1 8A 91 8A D1 8A 72 8A
91 8A 2B B4 0F 9B 72 8A 71 8A D1 8A 52 8B 71 8A
71 8A 11 8C 71 8B 71 8A 52 9B D2 92 71 8A 12 9B
B0 82 31 9B 72 8A 70 A3 4A B4 D0 92 51 8A 31 94
70 9B D0 9C B2 9B 13 AC 91 9B 4F AC F0 B3 13 C4
8D B4 2F 8B 8E B3 6E 83 D1 D2 53 BA F1 DA 4B CC
93 E2 72 A2 72 D2 72 C2 73 DA 72 AA 72 C2 73 D2
73 F2 73 EA 34 F2 10 C3 8E 83 AE AB AD 8B B2 CA
53 BA 6F DB 0C C4 73 BA 72 C2 73 D2 72 C2 72 C2
72 CA 72 B2 72 C2 73 F2 93 E2 73 F2 4E CB 00 FC
8D A3 6F 93 92 CA 53 D2 8E CB ED CB 73 C2 72 B2
72 B2 73 DA D2 C2 F2 C2 72 AA 73 A3 73 DB 93 C2
93 EA 4F A3 91 A3 AE 93 2E A5 F2 BC B0 8A 4B B4
B0 8A B5 A3 FF FF FF F7 FF FF FF FF 97 BC 72 82
EC AB 4A B4 F2 AB 0F BE 2E 83 8E AB 2F 8B CF DB
4B D4 71 C2 10 B3 73 B2 71 BA 2D CB D3 9B B3 AB
2D B4 6D BB 73 C2 93 F2 93 EA 73 EA 10 B3 8F 8B
A5 FB E6 CB 0E DC 0C AC F1 B2 10 DB 73 CA 72 C2
73 BA 73 A2 92 CA 54 CA 73 BA 54 C2 73 F2 93 EA
B2 F2 4F 9B 8E 9B 6E 9B F0 A2 ED D3 ED DB 10 C3
F1 DA 72 AA 93 B2 72 B2 73 C2 72 C2 73 E2 72 AA
73 E2 93 F2 73 EA B3 EA AE 93 AE 9B 50 8B B0 AB
8B DC AE D3 70 C4 72 E3 12 BB 33 C4 33 C4 B3 D3
13 B4 F3 CB 32 C3 53 DB 33 DB B4 CB F2 D3 31 AC
F1 AB 90 83 11 CB 4B C4 8C B4 50 B4 92 AC F3 AB
F2 BB D2 B3 B3 E2 B2 C2 93 EA 71 9A 93 E2 93 F2
73 F2 D2 E2 CD 83 8E B3 2F 7B 8F C3 AA DC 11 E3
4F BB B2 EA 72 A2 73 D2 92 BA 92 B2 72 B2 73 EA
92 AA 73 DA 53 D3 D3 E2 91 AB B0 93 11 AC 93 92
71 D3 8B C4 88 BC EE BC B2 B4 B2 9B 73 BC F3 A4
F2 8C B2 8C D3 8C D2 8B F3 8C F2 8B D3 8C B0 84
CD 7B 0F 7C 11 7B 8D A4 CB AC 51 94 0F A4 72 8B
F1 8A 32 8B D1 8A 71 8A B2 83 91 8A B1 65 2F 5E
53 95 72 AB B2 A3 F2 AB 52 9B 6F 84 2E C5 CB C4
D0 AB 11 A6 33 AC B2 84 B3 9D 73 86 92 65 93 5E
12 6D 33 66 73 57 53 57 73 57 2E 6D 0E 75 90 6C
6F 6C 6C 96 AE 86 F0 7C 51 76 D2 74 D2 65 92 74
B3 74 F2 7B 73 5E F2 74 D3 5E 53 57 53 57 73 4F
0E 7C 4E 6D 6E 6C D0 5D 2C 9E 0E 7F 30 7D B1 66
B2 74 13 57 D2 74 12 7C D2 7B 92 83 72 83 71 92
10 7C 11 7C 72 83 71 8A F1 82 52 82 11 8B AA B4
0F 9B 2F 9B B0 92 71 8A 71 8A D1 8A 72 83 71 8A
71 8A 11 8C 90 8B 71 8A 72 BA 72 A2 91 92 52 B2
71 82 F0 AA 8A BC F1 BA 4F A3 B1 9A 91 8A 8E 8B
4C BB CD DA 53 BA 33 EA 52 BA 33 E2 72 E2 33 FA
53 E2 2F 8B 8E B3 F0 7A 8F DB 8B D4 D2 DA 2F C3
93 E2 72 A2 72 D2 72 C2 73 DA 72 AA 72 C2 72 D2
73 F2 93 EA 93 F2 30 BB 8E 83 AE AB 4F 83 8E CB
0C D4 D1 D2 30 BB 73 BA 72 C2 73 D2 72 C2 72 C2
72 CA 72 B2 72 C2 73 F2 93 D2 93 F2 4E CB 00 FC
6D 9B F0 82 0C CC 0D E4 F1 B2 10 D3 73 CA 72 A2
72 A2 73 E2 12 C3 52 B4 D2 B2 93 C5 F3 E5 13 C3
73 EA 2F AB F0 8B EF 93 EE 9C F2 B4 AC A3 AA BC
91 8A B4 A3 FF FF FF EF FF FF FF FF 77 B4 52 82
92 8A 0B AC EF BC 31 AE EF 7A ED BB 0A AD 92 C4
D0 BB B4 BC 53 B2 93 CA 53 BB 54 D2 13 B4 B3 BD
54 D2 53 C2 53 C2 54 F2 54 EA 54 F2 10 AB 70 83
85 FB 45 DC F2 CA D1 C2 34 C2 34 D2 53 CA 53 9A
53 BA 54 A2 34 CA 53 C2 53 AA 53 92 34 EA 34 EA
34 D2 10 A3 2F 93 2C BC CD C3 B2 C2 D1 DA 34 C2
33 CA 53 BA 53 E2 53 B2 53 CA 53 C2 54 BA 53 B2
54 E2 34 F2 34 F2 54 F2 13 BC D4 BB EF CC 10 D5
11 CD D2 C4 94 BC F4 BC 14 BD B4 C4 D4 BC 14 BD
F4 C4 F4 BC D4 BC F5 BC 55 CC B4 C4 54 CC D4 C4
F4 BC 6D CD 32 C5 B1 B4 F3 CB 75 BC F4 CB 34 C4
14 CC F3 B3 14 DB 34 CC 74 EA 52 92 34 E2 34 F2
34 F2 92 E2 AD 7B 8E B3 AA A4 4F CB F1 CA 54 E2
33 AA 54 F2 52 A2 54 E2 F0 A2 2B 6C 72 B2 54 EA
53 AA 54 DA 74 E2 94 CC B0 AB 31 9C 11 D4 8C B4
12 C4 10 B4 F5 DA 72 B4 B1 AC B3 A3 53 BC F3 A3
B1 9C B3 84 D3 8C F3 83 13 85 F3 83 F4 84 D0 7C
8E 73 8D 8C 8B 9C D0 83 70 9B 13 84 B4 83 B2 8A
D1 8A 51 8B D2 82 52 8A 92 7B 52 8A 93 65 73 5E
73 74 13 94 F2 7A D3 92 2F B4 AB 8D 92 94 31 94
52 8A 34 8D 13 7D 53 8C D3 9C 34 6E 93 65 93 5E
13 6D 33 5E 74 4F 54 57 74 4F 2F 6D CF 64 8C 85
6C 85 D1 6D 72 6E 73 6C 14 5E D3 6C D3 65 73 74
D3 6C F2 7B 73 5E F3 6C D3 56 54 4F 54 57 73 57
EE 73 0F 65 6A 95 4D 76 31 7D D2 66 B4 6C 54 5E
93 74 D4 56 93 74 F2 7B B2 7B 52 83 52 83 52 8A
B3 7B F3 7B 52 83 52 8A F2 8A 0C AC 50 8B 10 93
91 8A 33 82 52 8A 52 8A 52 8A B2 8A 32 83 52 8A
52 8A D3 8B 53 8B 52 8A 33 7C 52 83 72 82 31 84
2B AC D0 9B 30 9B 31 9B 53 8A 92 92 53 82 AD AB
B1 BA 54 D2 72 B2 74 DA 73 B2 73 D2 74 DA 74 EA
93 DA F0 82 CE C3 8A A4 11 CB F1 CA 53 DA 33 B2
54 E2 52 A2 53 D2 53 C2 53 DA 52 AA 53 BA 53 D2
54 F2 54 EA 54 F2 10 C3 4F 7B ED BB AA AC D2 C2
D1 C2 34 D2 34 B2 53 BA 53 C2 53 DA 53 7A 53 A2
53 CA 53 AA 53 C2 54 F2 54 DA 54 F2 2E CB E1 EB
4A A4 2C AC F1 BA D1 DA 34 B2 34 AA 53 C2 53 C2
53 B2 93 DA 53 C3 73 B4 93 A3 F3 B4 34 DD F4 CA
F4 EA 2F A3 D2 8B EC AC CB BD 52 BD 2A AC D1 92
52 82 B5 A3 FF FF FF EF FF FF FF EF 38 A4 D3 79
F4 81 AC A3 4F B5 33 A6 EF 7A 8E BC 8A B4 75 D1
D5 AA 75 D4 75 B2 F5 C1 F5 B3 15 CA D5 B9 15 BD
F5 D1 F5 B9 F5 C1 F6 F1 F6 F1 F6 F1 4E A3 50 83
66 FB 65 DC F6 C1 D5 B9 F5 B9 F5 D1 F5 C9 F5 C9
F6 B1 53 92 91 C2 36 CA 35 AA 35 8A 56 E2 56 DA
56 C2 11 9B 11 8B 6C BC 0D C4 16 B2 35 C2 35 BA
35 C2 15 AA 36 D2 15 A2 35 BA 15 BA 56 D2 15 A2
36 DA 56 EA 56 E2 56 D2 AF 83 31 9B 4B A4 2D C4
16 BA 55 C2 34 92 76 DA 35 B2 76 DA 55 B2 76 BA
35 AA 76 DA 36 B2 10 E3 8C C4 76 A3 B0 AC B0 8B
12 9B 89 A4 11 B4 55 92 95 C2 55 B3 B6 CA B5 AA
55 B3 54 92 56 CB 15 B3 56 DA F4 89 B3 DA 94 E2
56 E2 B4 DA 8E 73 70 B3 E9 A4 12 C3 34 BA 93 DA
15 AA 36 EA F4 91 36 B2 15 BA 35 D2 14 AA 36 E2
F5 A1 36 D2 36 DA 36 BA D2 A2 10 7B 90 BB 4B BC
75 DA 35 9A 35 C2 35 AA 56 D2 34 A2 55 BA 75 B2
96 CA 75 BA 76 CA 13 9B 55 B3 31 9B 54 B3 B2 9B
6E 73 2D 9C AB A4 74 8A D2 82 F2 8B 73 8B 93 82
54 82 B4 82 34 82 F4 81 53 7B F3 81 36 56 53 64
12 73 F5 72 33 7B F4 81 0F A3 49 95 92 72 35 73
F3 89 75 55 95 55 75 64 15 5D F5 55 B5 55 96 4E
F5 64 35 56 15 4F 56 5E 96 5E B0 6C 8F 6C 8B 8D
6C 8D B6 64 76 6D F5 73 55 6D 35 74 53 65 D4 6B
15 74 54 73 96 65 54 6C 93 66 B7 66 76 66 95 5E
CF 73 0F 6D 89 9D 0E 86 16 6C B5 4E B5 64 95 4E
75 64 16 47 B5 64 F4 72 93 7A 55 73 F4 72 F4 89
93 73 B3 6B 14 73 33 82 D3 82 4B B4 12 8B D5 79
F4 81 F4 81 F4 81 F4 81 F4 81 54 7A 34 73 F4 81
F4 81 F2 7B 73 7B F4 81 55 8B B4 82 33 82 93 93
6B AC B0 9B 34 82 B1 A2 13 8A 14 8A F3 79 B5 B9
D5 C1 D5 D9 D5 B1 D6 E1 D5 B1 D5 D9 D5 D9 D6 F9
15 E2 D1 82 8F C3 C9 AC 35 D2 D6 C1 F5 E1 F4 B1
F6 E1 F4 99 F5 D1 F5 C1 F6 D9 F4 A1 F5 B9 F5 D1
F6 F1 F6 F1 F6 F1 D2 9A 2F 73 CE BB E9 B4 15 BA
D5 B1 F5 E1 F5 A9 F5 B9 F5 C1 F5 D1 F5 A1 F5 B1
F5 C9 F5 C1 F5 B1 F6 F1 F6 D9 F6 F1 EF CA E1 FB
4B C4 6C AC F5 B1 D6 E1 F5 A9 F5 A9 F5 A9 F5 B9
F5 B1 F5 D9 F5 C1 F5 C1 F5 A1 96 99 B6 E1 16 C2
36 EA 30 9B 73 AA CD C3 2C BE 52 C5 0B AC 34 82
F4 79 56 9B FF FF FF FF FF F7 FF FF 97 B4 51 82
72 8A B0 92 4B C5 6D C6 A9 AC 8F A3 AF 83 32 C4
F3 BA 93 C2 93 B2 73 CA D3 BA 73 D2 D3 BB 53 C5
73 D2 73 C2 73 C2 74 F2 73 EA 54 F2 0C CC CA B4
66 FB 06 CC 74 C2 72 C2 73 D2 73 BA 73 BA 73 B2
53 C2 B2 CA D1 C2 D3 CA B3 B2 D3 9A F4 E2 F3 D2
F4 BA 4C BC AA AC 50 93 50 A3 B3 A2 D3 C2 B3 BA
B3 BA 92 9A D3 D2 92 AA D3 C2 B3 BA D3 D2 92 AA
D3 C2 F4 D2 F4 D2 F4 DA E9 B4 6B B4 F0 7A 8F A3
B3 BA B3 C2 72 9A D3 DA 93 B2 D3 D2 B3 BA D3 D2
92 AA D3 DA B3 B2 11 E3 92 CB 33 B3 F2 CB E9 B4
AD 9B 2F 7B 10 AB 52 92 11 B3 72 A2 B3 CA 92 AA
93 BA 72 9A D3 DA 92 B2 F3 DA 72 92 12 D3 12 E3
F4 E2 52 DB 27 AD 0C 9D 2F 73 71 9C B2 A3 72 AC
13 9B 54 AC D2 92 14 AC 93 A3 13 AC 13 9B 32 AC
92 9B 93 AC 73 AC 14 A4 2F A4 08 AD 50 94 72 82
F3 AB D2 92 93 9B 32 93 F3 AB 12 9B 73 9B 53 9B
D4 AB B3 A3 30 AC B3 8B 50 8D 51 8C 8F 84 AA 8C
28 AD 2E 7C 30 7B 71 83 32 8B 73 84 D1 8B F1 8A
D2 8A 52 8B B2 8A 72 8A 30 83 72 8A D0 7B 31 7C
13 7C D1 82 2D A4 4B AC 32 82 B1 73 71 83 92 7B
51 92 73 6D 93 65 B2 74 33 6D F3 65 B3 65 93 5E
13 6D 33 66 73 57 53 57 74 4F 0C 8E 0A 96 51 6C
8F 6C B2 65 33 66 92 74 13 66 D3 6C D3 65 72 74
D3 6C F2 7B 73 5E 13 6D 10 5E 6F 5E 52 5F 33 5F
49 A5 8B 8D 4E 64 90 65 B3 74 33 66 93 74 13 6E
52 74 73 66 93 74 32 83 12 83 71 8B 31 83 52 8A
B1 8A 11 83 52 83 2B B4 AF 9B 33 82 B2 8A 71 8A
72 8A 72 8A 72 8A 72 8A 72 8A B2 8A 52 83 52 8A
52 8A F2 83 92 8B 52 8A B3 8B 51 93 8A B4 D1 9B
72 7A 90 93 B2 92 33 93 92 8A B2 92 72 8A 71 9B
52 A3 93 B3 12 A3 B3 B3 12 A3 93 B3 B3 B3 F4 BB
32 BC E9 B4 4F 9C 10 73 4C B4 72 CA 73 E2 72 B2
73 E2 72 A2 73 D2 73 C2 73 DA 72 AA 73 BA 73 D2
74 F2 73 EA 54 F2 AE C3 08 AD 8F AB 6E 83 92 C2
73 BA 73 BA 73 A2 73 C2 73 C2 73 DA 73 BA 73 B2
73 CA 73 CA 73 B2 74 EA 73 DA 74 F2 8D DB 20 FC
4E 9B 10 83 92 C2 73 BA 73 92 33 CA 13 CA 33 C2
53 B2 33 DA 53 C2 53 CA 72 9A 93 AB 14 DB 33 C2
34 EA 6B C4 CD A3 B0 8A EF 9C ED D5 8D 9B 72 8A
51 82 B5 A3 FF FF FF FF DF FF FF FF DE 9A 1D 48
1D 58 1D 50 BE 92 B9 A5 F7 48 B8 89 D8 61 DF C0
1F A8 1F A8 1F A0 1F C0 1F 90 1F C8 5F 98 7F B8
1F D0 1F B8 1F 90 1F F8 1F F8 1F F8 59 91 B8 51
C9 FA 6A BB 1F B8 1F B0 1F D0 1F 98 1F 98 1F 78
1F B8 1F B0 1F A8 1F E0 1F A8 1F 80 1F F8 1F F8
1F E8 1A 51 78 71 78 79 1A 89 1F 78 1F D0 1F B0
1F C0 1F 98 1F E0 1F 98 1F D0 1F B0 1F F0 1F 98
1F C8 1F E0 1F F8 1F F8 F6 61 98 79 39 49 79 91
1F B8 1F C0 1E 70 1F F8 1F A8 1F E8 1F B8 1F F0
1F 98 1F E8 1F B0 1F F0 1F D8 1F A8 1F F8 39 49
DA 68 97 49 DB 98 1E 60 9B 78 1E 88 1F D8 1F A0
1F B8 1E 70 1F F0 1F B8 1F F8 1E 68 1F E8 1F F8
1F F8 5E E8 15 42 D8 91 97 41 1B B1 1F B8 1F E8
1E 90 7F F0 5D 68 BE B8 1F A0 1F D8 BC 88 D3 BA
38 7A D7 8C BF 6B 3F 63 5B 62 78 49 5A 63 7C 58
DF 7A BE 60 3F 6A 5F 61 DF 7A 1E 69 DF 71 1D 6A
1A 74 DF 6A 5E 6B DF 59 9E 4C BD 42 95 23 94 33
16 42 F8 42 B9 49 FA 49 DF 58 5D 53 9A 49 1D 58
9D 50 3D 49 7E 50 1D 58 BD 41 1D 58 3E 42 3D 42
5C 49 1C 50 3C 50 1D 58 1D 60 DC 32 FE 41 BE 41
1D 60 FF 1C 3F 1D 9F 2B 7F 24 DF 15 5F 15 DF 06
3F 24 3F 0E FF 07 FF 07 FF 07 79 24 18 2C DA 2B
F6 39 9A 2B 9F 0E 7F 2B FF 15 DF 2B 7F 15 3F 33
DE 2B 5E 42 1F 16 3F 2C 9E 2C 5D 25 5E 0F 3B 0F
98 3A B9 3A F5 32 7A 1D DF 2B 7F 16 BF 2B 3F 16
3F 33 FF 0E 5E 33 DC 48 1E 49 7D 49 3E 49 1D 58
1D 58 BD 50 1B 49 1D 58 7D 58 1D 58 1D 58 1D 58
1D 58 1D 58 1D 58 1D 58 1D 58 1E 58 7E 68 1D 58
1D 50 FF 70 9F 68 1D 50 3F 79 9E 68 1D 58 1E 71
7B 50 DC 80 1E 68 5E 80 1E 60 1E 68 1E 50 78 89
5D A8 1F D0 1F 98 1F E0 1F A0 1F D8 1F D8 1F F8
1F E0 39 59 B9 99 58 41 DB C0 1F B8 1F E0 1F 98
1F E8 1E 80 1F C8 1F B0 1F E0 1E 88 1F A8 1F C8
1F F8 1F F8 1F F8 1B B1 97 49 D8 89 D6 51 3E C8
1F A8 1F B0 1F 88 1F B0 1F A8 1F B0 1F 88 1F 80
1F C8 1F B8 1F A8 1F F8 1F D8 1F F8 77 C1 E1 FB
D6 79 59 59 1F B8 1F 90 1F 58 BF BA 9F B2 DF 9A
3F 9A 3F D1 9F B0 7F AA 1F 60 7F 7A DF EA DF B0
BF E3 19 7A 7C 62 99 6A 58 6C 3D 9C 1D 50 1D 58
1D 50 9E 81 FF FF FF E7 FF FF FF FF 3D 9B 1C 50
5C 60 1C 50 BD 9A B9 AD 37 49 D7 8A B7 61 1E C8
5E A8 1F C8 BE 99 FE B9 5E A0 FE C0 5E 98 3E B8
3E C9 DD B0 9D 91 DF EA 3F C0 1F F8 78 91 D8 51
E8 FA 89 BB 1F B8 1E B8 1E C8 1E B8 1E B0 1E 78
1E B0 1F C8 1E A8 1E E0 3E A8 3E 80 1F F8 1F F8
1F F0 39 39 98 79 B7 79 59 89 1E 78 1E D0 1E B0
1E C0 1E A0 1F E0 1D 90 1F B8 1E B0 1F E8 3D 98
3F C8 1F D8 1F F8 3F F8 16 62 B7 79 58 51 B8 91
1E B8 1E C0 1D 78 1F F0 1E A8 1F E8 1E B8 1F E8
1D 98 1F F0 3D B0 1F F0 3F E8 1F C8 FB D8 77 41
FA 70 B6 49 FA 98 1D 60 1E A0 1D 98 1E D0 1D A0
1E B8 3B 78 15 DA 39 81 1A B9 3C 78 3F E8 3F F8
1F F8 BD E0 35 4A D7 91 B6 49 3A B9 1E B8 1F E8
19 81 35 BB FE 78 39 9B BB 6A FD 73 9B 52 BC 4D
FD 52 DF 4D 9F 45 1F 45 3A 4B 97 49 5A 44 DB 58
5F 54 5C 59 9D 4B 5D 52 BD 54 FE 51 FE 52 FD 52
FC 4C DE 53 5F 54 7D 5A 7E 54 5B 52 FA 4A 3A 44
15 42 F7 42 D8 49 1B 52 9B 58 D8 59 3D 52 7C 58
5C 58 7C 58 BD 58 1C 60 DD 51 3C 60 5B 42 3C 51
1B 60 DC 50 7C 58 1C 58 1D 60 F9 41 3B 51 1D 42
1C 60 FE 24 3E 1D 78 4A 9B 33 5F 25 DE 2C 5D 1E
1C 3C DD 2D BC 17 DF 07 FF 07 57 24 F7 2B F9 2B
D7 49 DD 33 DF 25 3E 3B 9E 25 FD 33 7E 25 5D 3B
9C 3B 5C 42 1D 26 5D 34 DB 24 58 2D 18 2E 35 2C
B7 3A 7C 33 D8 3A 56 2D 1D 34 7F 06 BE 33 9E 16
7D 33 3C 1F 1C 43 5B 58 5C 51 DD 50 7C 51 1C 60
1C 58 3B 58 BD 51 1C 58 BD 58 3C 58 1C 58 1C 58
1C 58 1C 58 1C 58 1C 58 1C 58 7C 58 3D 61 1C 58
1C 58 5B 62 BC 59 1C 58 5C 52 1D 61 3D 58 9B 71
BA 58 3D 71 7D 68 FD 78 5C 60 7C 68 1C 50 39 91
BD 98 FF B0 9D 90 3F C1 1C 91 3D B9 1F B9 5F D1
5E C1 19 51 75 52 77 51 9D C0 1F B8 1F E0 1D A0
3E E8 1D 88 1E C8 1E B8 1F E0 1D 88 3D B0 3E D0
1F F0 1F E8 1F F8 3A B1 B6 49 17 92 16 5A 7D C8
1E A8 1F D0 1E 98 1E B0 1E B0 1E B8 1E A8 1E 90
1E C0 3E C0 3E 98 1F F0 1F D8 1F F8 96 C1 E1 FB
F5 81 78 59 5D B0 1F A8 1E 70 9E B3 DE A4 1E 94
9E 91 7F CB 3E AA 7E A3 1D 79 FE B2 3F F4 9F C2
DF EC F8 71 1B 84 78 83 37 64 5D 8C 1C 50 3C 60
1C 58 FC 81 FF F7 FF E7 DF E7 FF E7 6E D6 D0 92
D5 79 B4 79 D6 9B 12 9E B0 72 11 95 11 83 75 C3
56 AB 36 DB 16 A4 36 A3 76 AA 16 BC 55 AB D6 C2
F7 C2 ED DD 4C C4 D7 D4 76 D2 B7 F1 D2 AA 11 7B
66 FB E7 CB D7 C1 B6 C1 B6 D1 B6 B9 B6 B1 B6 99
D6 B9 D6 D1 B6 C1 B6 D1 EA E4 8F DB 97 F1 D7 F1
D7 F1 B2 7A F1 8A F1 92 B2 A2 B6 A9 D6 D1 B6 B9
B6 C9 B5 B1 B6 E1 D5 A9 D6 C1 B6 B9 B7 E1 CA DC
11 DB 97 D9 D7 F1 B7 F1 30 83 F1 92 B1 72 F1 AA
B6 C1 D6 C1 B5 91 B7 E9 B6 B1 D6 E1 D6 C1 D6 E9
96 A9 54 EA 48 DD 74 F2 97 F1 B7 D9 72 FA EF 7A
53 8A F0 72 53 AA B5 81 B5 B1 B5 A9 B6 D9 B5 B1
B6 C1 D4 91 2F E3 53 82 F1 BA 09 D5 15 F2 97 F9
B7 F9 15 E2 4F 73 11 AB F0 72 73 C2 B6 C9 B6 E9
B5 A9 77 F1 96 B1 D5 F1 14 BA 15 DA 77 A9 11 F3
CB DC 32 F2 CE EA 97 D1 73 A2 D1 72 F1 A2 14 82
34 D2 D4 99 D6 C1 14 AA 4F CB 93 92 95 A2 76 A2
D7 BA 77 AA 4F D4 CB CC 33 B3 D3 92 15 9B B3 8B
4F 6B 71 7B D2 7A B4 82 33 82 D4 7A 15 83 F5 81
F5 79 15 82 35 82 B5 79 56 7A 6C B4 CC AB B5 79
D5 81 34 7A 14 7A B4 81 B5 81 92 72 F4 79 74 7A
94 81 55 65 75 65 12 75 95 64 35 65 F4 74 B4 6D
29 BE 4F 9E D3 66 16 5F 77 57 33 65 F2 6C B2 6C
10 6B 32 6C 76 75 D6 7B 95 6D 95 6C 55 6D F5 73
8F 6B D1 6A F5 75 69 C6 D0 76 D4 5E 53 6E 90 6D
12 6C F2 63 F0 63 D2 6D 75 74 36 56 75 6C CE 63
72 6B 52 66 13 7B B5 81 B5 79 53 82 49 C5 33 8A
B5 79 D5 81 D5 7A B4 79 15 82 D5 81 B4 79 B4 79
B5 79 B4 79 B4 79 B5 79 B4 79 F4 81 35 8A 76 71
B1 92 E7 CD B3 8A B5 79 D2 8A 35 8A D5 81 56 9A
33 7A 95 92 F5 89 55 92 F5 81 F5 89 B4 79 75 9A
B5 A2 F6 B2 37 92 32 CC 69 C5 15 AB 16 B3 77 C3
56 B3 52 72 70 73 D1 72 72 83 B6 92 36 B3 76 9A
94 B3 F5 91 36 C2 36 B2 36 CA B7 91 0D CC 8C E4
96 D2 92 E2 B7 F9 B3 BA F0 72 31 A3 30 7B F5 C1
B6 B1 B6 C9 B6 C1 B6 C1 B6 B9 D6 E1 D6 A1 B6 99
97 C1 0D EC 8F CB 97 E9 D6 D9 B7 F1 B0 CA 00 FC
0F 9B D2 7A F5 C1 B6 A1 B6 91 76 CA 36 92 36 9A
F6 A1 36 DA B6 C1 16 BA 6A CD AF EC F7 EA 17 C2
D7 EA 31 93 B4 93 11 8C D1 94 D5 BC B4 71 D5 79
52 8A C8 CD FA FF BF F7 FF E7 FF E7 B3 C5 AC A3
33 82 32 82 13 A4 31 A6 EF 7A CF A4 6F 8B 33 C4
D3 AB F4 D3 33 A4 B4 8B B3 BA 35 BC 55 AA CF D3
2F DC 92 BC 12 B3 14 DD B4 F2 34 F2 30 AB 6F 83
85 FB 06 CC 54 C2 33 C2 34 D2 34 B2 34 B2 34 A2
F5 B9 F5 99 AE DB 30 CB D2 C2 93 E2 34 F2 34 F2
34 EA 10 83 2F 93 4F 9B 10 AB 34 C2 34 D2 33 C2
34 CA 33 B2 34 DA F4 A9 14 C2 ED D3 F2 EA D1 B2
93 DA 35 EA 54 F2 D1 F2 8D 8B 4F 9B 0F 83 50 AB
34 C2 34 CA 33 9A 34 EA 53 BA 34 E2 D5 C1 54 E2
0D CC B3 EA F1 C2 73 E2 93 D2 93 C2 53 CB 10 83
F0 92 4F 7B 11 A3 33 8A 93 AA 73 AA B4 CA 93 AA
74 BA F5 89 D4 E2 ED CB D3 D2 F0 A2 D4 D2 D4 DA
93 DA 12 D3 AE 7B AF A3 4F 7B 51 BB 94 BA B4 D2
F2 9A 52 B4 13 9B D5 B3 B6 9A 12 C4 2D BC 13 B4
B1 A3 53 B4 0D B5 13 B4 B1 93 2F 7B CD 7B D2 82
50 8D D2 92 54 AB 73 8B F4 84 91 8B 93 8B 35 8B
10 AD 0E B5 93 9C 11 94 55 94 34 8B 74 93 51 8C
8E 73 D0 83 30 83 32 8B D1 8A B1 83 B3 7B 72 82
72 8A 53 82 34 7A 8D A3 4F 94 D1 8A B1 92 33 8A
32 8A 72 82 52 82 32 8A 32 8A 52 82 52 8A 12 82
AE 83 72 BE 91 D6 4C D6 51 CE 91 CE 2E D6 94 CE
91 DE B3 DE B3 CE B3 DE D3 DE 94 D6 72 D6 51 D6
D0 B5 F0 BD B3 D6 33 CE 93 D6 32 D6 53 D6 13 D6
CE B5 B1 BD 94 DE 90 E6 D2 DE D4 DE D4 DE CE DE
11 C6 D0 B5 EF B5 92 CE 14 D6 93 CE 52 D6 0E A5
D2 BD 92 B6 12 82 52 8A 0C AC 30 9B 31 9B 52 8A
32 8A 32 8A 73 9A 32 82 33 92 32 8A 32 8A 32 8A
32 8A 32 8A 32 8A 52 8A 32 82 D4 89 D1 AA 0C AC
91 8A B1 BA 33 AA 32 7A 15 D2 33 A2 32 8A 33 B2
91 82 53 AA 33 9A 33 B2 33 92 33 9A 52 82 14 BA
B5 B9 B1 E2 EC CB 73 E2 92 C2 14 DA F4 E1 F4 F9
33 E2 D0 82 10 9B 2F 83 D0 8A 33 A2 54 CA 33 B2
35 E2 53 A2 34 CA F5 B9 AF E3 CE BB B2 BA D2 D2
93 EA D0 EA 34 F2 11 BB 4F 7B 8F AB 8E 83 73 C2
34 BA 34 CA 34 CA 34 B2 53 BA 15 CA F5 91 6F BB
8F DB B2 CA 92 BA 34 E2 54 DA 35 F2 0F CB 00 FC
4E 9B 30 8B 73 C2 34 CA 34 BA 14 D2 14 C2 33 C2
F5 C1 F5 D1 0D DC 10 BB 91 9A 53 DA F4 F1 34 B2
F4 E9 10 A3 72 7A 90 92 2F 9D D2 BC 32 82 33 82
4E 9B 4E CD DE FF DF FF FF FF FF FF 58 B4 0B AC
F1 9A B4 71 D4 AB 12 BE B0 72 30 A3 10 83 D5 D1
D5 B1 B6 E1 D5 AA 55 93 96 A9 2F E3 50 CB 34 CA
73 DA 76 C1 16 A3 B6 EB F6 F1 D6 F1 F1 AA 31 7B
66 FB 06 C4 F6 B1 F5 C1 F5 C9 F5 D1 D6 C9 B6 A1
AE CB 50 BB 54 CA 54 BA B6 B1 D6 E1 F6 F1 F6 E1
F6 D9 D1 72 F0 92 10 93 D2 AA D5 B9 F5 D1 F5 B9
F5 C9 D5 B1 F6 D9 0D CC B3 EA 73 C2 35 DA B6 A1
D6 E1 F6 F1 15 F2 67 E4 AD 83 F1 92 D1 7A 11 AB
D5 C1 F5 C9 F4 91 F6 E9 B6 B1 15 E2 0D DC B3 E2
73 B2 15 EA B6 B9 15 E2 93 AA 92 92 32 9C F2 7A
B1 8A 10 73 D3 A2 D4 81 15 AA 15 A2 56 CA F6 A1
D3 C2 2C BC B4 E2 72 B2 55 C2 D5 89 56 D2 76 E2
54 B2 D3 C2 6F 73 70 A3 10 73 32 B3 56 B2 96 CA
35 A2 F3 D2 15 A2 53 DB 8D CC D4 D2 93 B2 76 D2
35 AA B6 DA 97 DA 95 DA 30 9B F0 72 D1 8A 33 8A
37 CA 14 92 55 BA 35 AA 56 CA 14 9A 6E CB AE D3
34 E2 73 D2 B6 D9 B5 B1 D6 E1 13 AA F4 B9 93 B2
4F 73 F1 92 B1 82 33 9A F3 91 33 A2 14 A2 D4 81
B5 81 4F A3 AE AB 52 8A 73 A2 B5 81 D4 81 F4 81
F4 81 F4 89 F4 89 F4 81 F4 81 D4 81 F4 81 D3 71
F3 A5 75 F7 15 EF 36 EF 35 EF 35 EF 36 EF 35 EF
35 EF 35 EF F4 E6 35 EF 15 EF 35 EF 35 EF 35 EF
55 EF 55 EF 35 EF 55 EF 35 EF 55 EF 35 EF 55 EF
56 EF 55 EF 35 EF 35 E7 15 E7 35 EF 35 EF 16 EF
55 EF 55 EF 56 EF 35 EF 55 EF 35 EF 35 EF 75 F7
76 F7 B1 DE 4A AC 92 92 92 8A 53 92 F5 89 D4 79
F4 81 F4 81 55 92 F4 81 34 8A 14 82 F4 81 F4 81
F4 81 F4 81 F4 81 D5 79 33 82 0C B4 92 AA 92 8A
F4 79 D5 A9 F4 A1 F4 79 52 C2 13 9A F4 81 F5 A9
53 7A F4 A9 D4 91 F5 A9 F4 89 F4 91 B5 71 B2 BA
ED D3 34 D2 92 BA F6 D9 D5 B1 F5 D9 36 D2 F6 F1
55 DA B2 7A 32 9B D1 7A 74 AA 56 B2 F6 C9 35 B2
16 DB 55 9A 91 D3 CE DB 54 E2 72 AA D6 B9 D6 C9
D6 F1 D7 F1 D6 F1 B2 BA 10 73 50 A3 4F 7B 35 D2
D5 B9 F6 C9 F5 C1 D5 C1 B6 A9 70 BB 70 B3 34 AA
73 CA B6 B1 D5 B1 F6 D1 F6 D1 D6 F1 D0 CA 00 EC
2F 7B F1 8A 15 D2 F6 C1 F5 B9 F5 D1 D6 A9 D6 B9
6E D3 10 DD 33 C4 54 A2 96 82 56 AA F6 D9 F6 D1
F6 F1 F1 9A F3 82 D1 92 30 95 F4 B4 B4 79 72 8A
4A B4 D5 A3 FF DF FF F7 FF FF FF FF 38 B4 CB A3
CE AB F4 79 F3 AB F0 B5 CF 7A CF A3 2F 8B 34 CA
D4 B9 D5 E1 D5 B1 F3 99 B3 B2 6F D4 8F DB F5 C9
15 D2 34 C2 F4 B9 D5 F1 15 F2 15 F2 10 AB 50 7B
66 FB 06 BC 35 AA 14 92 F5 A9 F5 D9 92 DA 73 CA
EE CB 8F BB F5 C9 15 B2 14 B2 15 E2 15 F2 15 E2
15 DA F1 72 10 93 30 9B F1 AA 14 BA 14 D2 F5 B9
F5 C9 92 BA 73 DA 2C CC D2 DA D6 B9 53 E2 90 AA
34 E2 15 EA 15 DA 54 F2 8D 83 30 9B F0 7A 30 AB
15 C2 14 CA F4 91 15 EA B2 BA 73 CA 4C DC F2 EA
F5 A9 15 EA 14 BA 15 EA F5 D1 F5 B9 10 BB F0 7A
D2 8A 2F 7B 32 A3 14 8A F0 A2 53 A2 AF DA 4E B3
AD C3 6C BC 14 D3 35 9A B5 BA 33 92 D5 CA F5 DA
95 BA 14 C3 8E 73 B0 9B 4F 73 72 D2 B5 D1 95 F1
D5 A9 B5 F9 72 BA 72 F2 2C DC F4 E9 D5 B1 D5 F1
F4 C1 B5 F9 D5 F9 B5 F1 92 AA 10 73 F0 92 33 92
D5 E1 F4 A1 D5 C9 F5 A9 54 E2 92 B2 6F CB 0D D4
F5 D9 F5 C9 15 D2 14 B2 15 DA 33 AA 14 BA 10 B3
6E 73 F0 92 D1 8A 72 9A 14 92 F4 A1 F5 A9 72 92
72 92 6F AB ED B3 F4 79 F4 A1 13 8A 13 82 13 82
33 82 33 8A 13 8A 13 82 13 82 13 82 13 82 13 7A
51 AD 54 EF F4 E6 14 E7 14 E7 14 E7 14 E7 14 E7
14 E7 14 E7 F3 E6 14 E7 14 E7 14 E7 14 E7 14 E7
14 E7 14 E7 14 E7 14 E7 14 E7 14 E7 14 E7 14 E7
14 E7 14 E7 14 E7 14 E7 14 E7 14 E7 14 E7 D3 DE
F4 E6 14 E7 14 E7 14 E7 14 E7 14 E7 14 E7 F4 E6
F4 E6 33 DF 8B B5 B1 92 D4 79 93 82 D2 8A 13 82
F3 81 F3 81 B2 92 F3 81 13 82 F3 81 D3 81 D3 81
D3 81 B4 79 F3 81 71 8A 31 82 0B B4 12 A2 94 79
D3 79 D4 B1 D4 A1 D3 71 13 CA F3 99 F3 89 F4 B1
52 82 8F 8B 92 8A 14 AA F4 89 33 92 B1 8A F0 BA
2C D4 15 D2 F5 B1 15 E2 14 B2 15 DA 95 D2 F5 D3
74 C3 74 A3 52 AB 70 7B 33 B4 75 B2 D5 D2 15 CB
94 D3 70 A3 AE D4 CD E4 F5 D9 F4 A1 14 BA 14 D2
15 F2 15 EA 15 F2 D1 BA 2F 7B 6F A3 6F 83 54 D2
14 BA F5 C9 F5 C1 73 D2 93 BA 8F C3 AE A3 F5 A9
F5 C9 14 AA 14 BA 15 B2 15 B2 15 F2 EF AA 00 EC
4E 73 10 93 34 DA 15 A2 F5 A1 F5 D1 92 CA 73 C2
AE CB 8F DD F5 B3 94 BA 14 93 55 B5 35 EA F5 F1
75 F2 D0 93 32 AC F0 9C CF 94 13 B5 F4 79 10 9B
89 BC 95 9B FF E7 FF FF FF FF FF FF 77 B4 B0 8A
48 C5 90 8A F3 A3 10 AE 6E 7B 0E 9E 4E 93 73 CB
B3 B3 B2 BC D1 BA AE CC 8B D4 74 CA 34 8A 73 C2
53 DA 53 C2 73 C2 74 F2 74 EA 54 F2 4F AB 8F 83
85 FB 26 BC 74 9A 53 BA D1 CA D2 B2 6B A4 ED E3
15 AA 34 A2 73 B2 53 BA 53 BA 53 E2 54 F2 54 EA
74 E2 30 7B 4F 9B 6F 9B 30 AB 53 A2 73 D2 F1 C2
92 CA 6B D4 AE EB F4 A9 54 CA 73 B2 73 EA 91 AA
73 E2 54 EA 54 D2 92 F2 AD 8B 6F 9B 2F 83 6F AB
53 C2 73 CA F0 A2 D2 EA C9 D4 30 E3 F5 B9 34 EA
53 BA 54 E2 53 C2 54 EA 73 CA 53 BA F1 BA 2F 7B
10 93 4E 83 CE 7B 72 8A 72 9B B0 A3 10 BC A9 C5
10 A4 54 8A 54 AC 12 93 D3 A3 B2 92 33 AC 74 B4
B3 A3 72 A4 CD 7B 8F 8C 6E 7B 4F 94 93 9B 53 AC
51 AB CB B5 49 C5 14 D3 74 B2 13 CB B2 AA 14 D3
D3 B2 34 DB 34 DB 14 D3 50 A3 4F 7B 4F 8B B1 92
F4 CA B1 9A F0 CA D1 B2 70 E3 A9 CC 33 BA 14 BA
73 DA 53 D2 53 DA 73 B2 73 DA 53 B2 53 C2 6E B3
CD 7B 0C 7C F0 8A B1 A2 72 9A B1 AA F1 B2 CC AB
2B B4 13 8A 13 92 72 8A 52 A2 52 8A 52 8A 52 8A
52 8A 72 92 10 83 52 8A 52 8A 52 8A 72 8A 51 82
CE A4 53 EF F2 E6 13 E7 13 E7 13 E7 13 E7 13 E7
13 E7 13 E7 D2 DE F2 E6 13 E7 13 E7 13 E7 13 E7
13 E7 13 E7 13 E7 13 E7 13 E7 13 E7 13 E7 13 E7
13 E7 13 E7 13 E7 13 E7 13 E7 13 E7 13 E7 13 E7
13 E7 13 E7 13 E7 13 E7 13 E7 13 E7 13 E7 F2 E6
F3 E6 10 E7 92 83 52 82 F1 82 D1 8A 31 8B 52 8A
F2 92 F2 9A 12 B3 52 9B D3 AB B3 A3 F3 AB F3 AB
13 AC 71 B4 71 B4 E9 D5 92 BC 15 AC 54 BC 73 B4
73 B4 13 BC 13 BC F3 AB 14 BC F3 B3 93 A3 B3 B3
91 82 D1 AA 72 92 92 B2 F0 9A 10 A3 E8 BC B2 C2
14 BA 73 D2 72 B2 53 E2 53 B2 53 DA 53 DA B4 EA
B3 DA 10 8B 4F 9B 6F 83 F1 B2 73 BA D3 DA 11 C3
AE EB AA CC 94 CA 34 C2 73 DA 72 AA 53 BA 53 D2
54 F2 74 F2 54 F2 10 C3 6E 83 8E AB 8E 83 92 D2
73 BA B2 D2 D1 CA AE E3 8A D4 14 AA 34 AA 73 BA
73 AA 53 B2 53 B2 54 D2 73 DA 74 F2 2E CB 00 F4
6D 83 4F 93 92 D2 73 BA D1 BA D2 D2 6B E4 0D DC
14 B2 74 C2 B3 C2 73 C2 B3 A2 F3 BA 34 D4 74 DC
34 E4 6F A3 31 7B 4F 93 2E A5 F2 BC 52 82 AA BC
EB AB 76 9B FF E7 FF F7 FF FF FF FF 77 B4 32 7A
4C B4 CF 92 D3 9B 10 AE 4F 7B 4F 96 2F 8B 93 D2
D5 9B CF D4 0C CD B4 AC 33 A2 74 D2 33 92 34 BA
34 DA 34 C2 34 C2 35 F2 34 EA 35 F2 30 A3 6F 83
85 FB 06 BC 35 92 14 CA CE E3 0D BC 34 5A 54 D2
54 A2 34 DA 34 B2 34 BA 34 AA 34 BA 35 F2 35 F2
35 EA F0 72 2F 9B 4F 9B 10 A3 34 9A 14 D2 4C DC
6F DB 34 B2 54 DA 53 B2 34 D2 33 AA 34 EA 34 AA
35 E2 35 EA 34 D2 35 F2 6E 8B 4F 9B 10 83 50 AB
14 C2 34 CA 6A C4 50 F3 34 BA 54 E2 34 CA 93 D2
91 A2 53 EA 34 C2 34 E2 34 B2 34 BA 73 CA 10 73
D1 9A 2F 7B B1 92 13 8A 93 B2 CA CC 13 D3 54 AA
74 BA 72 92 F3 D2 53 AA 74 CA 53 92 74 DA 95 E2
74 C2 F3 CA 8E 7B AF A3 D0 82 91 9B 34 9B 53 B4
CA CC B0 B4 F3 9A B4 BB 13 AB 74 BB D3 A2 94 B3
F3 A2 B4 C3 D4 C3 95 BB 71 93 0F 7B 50 83 72 8A
34 BB 53 92 8E CB 6B D4 14 DA 33 AA 73 BA 33 C2
14 DA 54 CA 14 DA 13 B2 14 DA 13 AA 14 C2 D1 B2
8D 7B 6E 9B D0 82 72 9A F4 91 2F BB 6B CC 33 8A
52 8A 52 92 53 92 32 82 73 9A 33 8A 32 8A 32 8A
32 82 33 92 10 83 32 82 32 8A 33 8A 33 8A 13 7A
D1 AD 53 EF 13 E7 13 E7 13 E7 13 E7 13 E7 13 E7
13 E7 13 E7 F3 E6 13 E7 13 E7 13 E7 13 E7 13 E7
13 E7 13 E7 13 E7 13 E7 13 E7 13 E7 13 E7 13 E7
13 E7 13 E7 13 E7 13 E7 13 E7 13 E7 13 E7 F3 E6
13 E7 13 E7 13 E7 13 E7 13 E7 13 E7 13 E7 13 E7
14 EF D1 D6 50 83 33 8A D2 82 B2 8A B2 8A 33 82
73 8A 94 A3 94 B3 14 AC 74 BC 94 BC F5 C4 B5 BC
F4 C4 0B D6 52 CD D5 BC F4 C4 14 C5 F5 BC F5 BC
F5 C4 B4 BC D5 C4 74 BC 74 BC 14 B4 B4 A3 54 B3
91 82 53 AA 14 92 D1 BA AA C4 92 9A 32 82 33 BA
53 BA 34 D2 33 B2 34 E2 33 B2 34 DA 34 DA 15 F2
53 E2 B0 7A 10 9B 0F 7B 72 AA 15 C2 B2 EA 4A D4
54 E2 13 A2 14 D2 33 C2 14 DA 13 A2 34 BA 34 D2
35 F2 34 E2 35 F2 F1 BA 4F 7B 8F AB 6E 83 54 D2
F4 B9 6F E3 2C DC 14 CA 33 BA 34 C2 33 A2 34 B2
34 AA 34 B2 34 B2 15 EA 14 E2 15 F2 EF D2 00 EC
4E 83 30 93 53 DA F5 A9 AE C3 0D E4 34 BA 34 BA
33 B2 F4 C1 14 CA 34 C2 F3 A1 14 C2 55 9A 54 C2
55 F2 30 9B 92 92 D0 9A 4F 9D D3 BC 71 8A CA BC
90 8A 76 A3 FF FF FF FF FF F7 FF F7 D6 BC 90 8A
8E A3 2A AC 30 B4 0E BE AD 8B 4D A5 4E 93 8E DB
AA BC B1 CA 11 BB 11 AB F1 92 B1 C3 B1 B2 B1 CA
D1 D2 B1 C2 B1 C2 B2 F2 D2 CA B2 E2 8E 9B ED 93
A5 FB 06 BC 0D AC 0C DC B1 D2 D1 B2 B1 7A B1 D2
B1 B2 B1 E2 B1 CA B1 C2 B1 AA B1 B2 B2 F2 B2 EA
D2 EA 6E 83 AD A3 AD A3 4F A3 0C BC 0C E4 B1 C2
D1 D2 B1 BA B1 DA B1 BA B1 C2 B1 A2 D2 EA D1 B2
F0 E2 F1 EA D2 D2 F2 EA EC 93 CD A3 4E 8B AE AB
6B DC AE D3 B1 A2 D2 E2 B1 BA D1 DA D1 CA 10 CB
0F 9B F1 EA D1 C2 D2 DA D1 AA D1 C2 10 CB 6D 83
4E 9B 6D 83 F0 9A 4A BC 8E BB D0 AA B1 DA B1 BA
B1 CA F0 92 8D C3 B1 BA B1 D2 B0 A2 D1 DA B2 F2
B1 D2 F0 DA EC 8B ED B3 EF 8A B1 DA 6A E4 B0 EA
B1 B2 52 F2 91 BA 72 F2 91 CA 92 E2 B1 C2 92 D2
91 B2 72 FA 72 FA 72 F2 50 BB AE 93 CF A3 31 A3
90 DB 8A C4 D1 CB F1 C3 71 D3 F1 B3 72 BC D1 C3
92 D3 31 C4 B1 CB 51 BB 92 D3 91 B3 B1 C3 F0 BB
6E AC EF B3 B0 9B 2D BC 6B BC 71 B3 D1 B2 B0 9A
D0 92 F0 92 F0 9A B0 92 30 9B D0 92 B0 92 D0 92
B0 92 F0 92 8E 8B D0 92 B0 92 D0 8A CC AB 2B A4
51 A6 10 EF F1 E6 F1 E6 F1 E6 F1 E6 F1 E6 F1 E6
F1 E6 F1 E6 F1 E6 F1 E6 F1 E6 F1 E6 F1 E6 F1 E6
F1 E6 F1 E6 F1 E6 F1 E6 F1 E6 F1 E6 F1 E6 F1 E6
F1 E6 F1 E6 F1 E6 F1 E6 F1 E6 F1 E6 F1 E6 D0 DE
F1 E6 F1 E6 F1 E6 F1 E6 F1 E6 F1 E6 F1 E6 F1 E6
11 EF AE CE 8E 8B B1 92 10 8B 90 8B 50 93 B0 92
B0 8A 50 9B 31 B3 50 9B D1 AB 71 A3 D1 AB AB CD
4F B4 D1 A3 F1 AB D1 AB D1 AB D1 AB D1 B3 D1 AB
D1 A3 F1 BB F1 BB D1 B3 D1 C3 D1 B3 11 AC 51 B3
D0 8A 2F B3 6A BC F0 BA D0 9A D0 9A B0 8A B1 BA
B1 C2 B1 D2 B1 BA B2 E2 B1 BA B1 DA D1 DA D2 EA
51 DB 4E 8B CE A3 6F 93 0E BC 6A DC 51 DB 51 BB
D2 E2 51 B3 51 CB 11 C3 32 DB 31 B3 B1 C2 B1 D2
B2 EA D2 DA B2 F2 6F C3 CC 8B CD AB CC 8B 4B D4
4C CC 12 C3 11 C3 11 C3 F1 B2 11 BB F1 A2 F1 B2
11 AB 11 B3 F1 B2 32 DB 32 CB 32 DB AD CB 00 F4
CC 8B 6F 93 6C DC 8A BC D0 B2 D1 DA B1 B2 B1 C2
D1 C2 B1 BB 31 B3 B1 BA 51 A3 F2 BA B2 82 D2 B2
B2 F2 8D A3 8F B3 6E A3 2D 9D F0 BC CB A3 0C AC
B0 8A F3 AB FF EF FF FF FF FF FF FF 97 BC 52 82
D1 92 A9 B4 D0 BC B0 B5 AF 7A CD C3 CA B4 51 DB
2F AB 33 AA 33 B2 33 AA 33 92 13 CA B3 C2 93 D2
53 D2 53 C2 53 C2 54 F2 54 E2 54 E2 30 8B 6F 83
85 FB 45 CC 31 A3 30 D3 53 D2 53 AA 53 8A 53 C2
53 C2 53 DA 53 CA 53 BA 53 AA 53 D2 54 F2 54 F2
74 EA 10 73 10 93 6B BC ED C3 11 BB 30 DB 53 C2
53 CA 53 B2 53 DA 53 BA 53 B2 53 92 73 EA 53 AA
0A D4 EE B4 34 A4 53 B4 CE 7B D0 83 6B A4 0C AD
50 AC 11 AC B2 92 34 B4 33 9B F3 AB 73 A3 D4 AB
B2 92 33 B4 53 A3 34 AC 93 93 33 A3 F2 A3 D0 7A
31 8B A9 AC 8F 9B 4F A3 B0 9B F2 8A D3 AB 33 9B
93 A3 52 8A B4 AB 13 9B B3 AB B1 8A 0C 74 F2 DA
54 D2 D2 D2 6E 73 AE B3 6A AC 6F B3 AE BB 93 E2
53 AA 73 E2 72 B2 74 E2 73 C2 73 DA 73 BA 74 C2
73 AA 93 E2 D4 E2 B4 DA 52 B3 F4 A3 91 BC 6C CD
12 C5 70 CD D3 C4 14 BD 14 BD F4 BC B4 BC 14 BD
F4 BC F4 BC 14 B5 F4 BC 34 BD D4 B4 F4 C4 D3 B4
74 B4 AF C4 AC C5 D1 BC CF B3 33 AC B3 B2 52 92
52 8A 52 8A 52 9A 52 8A 72 9A 52 8A 52 8A 52 8A
52 8A 52 92 F0 82 13 82 8D A3 4B A4 F0 9A 4F 93
33 9E 33 EF 0E E7 0F E7 13 E7 12 E7 13 E7 13 E7
F3 E6 13 E7 B1 DE F2 E6 13 E7 13 E7 13 E7 13 E7
13 E7 F3 E6 10 EF 0D E7 F3 E6 13 E7 13 E7 13 E7
13 E7 13 E7 13 E7 13 E7 13 E7 13 E7 13 E7 D2 DE
F2 E6 F3 E6 30 EF 0E E7 F3 E6 13 E7 13 E7 F2 E6
13 E7 EF E6 D0 8B 52 8A D2 8A 72 83 32 83 52 8A
72 8A 52 8A D2 92 F3 81 72 8A 0B AC B0 92 2E 9B
71 8A 32 82 32 82 32 8A 32 8A 32 8A 32 A2 32 82
31 7A 32 B2 32 B2 32 A2 33 C2 32 9A D3 81 72 B2
6A B4 10 BB 4F AB 72 B2 52 92 52 9A 52 82 53 BA
53 BA 73 D2 53 B2 53 E2 53 B2 53 DA 73 DA 54 F2
94 D3 73 8B CE AC 4C C5 72 C4 AF CB 73 C4 D3 BB
34 E3 33 BC 33 B4 33 B3 74 DB F3 BB 53 BA 73 D2
54 F2 54 EA 54 F2 11 BB 2F 73 ED BB 47 AD AB BC
B0 B3 73 AB 33 AB 33 B3 2E 9C 70 9C 93 8B 93 93
0E AC 51 B3 13 9B B4 CB B4 BB B4 BB CE BB E1 EB
AA A4 AB AC 11 B4 A8 D4 D0 CA 54 C2 73 B2 73 C2
53 BA 33 CD 53 94 D3 92 73 AC 13 C5 54 8A 34 B2
74 F2 90 93 72 94 AC B5 AA BD 11 BD 69 B4 4F 9B
52 82 B5 9B FF E7 FF FF FF FF FF FF 77 AC 32 82
33 8A 0F 93 6C CD 2E BE 2B 9C 8E B3 6D 9C 14 C4
34 9B B4 B4 73 B2 B3 A2 F3 B3 D4 C3 B3 93 F4 B5
34 D2 53 C2 53 C2 54 F2 54 FA 34 E2 CE A3 6C AC
66 FB 45 C4 35 92 14 CA 53 D2 54 AA 53 8A 54 D2
54 C2 54 DA 53 C2 54 C2 53 AA 54 CA 54 F2 54 F2
15 EA AE 93 2C AC 8E A3 6F BB 14 BA 14 CA 53 C2
54 BA 53 AA 54 E2 53 AA 54 CA 53 C2 54 E2 53 AA
34 E2 34 F2 34 EA 54 F2 8A AC ED B3 6E 8B 8E BB
F5 C1 34 CA 52 9A 34 EA 33 BA 34 E2 33 CA 34 DA
71 9A 91 EA 34 C2 34 E2 33 AA 33 BA 92 CA 6A 9C
6F A3 AD 8B D1 9A 13 8A 33 B2 33 AA 34 DA 33 B2
14 CA 52 8A 34 DA 33 B2 14 D2 33 9A 92 AA 73 EA
54 D2 B2 DA C9 A4 ED BB 4E 93 53 B2 14 B2 34 E2
33 AA 15 FA 33 B2 14 F2 33 C2 14 E2 33 B2 14 F2
52 B2 F0 AA D4 E2 94 DA 4F AB AA A4 4F 93 EF 9A
14 E2 33 8A AF C2 53 B2 34 E2 53 AA 53 C2 33 C2
15 E2 74 CA 54 CB 73 BA 14 CB D4 BB 94 BA F1 C3
6D CD AF BB 4F A4 93 B3 B4 82 D3 B3 33 BB 32 8A
52 8A 52 8A 33 92 52 8A 52 82 52 8A 52 8A 52 8A
52 8A 51 92 EC 9B 8E A3 B1 92 6E 8B 13 8A 13 7A
12 9E 33 EF 0C E7 10 EF 14 E7 13 E7 13 E7 13 E7
13 E7 13 E7 13 E7 13 E7 13 E7 13 E7 13 E7 13 E7
13 E7 14 E7 0C E7 0F EF 14 E7 13 E7 13 E7 13 E7
13 E7 13 E7 13 E7 13 E7 13 E7 13 E7 13 E7 13 E7
13 E7 13 E7 2C EF 0F E7 14 E7 13 E7 13 E7 13 E7
F3 E6 32 DF F2 83 32 8A B2 82 F2 8A B3 8A 32 8A
52 8A 52 8A 33 A2 AD A3 0F 9B 10 9B 72 8A 13 82
52 8A 52 8A 52 8A 52 92 52 92 52 92 53 A2 52 8A
52 82 53 B2 53 B2 53 A2 54 C2 92 A2 ED AB B1 BA
2F 93 92 B2 14 92 33 AA 52 92 52 9A 52 82 33 BA
34 C2 14 DA 53 B2 54 E2 53 B2 54 DA 54 DA 34 F2
B2 E2 2D C5 6F AB 4E 9C D3 B3 95 C2 74 D3 94 BB
94 E2 73 B3 74 C3 13 B3 F4 CB 33 B3 53 BA 54 D2
54 F2 54 DA 34 F2 6F CB 8A 9C AE B3 0C 94 34 DA
F4 91 14 BA 33 D2 14 D2 33 B2 34 B2 33 A2 33 B2
34 B2 33 C2 33 B2 14 E2 14 E2 14 F2 4D E3 00 F4
AC 8B 8E A3 14 D2 F5 D9 34 C2 53 B2 54 C2 53 CA
33 C2 D4 BC 53 A4 73 9A 33 B4 F4 DB 34 CB 54 B3
14 EB EC B3 0E AD 0F A4 4E A5 0E CE CC A3 33 82
32 82 95 9B FF E7 FF FF FF FF FF EF F9 9B 75 71
96 79 13 82 0E BD 90 A6 2B 9C 12 9B B2 7A 37 D9
37 9B 37 C4 17 A2 57 8A D7 B3 37 C3 57 79 F7 B4
97 D1 97 B9 97 B9 98 F1 98 C1 98 D1 8F C3 6D A4
27 FB E7 C3 98 B9 97 C1 77 C9 77 C9 77 C9 77 C1
57 B9 77 E1 77 C1 77 D9 97 C9 97 D9 98 F1 98 F1
91 EA 6B A4 CE A3 93 8A 73 A2 97 B9 97 C9 97 B9
97 C9 97 A9 98 D9 76 A9 97 C9 97 B1 78 E9 96 A1
97 E1 98 F1 78 F1 78 F1 6B AC AF BB 33 6A 92 AA
77 C1 58 C9 96 89 98 E9 97 B1 98 E1 97 C1 97 D9
76 91 78 F1 97 B1 98 D9 97 A9 97 B9 D6 C9 6B 9C
11 9B 73 62 F5 89 96 81 96 A9 96 99 98 D9 96 A9
F4 C1 96 79 F7 C1 B7 A1 51 B3 93 72 B2 7A 59 F1
78 C9 16 DA CA A4 90 B3 F4 71 97 B1 96 B1 98 E9
B6 99 B3 B2 F6 99 78 D2 17 AA 58 CA F7 99 78 CA
F7 A1 17 BA 78 DA 58 D2 12 AB 8B 9C D2 82 B6 79
58 C2 95 81 F7 A9 F7 A1 57 C2 D6 99 17 AA 36 AA
12 C3 97 C9 97 D1 96 A1 98 D9 96 A9 98 B1 D2 BA
CA A4 B3 AA 33 72 F5 91 96 81 76 99 76 A1 96 81
96 79 96 79 D5 81 96 79 96 79 95 79 95 79 96 79
95 79 B6 79 AE 93 6E A3 77 79 10 63 D4 79 96 71
16 96 77 F7 30 EF 34 EF 37 E7 37 EF 37 E7 37 E7
37 EF 37 E7 F6 E6 37 E7 37 E7 37 E7 37 EF 37 E7
37 E7 37 EF 50 EF 34 EF 37 E7 37 E7 37 E7 37 EF
37 E7 37 E7 37 EF 37 E7 37 E7 37 E7 37 EF F6 E6
37 E7 37 EF 4F EF 34 EF 37 E7 36 E7 37 E7 37 E7
37 E7 14 EF D1 92 96 71 D5 81 13 8A F4 89 96 71
95 79 96 79 37 82 8E A3 B2 92 77 71 95 79 95 79
96 79 96 79 96 79 96 81 96 81 96 81 96 99 95 79
95 71 96 A9 96 A9 96 99 97 B9 D5 99 ED AB 15 B2
B5 71 B6 A1 96 89 96 A1 96 81 96 89 95 71 97 B1
F5 A1 93 9A 97 B1 98 E1 97 B1 97 D9 97 E1 98 F1
16 EA 2C A4 D2 92 72 6A F5 A9 77 C1 78 E1 77 A9
78 E1 76 99 77 D1 77 C1 78 E1 76 99 97 B9 97 D1
98 F1 98 D9 78 F1 12 D3 8B A4 F2 A2 F1 72 D6 C9
97 B1 98 C1 97 C1 97 C9 97 A9 97 A9 97 91 97 A9
97 C1 97 A9 97 A9 98 D1 98 C9 98 E1 0F E3 20 F4
D0 6A 93 82 D6 D1 97 D1 97 99 97 91 97 A1 97 C1
97 B9 B7 79 97 79 77 89 97 71 98 B1 38 D2 38 BA
F8 F1 CE B3 70 BB 13 92 D2 8C D0 CD 0F 93 96 79
75 71 18 93 FF EF FF F7 DF F7 FF FF BF 8A 1E 48
1E 58 1E 48 5F 8A BA A5 B9 40 F8 89 F8 51 BF B9
BF 70 BF B9 1F A0 5F 90 1F A1 DF B0 3F 91 7F B4
1F C0 1F B0 1F B0 1F F8 1F D8 1F B8 1A 69 59 51
C9 FA 6A BB 1F 80 1F B0 3F C8 1F C0 1F 90 1F B0
5F B0 1F E0 1F B0 1F D0 1F C0 1F D8 1F F8 1F F8
1A F1 D7 69 3B 71 78 79 1A 91 1F A8 1F C8 1F B0
1F C8 1F 98 1F D8 3F A0 1F D0 1F B0 1F E0 1F 88
1F E0 1F F8 1F F8 1F F8 98 59 F6 51 38 41 FA 81
5F A0 BA B0 1E 70 1F F0 1F A0 1F E8 1F B8 1F D8
1E 78 1F F8 1F 90 1F E8 1F C0 1F A0 3E B8 DA 30
9B 68 58 41 5C 68 1E 60 1F 90 1F 88 1F D8 1D A0
F7 B8 1D 50 DF B0 FD 78 1B 73 BB 50 36 71 5D F8
3C C8 1F D0 B7 39 99 91 9B 58 1F 78 1F A8 1F F8
1E 88 F9 78 3E 80 DF D0 5F 98 BF C0 3F 88 DF C8
3F 88 9F A8 FF D8 DF D0 3B 79 F9 38 5A 59 3D 60
BF C0 1E 58 5F 98 3F 88 BF C0 1F 80 3F 98 7D 98
B7 C1 1F D0 1F E0 1F 78 1F E0 1F 98 1F B8 BB 98
B7 49 1A 99 DA 50 3D 80 1E 60 1F 88 1F 98 1E 60
1E 50 1E 58 1E 68 1E 58 1E 58 1E 50 1E 50 1E 58
1E 50 1E 60 DA 48 1E 50 1E 58 79 41 3D 50 1E 48
1F 76 DF FF 5F EF 7F EF 7F EF 7F EF 7F EF 7F EF
7F EF 7F EF 1E E7 5F EF 7F EF 7F EF 7F EF 7F EF
7F EF 7F EF 7F EF 7F EF 7F EF 7F EF 7F EF 7F EF
7F EF 7F EF 7F EF 7F EF 7F EF 7F EF 7F EF 3E E7
7F EF 7F EF 7F EF 7F EF 7F EF 7F EF 7F EF 7F EF
7F EF 5C EF 17 71 1F 48 1D 60 1E 70 1F 68 1E 50
1E 58 1E 58 1F 78 1E 50 1F 60 1E 58 1E 60 1E 58
1E 50 1E 58 1E 50 1E 60 1E 60 1E 60 1F 78 1E 50
1E 48 1F 90 1F 98 1F 80 1F B0 1F 78 1F 58 1F 98
5C 50 1E 90 1E 70 1F 90 1E 60 1E 68 1E 50 FB 80
3D 78 9C 80 1F A0 1F E0 1F 98 1F D0 1F A8 1F F8
1F E0 7B 40 39 71 38 49 5D 90 1F B8 1F E0 1F 98
1F E8 1F 80 1F C8 1F B0 1F E0 1F 88 1F A8 1F C8
1F F8 1F D8 1F F8 FC A8 58 41 D8 89 D7 51 1F D0
1F A8 1F C8 1F B8 1F C8 1F A0 1F A0 1F 78 1F 98
1F C0 1F 90 1F 98 1F 98 1F E0 1F F8 58 C1 E1 E3
B6 49 3A 69 1F A0 1F D0 1F 88 1F 80 1F 98 1F B0
1F A8 1F 58 1F 58 1F 40 1F 48 1F 98 1F B0 1F B8
1F F8 1A 71 5D 68 D9 70 98 74 DF AB 1E 48 1E 58
1E 50 7F 79 FF FF FF FF DF FF FF FF DA AB B9 60
9B 68 7A 58 FB 9A D7 AD 75 51 36 92 16 62 3C A9
1C 68 1D C8 5C B0 3C 90 1C A0 1D B0 DC B8 5D D0
7D A0 FA C0 7A AA 1E F1 9D E1 FE D9 3C 8B D8 6A
C8 EB ED D3 1E 93 FD B2 FE BB 7E AB 7D 9B DD AB
1E B4 9E BB DD AB DD B3 BA B3 5C C3 1E C3 3E C3
1F CB 9B 92 1A 93 D7 6A 78 99 5C B0 DC C0 BC A9
3C B1 DC 99 1D CA BD BA 9D B1 5D AA 7D C2 D9 B1
FC CA FE F0 9E E1 BD D2 D5 5A D2 62 34 52 77 82
3C A1 96 B1 7B 78 5D F0 5C A8 5D E8 5C C0 5D D8
5B 80 7D F8 39 A9 9D E8 7C C0 7C A8 DB C0 96 49
58 79 D6 51 F9 78 7C 78 38 71 19 71 DD B1 1C 89
5D A1 7B 60 9D B1 5A 89 D9 9A B7 81 5A A1 74 BB
95 A2 FC B1 74 52 D3 73 58 61 7C 51 9C 81 BD A2
3C 81 7E 91 3C 81 BD AA BC 89 7D A2 5C 81 BC B2
F9 99 1D 92 FD AA BE A2 78 72 B6 51 17 62 FA 68
7D 9A 9B 68 BC 89 7C 81 7D 9A 7A 79 3C 7A B9 72
B5 9B BD 99 3B AA B9 A1 1D AA 5B 81 BA 91 98 7A
94 52 D7 7A 77 59 38 79 7B 58 FB 78 1C 81 9B 68
7B 60 7B 60 9B 70 7B 60 7B 60 18 71 F9 70 7B 60
7A 60 9B 68 77 59 7A 60 7B 68 BA 51 FA 60 7B 50
FA 85 9B FF 5C EF 5C EF 5C EF 5C EF 5C EF 5C EF
5C EF 5C EF 3B E7 5C EF 5C EF 5C EF 5C EF 5C EF
5C EF 5C EF 5C EF 5C EF 5C EF 5C EF 5C EF 5C EF
5C EF 5C EF 7C EF 5C EF 5C EF 7C EF 5C EF 7C EF
5C EF 5C EF 5C EF 5C EF 5C EF 5C EF 5C EF 5C EF
5C EF 7A EF 58 72 7B 60 9B 68 FA 78 97 81 9A 60
7B 60 7B 60 5B 90 7A 60 5B 70 7B 68 5B 70 7B 68
7B 60 7B 60 7B 60 7B 68 5B 70 7B 68 5B 88 5B 60
BA 60 39 A9 5B A0 5C 88 3C B8 5B 88 7A 68 5C A0
F9 60 9B 98 5B 78 5C 98 5B 70 5B 78 7B 60 5D E0
3C 98 1D B8 5C A8 9C E8 F9 B0 3D D0 3D A8 3E F8
7C E8 38 59 B7 81 B6 59 DA 98 5D C0 3D E8 5C A0
3D F0 5B 88 3D D0 3C B8 3D E8 5C 88 DA B8 FA D8
3E F8 3D E0 3E F8 58 B9 15 52 36 9A 34 62 9C B8
5C B0 3D D8 3C C0 3D D0 5C A8 3D C8 5C 80 5C A0
3D C8 DA B8 BB A8 1E A0 3D E8 1E F8 96 C9 00 EC
34 5A B7 79 BC 80 7D D8 7D 98 7D 98 7D B8 7C C0
7C C0 5D 88 1C 89 BC A2 39 A1 5B BB 7E C3 DD D0
7E F8 97 89 5A 5A 97 6A 75 84 5B AC 7A 58 9B 68
9A 60 D8 92 FE F7 FF DF FF FF FF FF 2E D6 8C A3
10 93 EF 92 90 B4 2E BE 8C 8B 0C B4 0C 9C 50 BB
D0 AB F0 CC 30 C3 50 BB 50 B4 50 BC 30 C3 90 C4
F1 C2 2B DC EA CC 31 DC 50 C3 51 AC 10 C5 B0 AC
24 F4 88 DC 11 BD F0 C4 D1 C4 F1 C4 F1 C4 F1 C4
F0 C4 F0 C4 F1 C4 F1 C4 C9 D5 6C CD D1 C4 D0 C4
F0 CC 6F B4 B0 BC 6C 9C AD B3 10 C3 30 CB 10 C4
30 C4 90 BB 71 C4 50 C4 F0 CB 50 BC 31 CC 09 D5
8E C5 31 D4 11 D4 F1 C4 6C 8C EC B3 EC 93 CD B3
F0 CA F1 CA 0F A3 30 E3 10 BB 30 DB 30 C3 30 D3
F0 AA 8F E3 08 CD AF DB 11 BB F0 C2 4F CB AD 8B
6E 93 CC 8B 4E A3 EF 9A 2F B3 2F AB 31 D3 30 B3
50 C3 0F 9B 70 CB F1 B2 0C AC 27 BD F0 AB 72 BC
D1 B3 AF AC 2B 8C 8A 8D 8D 93 30 8C 50 94 90 95
F0 93 ED 94 EE 9B B0 B4 10 A4 70 B4 AF 9B ED C4
C9 D4 D0 B3 51 C4 31 C4 0E A4 AC 8B ED 93 4F 9B
10 BC 0F 9B B0 AB B0 A3 30 B4 AF A3 10 A4 10 A4
91 AC 30 A4 0C C5 E9 C4 50 AC AF A3 F0 9B 6E 9C
4B 8C AD 9C 8C 93 AD 9B EF 92 4F A3 90 A3 0F 9B
EF 92 0F 9B 6F 93 0F 9B F0 92 6A B4 2A B4 F0 92
0F 93 4F 93 2F 93 EF 92 EF 9A 0B 94 2E 9B EF 8A
AC AD 0F EF F0 E6 F0 E6 F0 E6 F0 E6 F0 E6 F0 E6
F0 E6 F0 E6 F0 E6 F0 E6 AF DE CF DE 10 EF 10 E7
10 EF 10 EF 10 EF F0 E6 F0 E6 F0 E6 F0 E6 F0 E6
F0 E6 F0 E6 8E D6 F0 E6 10 E7 6E D6 F0 E6 CF E6
F0 E6 F0 E6 F0 E6 F0 E6 F0 E6 F0 E6 F0 E6 F0 E6
F0 E6 0E E7 6E 94 EF 9A 6F 8B CE 93 27 BD 2E 9B
EF 92 0F 9B 4F A3 EF 92 0F 9B 0F 9B 0F 9B 0F 9B
EF 92 EF 92 EF 92 0F 9B 0F 9B 0F 9B 4F A3 EF 92
8D A3 68 C5 8F A3 50 A3 B0 B3 2F A3 0F 9B 70 AB
4E 93 8F A3 2F 9B 6F AB 0F 9B 0F 9B EF 92 D0 BB
6F A3 90 AB 70 AB AD C4 0A C5 D0 BB F0 BB 31 CC
10 BC 8D 93 4A 94 CC 93 CE A3 90 B3 F0 C3 70 AB
F0 C3 4F A3 D0 BB B0 B3 F0 C3 50 A3 CB BC 6A C5
11 C4 30 BC 31 CC 4E AC EC 8B 8C A4 2B 8C F0 A3
70 AB F0 B3 B0 B3 B0 BB 90 A3 D0 A3 B0 A3 90 AB
B1 B3 EB CC AC BC 11 A4 10 CC 4F CC C8 B4 E1 F3
EB 93 CD A3 10 B3 F0 CA F0 C2 F0 B2 F0 CA F0 C2
10 C3 30 7B B0 B3 F0 BC 69 CD 0C CE 11 DE 90 EB
31 EB AD AB 4E A4 6D A4 2B A5 4F BD EF 92 0F 9B
4E 9B A8 D5 FA F7 FF DF DF FF FF EF 55 B5 EC AB
D5 81 D4 79 D5 A3 53 AE B0 72 91 A3 11 7B F5 A1
96 A3 B6 BB 76 AA B6 C2 B6 A3 B6 BB B7 A1 4F C6
8F E3 B6 B1 D6 B9 17 F2 B7 D1 17 BA 12 9B 52 83
66 FB 07 C4 17 82 16 C2 36 CA 36 C2 36 9A 36 A2
17 AA F7 D1 6D DC 91 D3 17 C2 36 DA 37 EA 37 DA
37 E2 F3 9A 51 93 4E 93 73 8B 96 A2 D6 AA B6 A2
F6 B2 55 9A 76 AB 96 9A B7 B2 0C D5 13 CC 56 92
76 B3 97 BB D7 BB D7 BB 70 73 D0 83 30 7B 92 8B
B6 A2 D6 AA 15 8A 37 BB 95 9A 16 BB 77 A2 36 BB
8B C4 95 CB 76 9A 37 BB F5 9A F4 8A B5 93 71 72
12 73 F1 72 74 8A D5 81 76 9A 75 9A D2 8B 95 92
B6 AA 96 79 34 C3 8B D4 F1 8A 34 82 16 93 76 9C
96 93 55 94 6F 6B 51 7C 72 7A F5 7A 15 8B 57 9C
B5 8A 94 8B B4 92 37 BB 77 9A D3 CB 4B BC 93 BA
B6 A2 B6 AA 37 CB F7 C2 13 93 D1 72 F2 82 14 82
D7 BA F4 81 14 AA B6 B1 B6 D9 D5 A9 B6 B9 B5 B1
8E EB 0D E4 B7 D1 D6 B1 B6 E1 B5 A9 B6 A9 93 AA
2F 7B B2 AA B1 72 73 82 B5 79 D5 99 B5 A9 D5 89
D4 79 B5 79 D5 79 ED AB 6E A3 B5 79 D4 81 B4 79
D4 81 F4 89 D5 81 D4 79 F4 79 AF 6B 14 82 B5 71
51 95 55 F7 15 E7 15 E7 F5 E6 15 E7 F5 E6 36 EF
F5 E6 15 E7 F5 E6 36 E7 B0 B5 52 CE 72 D6 6F AD
8F B5 11 C6 0D A5 32 CE 6F B5 0D A5 F1 C5 76 EF
36 EF D4 DE 2A 84 B4 DE 11 C6 09 84 F1 C5 36 EF
15 E7 F5 E6 15 E7 15 E7 15 E7 15 E7 16 E7 F5 E6
16 E7 33 DF 14 73 D4 81 EA B4 70 93 54 7A B5 81
D4 81 D4 81 75 82 B4 79 F5 81 D5 81 D5 89 D5 81
D4 79 D4 81 D4 79 D4 81 D5 81 96 79 F2 A2 8A B4
F4 79 36 9A 35 9A 15 92 76 AA 15 92 D4 81 36 9A
33 7A 55 9A F5 89 35 9A D5 81 F5 89 D4 81 B6 BA
F7 91 52 B3 2B C5 D6 BA 36 A2 B6 BA B6 BA F7 D2
F6 BA B1 7A 6F 93 D1 72 B4 9A 76 AA D6 C2 35 A2
D6 C2 15 92 96 B2 37 A2 AF CC 6D B4 56 A2 96 B2
F7 D2 F7 CA F7 D2 53 A3 10 73 B1 93 50 73 D5 BA
56 AA D6 92 76 A2 96 BA 75 92 96 92 57 82 4F BC
AE CC 76 AA 76 9A F7 92 F7 BA 35 CB 0B BC C1 F3
0F 7B D2 8A F5 A1 D6 B9 D6 89 B6 A9 D6 C1 D6 99
96 99 B7 49 CC CC 10 A4 36 62 B6 92 B7 EA B7 DA
57 EB 31 93 D4 9A 31 93 11 95 D5 B4 B4 79 D5 79
8D A3 30 C5 DF FF DF F7 BF EF FF F7 B6 B4 CB A3
D1 92 32 82 13 AC 51 B6 0F 7B CF AB 6F 8B 93 BA
93 93 94 BC B3 BA 34 C3 B4 AB 50 CC 50 C3 52 BD
D1 D2 53 B2 53 B2 54 F2 54 F2 34 E2 0F 9B 6F 83
85 FB 06 C4 54 8A 33 CA 33 B2 33 B2 F4 89 F4 A9
2F 9B F1 EA D1 CA B2 C2 34 CA 34 E2 34 DA 34 D2
34 EA F0 9A 2F 93 4F 9B 10 AB 33 C2 33 D2 33 C2
33 D2 14 B2 F4 D9 4E C3 92 E2 F0 C2 73 EA 33 AA
14 E2 14 FA 14 FA 14 FA 6E 8B 8E A3 6E 8B 30 AB
33 CA 33 CA 52 9A 34 EA F4 B9 34 E2 6E D3 B2 E2
10 AB 53 F2 33 C2 34 F2 72 C2 B2 C2 D2 BA 0F 7B
0F 8B 2F 7B 91 9A 52 92 33 B2 72 B2 6E 93 F4 99
92 D2 8E A3 B2 D2 10 B3 53 B2 33 A2 33 C2 F4 F9
14 DA 52 E2 8D 7B 6E B3 D0 8A 0F 8B D3 AA 54 C3
B3 A2 D4 AA 74 9A F2 C3 4F B4 F2 C3 10 9B 93 B3
92 93 F3 9B D4 A4 74 A4 F1 8B 2F 7B 90 83 B2 8A
54 9C B2 8A 90 A3 13 9B F4 A3 B4 92 F0 AB CB AC
A8 AD 71 AC D4 A3 33 9B F4 A3 13 93 54 93 10 8C
CE 7B 50 8C F0 82 D1 8A 52 8A F3 92 33 93 53 8A
13 82 0F 9B 6F A3 D0 92 D0 92 52 8A 52 8A F1 82
91 8A 91 9A 52 8A 52 8A 0F 83 CE 73 72 8A 52 7A
F1 9D 32 EF F3 E6 F3 E6 D2 DE 13 E7 D2 DE 13 E7
F2 E6 13 E7 D2 DE 13 EF 4C AD F3 E6 6D B5 6C B5
6D B5 0B AD AA 9C 6D B5 0B A5 2B AD CE C5 D2 DE
91 D6 D2 DE EF C5 B2 DE AD BD 6D B5 4C AD 34 EF
F3 E6 F2 E6 13 E7 F2 E6 F3 E6 13 E7 13 E7 F2 E6
13 EF 90 CE AC 9B F0 92 6F 93 2F 93 D0 92 53 8A
52 8A 52 8A 72 A2 52 8A 52 92 52 8A 52 92 52 8A
52 8A 52 8A 52 8A F3 89 72 92 8E AB D1 AA 0F 93
52 82 33 B2 33 B2 33 A2 33 CA 33 A2 52 8A 33 B2
91 82 52 B2 32 9A 33 B2 52 92 32 92 F3 81 92 E2
6E BB 72 C2 F0 C2 14 E2 33 BA 14 DA 13 E2 14 FA
33 E2 10 8B 4F B3 2F 7B 92 B2 34 CA 14 EA 33 BA
F4 E9 F4 A1 B1 DA 4F D3 92 E2 F0 B2 33 C2 13 D2
14 F2 14 F2 14 FA F1 C2 4E 7B 6F AB 8E 83 53 D2
33 C2 14 B2 33 C2 14 D2 D4 B9 F0 E2 10 B3 B1 C2
D1 DA 33 CA 33 BA 14 B2 14 D2 F5 E1 CF C2 00 F4
6E 83 30 9B 73 92 54 BA 53 7A 53 B2 14 C2 14 BA
4F C3 10 7B F1 BA 92 6A 33 6A 14 9A 14 F2 34 E2
34 F2 2F A3 B1 7A CF 92 2E 9D D2 BC 32 82 92 8A
CC A3 53 B4 FF FF DF FF FF FF FF FF 58 B4 AC A3
AA BC 52 82 12 AC EF BD 0E 83 8E AB 8E 8B 52 C3
53 82 53 C2 13 BA 0F DB AE D3 4F DB CF D3 B4 D2
33 D2 73 C2 33 B2 14 F2 73 F2 74 D2 4F 93 8F 8B
85 FB 26 BC 74 8A 72 CA 53 BA 54 9A CE AB 6F C3
8F 93 50 EB 34 C2 53 C2 73 CA 73 E2 74 DA 74 E2
74 F2 30 9B 6F 93 6E 9B 30 AB 73 BA 73 D2 53 C2
53 CA CE CB 50 CB CE B3 F1 C2 34 A2 54 EA 72 AA
73 E2 74 F2 74 EA 73 EA 8E 8B AE A3 6E 8B 4F AB
73 C2 73 CA 52 9A 93 E2 0C CC 11 E3 CE D3 F1 DA
33 9A 74 EA 73 BA 73 EA 73 D2 54 E2 92 CA 2F 7B
D1 8A F0 82 D1 9A 72 92 72 B2 53 B2 53 B2 ED BB
10 DB CD AB 4F 8B 33 9A 32 BA 52 A2 53 BA 73 EA
53 CA B3 DA AD 83 AE AB F0 8A 53 BA 72 BA 53 EA
33 AA D1 C2 ED CB B1 F2 AD D3 53 EA 32 92 33 DA
33 C2 13 DA F4 F9 F4 D1 2E B3 4E 7B 2E 9B 91 92
F4 E9 D0 9A 0E D3 B1 A2 4E CC 2D B4 4F C3 AE CB
F4 C2 F4 B2 33 BB D2 AA 33 C3 D2 A2 D3 B2 90 A3
CD 83 CF A3 0F 83 F0 8A 72 8A F2 92 33 93 8E A3
8E A3 2F 9B AE AB 33 82 52 8A 72 8A 72 8A D3 A2
72 8A 52 92 72 92 52 8A B1 8A 0F 83 52 8A 71 82
F1 A5 32 EF F3 E6 13 E7 13 E7 12 E7 13 E7 F2 E6
13 E7 12 E7 13 E7 13 E7 13 E7 F2 E6 33 EF 33 EF
53 EF 54 EF 54 EF 33 EF 33 EF 54 EF F2 E6 0F C6
2F CE 91 D6 53 EF 13 E7 13 EF 13 EF 33 EF D2 DE
F2 E6 13 E7 12 E7 13 E7 13 E7 13 E7 12 E7 12 E7
13 EF D0 D6 8C A4 0F 93 32 82 D1 8A 11 8B 52 8A
72 8A 72 8A CF A2 52 8A 92 92 72 8A 92 92 72 8A
72 8A 52 8A B1 92 0C AC F0 92 CD AB D1 A2 32 82
71 82 72 B2 72 B2 72 A2 73 C2 72 A2 72 8A 73 B2
B0 8A 92 AA 72 9A 72 AA 52 92 D0 9A 0C AC 30 E3
CD BB 53 BA 33 B2 73 DA 72 AA 73 BA 54 EA 74 F2
93 DA 2F 8B 6F B3 2F 83 D1 B2 73 C2 73 DA 53 B2
50 EB ED BB 11 DB AE D3 54 DA 33 A2 73 BA 73 D2
74 F2 73 EA 74 F2 30 BB 6E 83 AE AB 8E 8B B2 D2
73 BA 73 E2 53 C2 50 DB ED CB 50 DB 6F D3 53 BA
53 CA 73 AA 73 CA 74 B2 73 D2 74 EA 2E BB 00 F4
6D 83 4F 9B 92 BA 73 D2 53 92 54 B2 CE D3 6F DB
6F DB 6F AC 34 B3 EF 62 6E 93 34 EA 74 E2 74 EA
74 F2 2F A3 D1 A2 EF 9A 4E 9D F2 BC 52 82 ED AB
C8 BC 95 9B FF E7 FF F7 FF FF FF FF B6 BC CF 92
6B B4 CF 92 30 B4 ED BD 6D 8B 2D AC AD 93 71 D2
91 8A D0 BA D0 B3 AE BC EC D3 D2 CA 71 C2 91 DA
11 D3 B1 C2 D1 BB 51 EC D1 CA D2 CA 8E 9B ED 93
A5 FB 45 D4 D2 9A B1 C2 10 DB 30 DB CD D3 AE BB
92 82 B2 E2 D1 BA D1 D2 D1 CA D1 DA D1 F2 D1 EA
D1 E2 6E A3 AD 9B AD AB 8E B3 B1 C2 B1 D2 2F CB
10 CB CD D3 8E B3 92 82 B1 DA D0 BA D1 E2 D0 B2
D1 E2 D1 EA D1 EA D1 EA EC 93 EC AB CC 93 AD B3
B1 C2 D1 CA 2F AB 30 EB 0C CC 30 E3 92 C2 B1 DA
D0 A2 D1 EA D1 C2 D1 EA D1 CA D1 DA 10 C3 8D 83
4F 9B 4E 8B 0F A3 B1 9A D0 B2 4F BB 10 C3 4A AC
CD 93 B1 92 91 A3 B0 93 70 84 90 8B 2F 94 92 BC
50 AC 69 CC CC 8B 0C B4 4E 93 D1 BA B1 BA D1 E2
4F BB 4F C3 0B C4 D1 E2 92 C2 D1 E2 D0 9A D1 D2
D1 C2 D1 CA F1 EA D1 C2 8E B3 8D 83 0A 94 2F 93
71 A4 F1 92 90 A4 CF A3 CF B4 AB AC B1 9B 91 A3
51 AC 11 AC 31 AC 90 A3 51 AC 90 A3 B1 A3 4E 9C
2C 8C 8E 9C 6E 8B 2F 93 B0 92 6F A3 CF A3 AD A3
CC AB B1 8A 0F 8B CF 92 D0 92 D0 92 D0 92 EE B2
EF 9A EF 92 D0 92 2E 8B 6D 8B 6E 8B D0 92 B0 8A
EF A5 10 EF F0 E6 F0 E6 F0 E6 F0 E6 F0 E6 F0 E6
F0 E6 F1 E6 AF DE F0 E6 F0 E6 F0 E6 F0 E6 F0 E6
F0 E6 F0 E6 F0 E6 F0 E6 F0 E6 F0 E6 F1 E6 11 EF
11 EF 11 E7 F0 E6 F0 E6 F0 E6 F0 E6 F0 E6 D0 DE
F0 E6 F0 E6 F0 E6 F0 E6 F0 E6 F0 E6 F0 E6 F0 E6
F1 E6 30 E7 10 8C B0 92 D0 92 70 8B 90 8B D0 92
D0 92 D0 92 D0 AA D0 92 D0 9A D0 92 D0 9A B0 92
D0 92 2E 9B 2E 9B 0B B4 EF 9A 91 92 D0 AA CF 92
D0 8A D0 B2 D0 B2 D0 AA D1 C2 D0 AA D0 92 D1 B2
0F 93 F0 B2 B1 9A F0 B2 2F A3 2F A3 2B AC D1 E2
91 AA F0 C2 D0 BA D1 DA D0 BA F1 D2 89 84 AC E3
D1 E2 8D 93 CD B3 8D 8B 10 B3 B2 C2 F1 E2 2F BB
6F E3 0C C4 B1 D2 92 C2 D1 DA D0 AA D1 C2 D1 D2
D1 EA D1 EA 2F F3 0A C4 AD 8B ED B3 EC 93 F1 D2
0E BB 8D E3 30 CB 6E DB 0C D4 B2 D2 B1 C2 D0 C2
D1 CA D1 CA D1 B2 D1 EA D1 D2 D2 C2 6C CB 00 F4
CC 8B AD A3 D1 C2 B2 CA 10 9B 30 BB EC D3 CD D3
92 B2 72 8C 71 BC 90 94 30 84 51 BD F1 E2 91 F2
F1 F2 6D 9C 6F AC 4D A5 2D A5 70 BD B0 8A 2C AC
8C A3 F4 9B FF E7 FF FF FF E7 FF EF 58 A4 F3 79
2C B4 4E 9B B4 A3 F0 AD AF 7A 8F A4 6F 8B 93 CC
B3 9B 4F C5 8D C5 75 A3 35 C2 F4 CA 74 B3 15 CB
D5 C4 34 B4 B4 B2 35 C5 95 D2 15 E2 10 A3 50 83
66 FB 06 BC 94 7A 73 CA CE CB 0D BC F5 C1 F5 B1
14 82 15 EA 14 C2 15 C2 14 C2 15 D2 15 F2 15 F2
15 F2 F1 9A 10 7B 30 73 F1 B2 73 C2 73 C2 2C DC
50 DB F5 B1 15 CA 14 9A 15 D2 14 C2 15 E2 14 AA
15 E2 15 F2 15 F2 35 F2 6F 83 6F 9B 4F 83 30 AB
93 CA 53 CA 6B C4 50 F3 D5 B1 15 E2 15 C2 15 DA
14 9A 15 EA 14 BA 15 EA 15 CA F6 E1 53 C2 F0 72
92 72 B1 7A B1 82 92 8A 92 B2 8B D4 92 C2 F4 89
33 A2 33 92 14 B2 54 92 B4 9A 73 92 74 BA 31 B3
10 93 72 E2 6E 7B 6F AB 91 82 71 B2 31 AB B2 CB
A9 CC 73 C2 D5 A9 15 EA 14 C2 15 E2 13 8A 15 DA
14 BA 14 CA 15 F2 15 E2 D2 A2 F0 72 4F 83 72 8A
54 DA 92 9A 50 DB 8B CC 54 D2 F5 A1 34 BA 34 BA
55 D2 35 CA 55 D2 34 B2 55 D2 34 AA 35 BA F1 AA
6E 83 30 AB D1 7A B1 92 72 8A 4F B3 8B CC F4 81
F4 81 13 82 33 A2 13 82 13 82 13 82 13 82 33 B2
52 92 52 82 33 82 33 82 52 82 D0 7A 72 8A 71 82
EF A4 74 EF F4 E6 14 E7 14 E7 14 E7 14 E7 14 E7
14 E7 14 E7 F4 E6 14 E7 14 E7 14 E7 14 E7 14 E7
14 E7 14 E7 14 E7 14 E7 14 E7 14 E7 14 E7 14 E7
14 E7 14 E7 14 E7 14 E7 14 E7 14 E7 14 E7 14 E7
14 E7 14 E7 14 E7 14 E7 14 E7 14 E7 14 E7 14 E7
F4 E6 53 E7 D3 83 13 82 13 82 D3 7A 13 7B 13 82
13 82 33 8A B1 8A 13 82 13 92 13 8A 13 92 91 92
52 8A 6B B4 D0 92 D4 81 13 8A 13 8A 14 9A 13 82
13 7A 14 B2 14 AA 14 A2 14 C2 14 9A 13 8A 14 B2
72 82 53 AA 92 9A B2 BA AA BC B1 92 F4 81 35 BB
D1 8A 71 B2 14 BA 15 E2 14 B2 15 DA 92 A2 35 EA
34 E2 F0 82 50 AB 10 73 F1 A2 93 CA D2 EA 6B D4
15 E2 F4 A1 14 D2 14 C2 15 DA 14 A2 14 BA 15 D2
15 F2 15 EA 15 F2 D2 B2 2F 7B 6F AB 6F 83 93 D2
73 BA 70 F3 2C DC F5 C9 F5 B9 14 D2 14 C2 14 BA
14 CA 14 C2 14 C2 15 D2 15 D2 15 E2 EF CA 00 EC
4E 7B 11 93 92 D2 74 D2 8F CB 0D C4 F5 A9 F5 C1
14 B2 95 5A 94 B2 95 62 95 6A F5 C2 75 E3 75 CB
75 E3 50 A3 12 7B 70 8B 30 9D D4 BC B0 8A E9 C4
52 8A 56 93 FF E7 FF FF FF E7 FF EF 97 AC 52 82
8E A3 69 B4 12 A4 30 A6 2E 83 AE A4 4F 83 EE D4
69 CD F2 B3 72 A4 B2 AB B2 CA B3 CB 32 BB 33 D3
B3 C3 F2 BB 92 AA 13 B5 13 CB 73 D2 4F 9B AE 8B
A5 FB E6 B3 4D 94 6B E4 73 A2 92 6A 72 B2 73 CA
73 A2 73 E2 72 C2 73 CA 73 BA 73 CA 73 F2 73 E2
73 EA 2F AB 6E 7B 6F 63 F0 B2 2C DC 2C DC 73 C2
92 CA 72 B2 73 E2 72 B2 73 D2 72 C2 73 E2 72 AA
73 E2 73 F2 73 F2 93 F2 AD 8B AE A3 6E 8B 4F AB
CA E4 8E DB 72 9A 93 EA 72 BA B1 E2 B0 CA 73 DA
71 A2 73 EA 72 C2 73 EA 92 CA F1 BA 11 BB 2E 83
10 7B 0F 7B F0 92 A9 BC 8F C3 B2 AA B2 BA 91 92
92 A2 71 92 93 B2 72 A2 72 B2 72 9A 93 C2 51 BB
D1 9A 12 D3 CD 83 EE A3 B1 82 10 BB 48 D5 71 DB
B2 AA D1 BA B1 B2 73 EA 72 C2 73 E2 71 92 73 D2
72 BA 73 C2 73 F2 73 EA 10 AB 4E 83 6E 93 91 8A
D1 E2 E9 CC B2 DA B0 B2 92 DA 72 AA 72 C2 72 C2
73 DA 73 D2 73 DA 72 BA 73 DA 72 B2 73 C2 30 B3
CD 8B 4F B3 B0 7A EC AB A9 BC 72 A2 72 B2 71 92
71 8A 71 8A 72 B2 71 8A 71 8A 71 8A 71 8A 72 A2
91 92 71 92 71 92 91 8A 71 8A D0 7A CC AB 69 B4
71 B5 52 EF F3 E6 F2 E6 F2 E6 12 E7 12 E7 F2 E6
12 E7 12 E7 F2 E6 12 E7 12 E7 F2 E6 12 E7 12 E7
F2 E6 12 E7 12 E7 F3 E6 12 E7 12 E7 F2 E6 12 E7
12 E7 F2 E6 12 E7 12 E7 F2 E6 F2 E6 12 E7 F2 E6
F2 E6 12 E7 12 E7 F3 E6 12 E7 F2 E6 F2 E6 F2 E6
13 EF F0 D6 B0 83 72 8A 71 8A F2 82 F2 82 71 8A
71 8A 91 8A D0 92 71 8A 91 92 52 8A 91 92 E9 C4
0F 9B 91 8A 91 8A 91 92 91 92 71 92 72 A2 71 8A
71 82 72 B2 72 B2 72 A2 72 C2 72 A2 91 92 72 B2
71 82 F0 AA C9 C4 B1 B2 91 92 91 92 71 8A D3 D2
B1 A2 72 BA 72 B2 73 D2 72 BA 73 DA 53 C2 73 F2
92 DA 2F 8B 8E B3 D0 7A CD AB CA E4 92 DA 92 B2
73 E2 72 A2 73 D2 72 C2 73 DA 72 AA 72 C2 73 D2
73 F2 73 EA 73 F2 30 B3 8E 83 AE AB 4E 83 AE E3
6B D4 73 B2 92 D2 73 CA 72 C2 73 D2 72 C2 72 C2
73 CA 72 CA 72 C2 73 DA 73 D2 73 F2 2E D3 00 F4
6D 83 10 93 4C E4 6B E4 73 AA 92 B2 72 A2 72 CA
72 B2 33 7A 52 BA 53 92 53 B2 53 E2 D3 EA F3 C2
D3 DA 4F AB D1 7A CF 92 2E 9D B2 BC EB AB 4B B4
52 82 B4 AB FF FF FF FF FF FF FF FF 39 B4 B4 71
F5 81 2B AC 30 C5 D3 AD 51 6A 2E C4 09 BD B5 B1
F5 91 96 B1 96 9B D6 AB F6 A9 F6 B9 D5 C1 B6 D1
F6 C9 B6 B1 56 9B D7 D4 F6 C9 D7 D9 D2 92 11 7B
66 FB 65 D4 16 62 F5 C9 D6 A9 D6 51 D6 A1 D6 C9
D6 A9 D6 E1 D6 C1 D6 E1 D6 B9 D6 C9 D7 F1 D7 E9
D7 F1 92 9A 92 6A 8B 9C 0D D4 D6 B1 F5 C1 D6 B9
D6 C9 D5 B1 D6 D9 D5 B1 D6 B9 D6 A9 D6 E9 D5 A1
D6 E1 D7 F1 D7 F1 D6 F1 10 7B F1 92 09 BD 2D D4
D6 C1 34 BA F4 89 B7 E9 D6 B1 F5 E1 F4 C1 D6 D9
D5 99 D6 E9 D6 B9 B7 F1 15 BA 11 83 13 A3 72 6A
93 72 28 B5 11 9B D4 79 75 A2 55 9A 76 A2 F4 81
55 8A F4 81 B3 9A 55 8A D4 92 34 8A 95 A2 B6 C2
16 A2 55 BB 30 6B F0 9B E9 BC B4 AA 75 A2 F6 CA
75 92 50 A3 33 AA D6 E9 D5 B9 D6 E1 D5 89 D6 C1
D5 B9 D6 B1 D6 F1 D7 E9 93 A2 92 6A 6F 9B E9 C4
15 E2 F4 91 D6 D1 B6 A9 D6 D9 D5 A1 D5 B9 D5 B9
D6 D9 D6 C9 D6 D1 D5 B1 D6 D9 D5 A9 D6 B9 B2 AA
F0 72 AF C3 E9 A4 33 82 F4 81 F5 99 F5 A1 D5 89
D4 79 D4 81 33 8A D4 81 D4 81 D4 81 F5 89 F4 81
D4 81 D5 89 B5 81 96 71 AD A3 AA AC D4 81 F4 71
56 96 56 EF 4E EF 2F EF 16 E7 15 E7 15 E7 15 E7
15 E7 35 E7 F5 E6 15 E7 15 E7 15 E7 15 E7 15 E7
15 E7 16 E7 50 EF 4D EF 16 E7 15 E7 15 E7 15 E7
15 E7 15 E7 15 E7 15 E7 15 E7 15 E7 35 E7 F5 E6
15 E7 16 E7 30 EF 4E EF 16 E7 15 E7 15 E7 15 E7
36 EF B2 CE B2 72 B5 81 D4 81 B4 81 B4 81 D4 81
D4 79 F3 81 14 9A 95 79 14 8A CA BC B1 8A F4 81
F4 81 D4 79 D5 81 F4 81 14 82 D5 89 D5 99 D4 79
D4 79 D5 A9 D5 A9 D5 99 D6 C1 D5 99 96 79 34 B2
09 BD B2 BA F5 91 D5 A9 D5 89 D5 89 D4 81 B6 D9
B5 A1 D5 B9 D5 A1 D6 C1 D5 B1 D6 D9 D5 B1 D7 F1
F6 E1 53 72 CE C3 08 B5 34 B2 F5 C1 D6 E1 D5 A9
D6 E1 D5 99 D6 D1 D6 C1 D6 D9 D5 A1 D5 B9 D6 D1
D7 F1 D6 F1 D7 F1 93 A2 B1 6A EE C3 48 BD 15 DA
F5 A1 D6 89 D6 C9 D6 C1 D5 B9 D6 D1 D6 C1 D5 B9
D6 C9 D6 A1 D6 A9 D7 F1 D6 D9 D7 F1 D0 CA C1 EB
8A AC AB C4 F6 B1 F5 C9 D6 A9 D6 A1 D6 91 D6 A1
D6 91 76 A2 16 C2 D6 61 36 AA F6 D1 B7 E9 B7 D1
B7 E9 B2 9A 35 72 0C BC 4B C6 13 BD 6A B4 33 8A
B4 79 37 9B FF EF FF FF FF FF FF FF 77 B4 32 82
53 8A 8D A3 8C CD 0E BE CC 93 AE BB 4B AC 53 BA
33 92 14 B2 33 B2 13 C2 53 A2 74 B2 33 C2 54 CA
34 D2 53 C2 13 B2 F4 F1 54 F2 35 EA AE C3 4C 9C
66 FB 45 C4 54 6A 33 CA 53 CA 54 5A 53 AA 54 CA
54 B2 54 D2 53 B2 54 DA 53 C2 54 D2 54 F2 54 F2
34 E2 AE AB CD 93 ED AB CE C3 34 BA 54 D2 53 C2
53 CA 53 B2 54 DA 53 B2 54 BA 53 B2 54 EA 53 AA
54 E2 54 F2 54 F2 54 F2 4B A4 ED B3 2B A4 CD C3
34 C2 D2 C2 92 A2 54 E2 53 B2 34 E2 34 C2 54 DA
53 9A 34 EA 92 B2 11 C3 34 D2 14 CA 73 CA 0C 94
4F 9B 2B 9C F0 A2 33 82 13 BA 13 BA 32 C2 33 92
13 B2 52 92 90 B2 73 9A 91 B2 71 9A 0F 93 72 B3
D3 9A F2 BB 8A 9C 8D A4 EC A3 13 A3 F3 A2 94 C3
90 8B D1 9B F0 A2 AF F2 14 CA F5 E9 53 9A 13 D2
33 C2 33 D2 14 FA F5 F1 10 BB 2B 94 8E 9B CD AB
34 E2 33 9A 34 DA 33 B2 14 E2 33 AA 33 C2 33 C2
14 E2 34 D2 14 DA 33 BA 14 E2 33 B2 14 C2 30 BB
6B A4 6E C3 2B 94 B1 82 33 8A 93 9A D2 9A 72 8A
52 8A 52 8A 52 82 52 8A 52 8A 52 8A B2 8A B2 8A
72 8A 73 8A 4F 9B 2F 9B 0F 9B EC 9B 32 8A 53 7A
D1 9D 33 EF 0B E7 2F EF 14 E7 13 E7 13 E7 13 E7
13 E7 13 E7 D2 DE F3 E6 13 E7 13 E7 13 E7 13 E7
13 E7 14 E7 2C EF 2D EF 14 E7 13 E7 13 E7 13 E7
13 E7 13 E7 13 E7 13 E7 13 E7 13 E7 13 E7 13 E7
13 E7 14 E7 2C EF 2E EF 14 E7 13 E7 13 E7 13 E7
14 E7 10 E7 D0 8B 33 8A 52 8A 52 8A 52 8A 52 8A
32 8A 72 92 B2 92 4E 9B 10 9B 8E A3 91 92 33 82
52 8A 52 8A 52 82 52 92 32 92 52 92 53 A2 52 82
52 82 53 B2 53 B2 53 A2 33 C2 72 A2 8E A3 B1 BA
CD A3 D1 B2 33 92 53 AA 52 92 52 92 52 8A 54 DA
53 AA 53 C2 53 AA 54 CA 53 BA 54 DA 53 BA 54 F2
B3 E2 0C A4 CE C3 0C 9C 92 B2 34 C2 54 E2 53 B2
54 E2 53 A2 54 D2 53 C2 54 DA 53 A2 53 BA 54 D2
54 F2 54 EA 35 F2 4F BB 2B 94 CE BB 8A A4 73 D2
33 BA 54 F2 53 AA 53 BA 53 C2 54 D2 53 C2 53 C2
53 CA 53 8A 53 B2 54 D2 54 DA 35 D2 4D C3 00 F4
0B 9C 0C B4 53 92 34 C2 53 A2 54 AA 53 A2 53 9A
33 9A 54 AD F3 B3 94 7B 13 B5 B4 BC 34 EA 14 BA
54 DA 2D B4 4F B5 2D AD 6C B5 CE CD 4A B4 72 8A
32 82 95 9B FF E7 FF FF FF FF FF FF F9 AB 76 71
96 79 B5 79 72 AC 32 B6 CE 83 F2 85 72 7A F7 CA
D7 AB B8 AB 17 A3 57 BC 97 99 57 AA 77 C9 78 91
78 C9 77 A1 77 B1 98 E1 98 E9 78 E9 11 BB CF 93
47 FB C7 AB 98 51 77 C9 77 D1 78 79 77 A9 77 B1
78 79 78 B9 77 89 78 D9 77 C1 78 D1 78 E1 98 F1
78 D1 31 A3 8F 83 73 7A 54 92 77 A1 97 C9 77 B9
77 C9 77 A9 78 E1 77 A9 78 D9 77 B9 78 E9 77 A1
78 E1 78 F1 78 F1 78 F1 CE 9B 8F AB 92 72 93 A2
77 B9 78 D9 77 B9 F5 A1 B5 91 78 E9 77 C1 78 D9
76 91 78 F1 96 A1 97 B9 97 D1 97 B9 D6 C1 8E 8B
F1 72 53 62 35 7A 76 79 B7 82 B6 82 54 8B D5 71
D3 72 D5 81 B8 A1 97 91 B7 A1 B6 89 93 82 F6 AA
17 92 56 B3 2C 8C 10 94 D5 69 17 9A 57 9A F8 BA
F7 91 58 A2 17 92 B8 C2 37 A2 52 C3 96 89 18 BA
F7 A9 18 B2 97 DA 76 CA D2 9A CE 8B F2 7A D6 79
18 C2 96 89 F7 C1 B7 99 38 C2 B7 99 F7 A9 F7 A9
38 C2 18 BA 38 C2 D7 A1 38 C2 D7 99 D8 A9 13 AB
2D 94 13 9B 14 6A F5 81 76 79 97 91 F6 91 76 79
96 81 36 71 56 79 56 71 36 71 56 79 96 81 76 81
56 79 36 79 32 8A 71 8A 36 71 13 62 36 79 56 69
57 8E 97 F7 53 EF 36 E7 37 EF 37 E7 37 E7 37 EF
37 EF 37 E7 17 E7 37 E7 37 E7 37 EF 37 E7 37 E7
37 EF 37 E7 53 EF 36 EF 37 E7 37 E7 37 E7 37 E7
37 E7 37 E7 37 EF 37 E7 37 E7 37 E7 37 EF F6 E6
37 E7 37 E7 53 EF 36 EF 17 E7 37 E7 37 E7 17 E7
17 EF 34 E7 33 7B 76 79 F6 79 B6 79 76 79 76 79
76 79 B6 81 F7 91 B1 92 33 92 37 71 76 79 76 79
76 79 76 79 B5 89 76 79 76 81 76 81 76 91 76 71
76 71 77 A9 77 A9 76 99 77 B9 B6 99 F0 9A 96 B1
76 69 76 A1 56 89 37 A1 36 81 36 81 36 71 38 D9
36 A1 37 B9 37 B1 38 E1 37 A9 38 D9 37 B1 38 F9
97 E9 6E 93 B2 AA F4 69 97 A9 77 C1 78 E1 77 A9
78 E1 76 99 77 C9 77 C1 78 D9 77 99 77 B9 77 C9
78 E9 78 F1 78 F1 B3 BA ED 8B F2 9A D2 6A B7 D1
77 A9 78 C1 77 B9 77 C1 77 B9 78 D1 77 B9 77 B9
77 C9 77 B1 77 B9 78 B9 78 E1 78 E9 D0 DA 00 EC
B1 52 53 8A B7 81 78 C9 77 C1 77 A9 77 C1 77 C1
77 B1 18 9C 77 B3 58 5A F7 AB 78 C3 58 F2 58 D2
38 E2 70 AB 72 94 33 83 92 84 93 C5 33 82 96 79
76 71 F8 8A FF E7 FF FF DF FF FF FF BF 92 1F 40
1F 58 1F 48 5F 82 DC 8D 3A 39 F9 75 39 41 9F A1
9F 82 DF 8A BF 90 7F B2 1F 78 1F 98 1F 78 1F 70
1F B0 1F 80 1F A0 1F F0 1F F8 1F F0 FB 70 3A 49
A9 FA 6A 9B 1F 20 1F C0 1F D8 1F 50 1F 88 1F C0
1F A0 1F B8 1F 68 1F E0 1F A8 1F C0 1F E8 1F F8
1F F8 9B 70 FA 30 39 59 DB 70 1F 80 1F B8 1F B0
1F C0 1F 98 1F D8 1F 98 1F D8 1F A8 1F F0 1F 88
1F E8 1F F8 1F F8 1F F8 79 51 99 71 78 51 3A 91
1F B0 1F D8 1F A8 1F B0 1F 90 1F F0 1F B8 1F C0
1F 78 1F F8 1F 88 1F B8 1F C8 1F B0 1F B8 7A 30
5B 40 19 39 5B 60 1F 50 1F 80 1F 80 5F 88 1F 60
BF 90 1F 58 7C 69 BD 58 7F 61 3E 50 D9 6A FF 72
DF 60 9F 73 B8 31 99 4B BC 48 1F 69 7F 61 1F 7B
DF 60 9F 69 FF 60 5F 7B FF 69 7E 7B 1F 58 3F 7A
1F 69 BF 79 7F 8B FC 8A D7 61 9A 30 D9 41 7D 50
7F 82 5D 58 7D 89 DD 80 58 8B DF 60 5F 71 5F 71
3F 82 DF 79 1F 82 DF 68 3F 82 DF 68 3F 71 7C 5A
F8 39 FB 5A BB 40 7D 50 1F 50 BF 60 DF 68 1F 58
3F 58 BF 68 5F 60 3E 58 BF 68 1F 60 3F 68 1D 68
7F 68 BF 70 3F 68 9F 68 1F 60 5E 58 DF 70 1F 50
1F 95 3F EF 9F DE 9F EF 7F EF 7F EF 7F EF 7F EF
7F EF 7F EF 5F EF 7F EF 7F EF 7F EF 7F EF 7F EF
7F EF 7F EF 7F EF 7F EF 7F EF 7F EF 7F EF 7F EF
7F EF 7F EF 7F EF 7F EF 7F EF 7F EF 7F EF 3F E7
7F EF 7F EF 7F EF 9F EF 9F EF 9F EF 9F EF 9F EF
9F EF 9E F7 7D 71 1F 40 1E 60 1F 58 1F 48 1F 50
1F 48 1F 58 1E 68 1F 48 1F 60 1F 58 1F 50 1F 50
1F 50 1F 58 1F 80 1F 58 1F 60 1F 58 1F 78 1F 50
1F 40 1F 98 1F 98 1F 80 1F B8 1F 78 1F 50 7E 90
3C 50 1F 79 7F 70 BF 89 9F 79 DF 68 3F 79 DF C9
5F 99 DF A8 5F 99 9F C1 BF A0 1F D1 1F A9 5F D9
3F C9 9E 69 5B 8A 9B 40 1E 98 1F B0 1F E0 1F 98
1F E8 1F 80 1F C8 1F B0 1F E0 1F 80 1F A8 1F C0
1F E8 1F F8 1F F8 BC A8 19 39 99 89 B8 49 1F D8
1F 50 1F 48 1F C8 1F C0 1F B0 1F D0 1F B0 1F B0
1F C0 1F 80 1F A0 1F E0 1F F8 1F E0 19 A9 E1 E3
97 39 1A 69 1F A0 1F C0 1F 78 1F 98 1F B0 1F C0
1F A0 1F 70 1F B8 1F 20 1F 98 1F C0 7F E0 7F B8
5F E8 FB 78 3E 50 9A 68 79 74 DF A3 1F 40 1F 58
1F 48 5F 71 FF EF FF FF FF EF FF F7 F9 AB 17 69
38 71 17 69 58 A3 D5 AD 73 62 B3 8D 53 62 99 B1
D9 79 7A A1 D9 99 39 B2 99 91 D9 A2 19 71 1A 91
1A C1 78 99 78 B1 1A F9 BA E1 FA E0 95 8A D5 72
A7 FB A8 B3 DA 69 D9 C9 19 D1 19 82 79 92 B9 C1
9A C2 DA E1 19 91 1A CA 98 B1 79 C2 5A D2 9A D2
5A DA 58 A3 77 9B 77 A3 58 9B 9A AB DA C2 BA B3
1A BB 9A AB DA B3 DA B3 1A C3 1A B3 3A CB 77 9A
99 C2 5A E2 1A F9 3A F9 B2 72 D3 92 93 72 54 A2
19 B9 19 D9 19 B1 19 B9 18 99 1A E9 19 C1 1A C9
59 89 7A F1 97 A9 79 C9 DA C9 99 B9 58 C9 D6 7A
35 6A 74 62 B8 9A F8 81 F9 A9 17 AA 50 AA D6 81
B1 BA 18 79 18 A9 18 91 18 A9 96 91 DB F8 BB F8
F9 A0 19 F1 D1 62 73 A2 B5 71 D9 B0 D9 B8 9A E1
18 99 DA C9 D9 A9 DA DA 7A C2 DB E1 3A A3 19 E2
B8 BA 5A CA 7A DA 1B D3 59 C3 16 83 17 9B D8 9A
FA C2 D9 AA 3A CB D8 99 D9 D2 99 A9 F9 B8 37 B9
12 DA 9A B1 D9 C9 97 A9 BA C9 77 89 F9 B8 D6 A9
D2 6A 34 AA F4 61 76 79 38 71 B9 9A 99 9A BA AB
FA B3 1A AC 5A B4 9A A3 DA AB 79 BC 79 BC 5A B4
5A B4 DB BC 1A AC FA AB 7A B4 3A A3 1A AC D9 9A
3A BC 59 D6 59 C5 59 EF 39 EF 39 EF 39 EF 39 EF
39 EF 39 EF F8 E6 39 E7 39 EF 39 EF 39 EF 39 EF
39 EF 39 EF 39 EF 39 EF 39 EF 39 EF 39 EF 39 EF
39 EF 39 EF 39 EF 39 EF 39 EF 39 EF 39 EF 18 E7
39 EF 39 EF 58 EF B9 E6 D9 E6 B9 DE D9 DE 59 DE
59 D6 5A DE 79 AB 38 82 99 92 F9 9A 77 8A 98 92
B9 92 F9 9A 18 93 99 92 79 92 38 71 18 71 18 71
18 71 18 71 58 89 18 71 38 79 38 79 58 89 F8 68
37 69 D7 A1 78 99 78 89 B9 A9 D8 91 17 71 79 A2
38 93 F9 A3 3A B4 5A BC 9A BC 9A B4 BA BC 7A B4
BA BC 7A B4 5A AC D9 B4 99 B4 DA B4 3A B4 5A B4
19 C3 58 9B B5 93 D4 69 CF 9A 78 B9 1A E1 19 A9
1A E9 18 91 19 C9 19 B9 1A D9 19 91 78 B9 78 C9
1A E9 1A F9 1A F9 16 BA 93 62 B3 9A B2 6A 58 E1
19 61 1A 49 19 D1 19 C1 19 B9 19 D1 19 B9 19 B9
1A C1 78 81 58 79 1A F9 3A F1 1A C9 53 92 00 FC
92 82 54 82 59 89 1A D1 19 89 19 A1 19 C1 19 B1
19 89 1A 91 F9 C0 FA 30 98 A9 19 99 9A C8 DA C8
FA F0 54 92 B7 99 F4 91 D3 84 78 B4 17 69 38 71
17 69 F7 9A FE FF FF FF FF FF FF FF 4E DE AB A3
D0 92 D0 8A 50 B4 0E BE 6D 8B CD AB CD 9B D0 DA
71 8A 71 B2 91 BA 71 D2 B1 A2 B1 BA D1 92 D0 D2
F1 C2 4B CC 6B D4 D2 F2 91 DB B2 BC 2E AC 92 B4
C5 FB A5 C4 92 AC F1 C3 D1 E3 52 AC 31 AC F1 AB
D1 AC 51 CB 10 D3 D0 C3 C9 D5 AD DC F2 C4 D1 C4
51 BD 31 C5 32 CD 12 C5 32 C5 32 C5 52 C5 12 C5
52 BD 32 C5 31 C5 F1 BC 11 BD 30 CD B1 C4 0A D6
EE D4 52 CC F1 EA F1 EA EC 93 EC A3 CC 93 AD B3
D1 C2 D1 DA D1 C2 D1 C2 D0 B2 D1 E2 D1 CA 10 D3
2F AB B0 CC E8 D5 EF CB 51 C4 91 CB 11 D4 B0 AC
D0 A3 8F AC 90 BC D1 AB D1 B3 71 BC F0 BA D0 AA
F0 D2 D0 9A F0 BA 0F AB 2F BB 07 CD 87 9C 8E 8C
30 B3 2C 9C 0B 7C 8D A4 4E 93 51 AB 50 AB 51 C4
D1 BC 31 B4 32 C5 F2 C4 F1 BC 91 B5 51 C5 CE C5
8A D6 52 C5 91 B5 71 B5 50 BD 32 CD 31 C5 11 BD
32 BD B2 CC 91 C4 11 B4 52 D4 B0 AC B1 A3 F0 A3
0F A5 B0 94 4D B5 CA CC 72 94 51 A4 F0 9B 2E 9C
2C 8C 8E 9C 6E 8B 6E 8B D0 92 90 9B 31 A4 30 93
F0 AB 90 A3 B1 AB 30 B4 B0 A3 CA BC AB BC D1 AB
F1 AB F1 AB D1 AB D0 AB D1 AB D0 AB 90 A3 70 9B
91 B5 71 DE F1 D5 91 DE F0 E6 F0 E6 F0 E6 F0 E6
F0 E6 F0 E6 11 E7 F0 E6 F0 E6 F0 E6 F0 E6 F0 E6
F0 E6 F0 E6 F0 E6 F0 E6 F0 E6 F0 E6 F0 E6 F0 E6
F0 E6 F0 E6 F0 E6 F0 E6 F0 E6 F0 E6 F0 E6 D0 DE
F0 E6 F0 E6 F0 E6 F0 E6 71 CD B1 CD 51 C5 F1 BC
B1 BC D1 BC 72 C5 72 CD 71 CD 70 CD 69 DE B1 CD
12 C5 11 C5 CF B4 D1 BC 11 AC F0 92 D0 92 D0 92
D0 92 D0 92 F0 A2 D0 92 D0 9A D0 9A 10 A3 0F 93
6D 9B 09 CD 30 AB F0 A2 31 BB 30 AB B1 BC B1 C3
90 A3 91 BC 71 B4 71 B3 91 BC 11 C4 11 B4 11 C4
B1 AB B1 BC B0 CB AE E3 8A D4 F1 D2 D1 BA D2 EA
D1 E2 AE 9B AD BB 4E 8B D1 BA D1 CA D1 DA D0 BA
D1 E2 D0 AA D1 D2 D1 C2 10 E3 10 AB 2B CC 8A DC
D2 E2 D1 EA D2 EA 6E BB CC 8B ED B3 EC 93 10 D3
D1 AA D1 92 D1 D2 D1 CA D1 C2 D1 D2 D1 C2 10 CB
10 CB 4B BC EC A3 D2 E2 D1 E2 D2 C2 6C AB 00 FC
CC AB AE 9B F0 BA D1 B2 D1 A2 D1 B2 D1 CA D1 BA
D1 9A D1 A2 90 D3 31 8C 89 C4 2D CE 92 D5 31 CB
D1 EA 6D AB 4F 9C 6D 9C 0C A5 30 BD D0 8A D0 92
4E 9B E7 D5 FB F7 FF DF FF FF FF FF 15 BD 6D 9B
72 8A 52 82 F2 AB EF B5 0F 83 8F AB 6F 83 73 C2
33 9B 94 AB 93 B2 D3 CA 33 A3 93 BB 34 8A 90 D4
50 BB 53 9A 73 AA 54 D2 94 F2 54 C3 4F 93 D1 9B
A6 FB 26 C4 34 93 13 BB D4 DA 34 A3 13 A3 13 CB
54 C3 74 C2 6E DB 31 CB B4 BA 53 D2 14 E3 F4 E2
14 DB 91 8B D1 A3 D0 A3 B1 B3 13 BB 14 BB 33 B3
14 CB 33 BB 34 D3 13 B3 14 CB 6E C4 52 E3 F3 B2
D4 DA F4 EA 34 F2 34 FA 8E 8B 6E A3 6E 8B 2F B3
33 C2 33 DA 33 C2 33 C2 53 B2 34 EA 34 C2 91 D2
AC BB 13 EB F3 AA 53 CA 14 D3 D4 CA D3 D2 B1 93
51 93 D0 8B 72 A3 D3 92 D3 B2 33 BB 53 C2 91 92
92 AA 52 8A D2 B2 AD BB B2 B2 91 9A 8E 9B 32 AB
93 B2 50 A3 8D 73 2F 9C F0 82 D3 A2 D3 AA 54 C3
33 AB 12 B3 D2 AB 12 CC 94 AB 72 C4 4E BC F4 BB
F3 AB 2E A4 B3 D3 B3 DB F1 AB F1 9B F1 A3 52 9B
14 D3 F3 B2 14 DB 13 B3 14 DB 32 A3 B1 AA 54 BA
31 E3 8E DB 54 DA B1 A2 8E 8B AF 9B 52 AB 90 A3
AE 83 B0 A3 2F 7B D0 8A 52 8A 11 83 53 8B 72 8A
52 8A 52 8A 73 8A 0E A4 0F 9B 52 8A B2 8A B2 8A
92 8A 52 8A 52 8A 52 8A 52 8A 52 8A 52 8A 72 82
31 9E 13 F7 F3 E6 13 E7 13 E7 F3 E6 13 E7 13 E7
13 E7 13 E7 B2 DE 13 E7 13 E7 13 E7 14 E7 13 E7
13 E7 13 E7 13 E7 13 E7 14 E7 13 E7 13 E7 13 E7
13 E7 14 E7 34 E7 13 E7 14 E7 14 E7 14 E7 D2 DE
13 E7 13 E7 13 E7 54 EF 74 DE 93 DE 53 DE 14 D6
33 DE F4 D5 D3 AB 92 A3 AD BC D1 AB 73 A3 93 A3
73 A3 73 AB 73 AB 93 A3 33 A3 52 8A 52 8A 52 8A
52 8A 52 8A 52 A2 52 8A 52 92 33 8A D1 AA CC A3
72 82 71 B2 52 B2 33 AA 33 CA 32 A2 53 A3 B4 BA
D2 92 53 B3 F3 A2 F3 AA 53 A3 D3 BA 12 9B 54 CB
D3 A2 D1 BB ED CB 73 DA 53 B2 54 DA 73 BA 73 F2
73 DA 0F 8B 8F B3 F0 82 10 93 73 BA 54 E2 53 B2
54 E2 52 A2 53 D2 34 C2 50 E3 8E BB 53 BA 53 CA
54 E2 54 F2 54 F2 10 BB 6E 7B 8F AB 8E 83 93 DA
53 9A 54 82 53 D2 53 CA 53 BA 54 D2 34 C2 4F D3
6F DB 53 AA 53 B2 54 F2 54 E2 54 D2 2E BB 00 FC
6D 9B 2F 93 73 C2 54 9A 53 8A 53 B2 53 C2 53 C2
53 B2 74 9A 6E D4 51 AD 93 B3 53 BD B4 D5 F4 CA
74 EA 2F A3 D1 8B EF 93 0E 9D 12 B5 52 82 72 8A
4E 9B B1 BC FF F7 FF E7 DF FF FF EF 19 9C EB AB
30 9B D5 71 D5 AB B0 B5 90 72 50 A3 10 73 D5 B9
36 93 76 B4 75 AA 96 BA F7 A3 4E D6 8F B3 36 B5
D6 A1 D6 99 D6 99 D7 C1 D6 F1 97 D9 D2 92 11 7B
66 FB E7 C3 B7 89 95 C1 B6 D1 B6 A9 96 B1 97 D1
ED DB 8F E3 D6 B9 D6 C1 B6 C1 D6 D9 97 F9 97 F9
97 E9 92 6A D1 8A D0 92 92 A2 96 B9 96 B1 B5 A1
B6 D1 76 A9 96 D9 4B D4 93 DA B6 81 D4 DA F5 99
76 CA 97 DA B7 D2 B4 CA 2F 7B B0 8B 30 7B 52 9B
56 AA 96 C2 55 AA 55 AA F6 99 B6 CA AB DC 53 BB
F6 89 B6 DA F5 99 56 B2 56 BA 36 AA B4 AA 91 6A
72 72 B0 6A 33 82 B4 79 15 A2 15 A2 55 AA F5 79
11 93 AA BC 94 A2 F6 91 B1 A2 53 8A 17 9B 76 A3
D6 92 74 93 2F 6B 4E 94 72 7A 75 9A 75 A2 16 BB
35 92 F3 A2 93 8A 4E CC 8B CC 15 C3 D5 89 96 AA
75 A2 B4 AB F6 C2 92 CB 2E 9B 71 62 D0 82 13 82
B6 D1 B5 A9 B6 E1 B5 A1 B7 E1 52 82 CA A4 2D DC
B7 D9 D5 D1 B6 D9 34 A2 4F A3 12 B3 76 CA CC 9B
6F 73 72 9B F0 72 73 82 D5 81 54 8A 55 9A F4 81
B6 79 6E A3 2C B4 35 82 F4 79 D4 81 55 7A 54 7A
34 7A D4 81 D4 81 D4 81 D4 81 D4 81 D4 81 D5 79
33 8D 54 E7 16 DF F4 DE F3 E6 36 E7 35 E7 14 E7
D2 E6 36 E7 15 DF D3 E6 D3 E6 35 E7 D2 E6 D3 EE
F5 EE F5 EE F5 E6 F3 EE B1 E6 D4 DE F5 DE 15 E7
D3 E6 B1 E6 B1 E6 F3 E6 B2 E6 B2 E6 D3 E6 F5 DE
F4 E6 15 DF D2 E6 B2 E6 F2 E6 F3 E6 75 E7 14 D7
15 D7 12 E7 AA BC 52 8A B4 79 B4 79 94 79 94 79
94 79 D4 79 75 82 94 79 F4 81 D4 81 D4 81 D4 81
D4 81 F4 81 95 82 B5 79 53 8A AA BC F3 8A D4 79
D5 79 32 8B F3 8A 75 8A 35 93 55 8A B4 79 94 9A
33 7A 54 92 D5 89 35 9A D4 81 56 A2 76 71 52 CB
4B CC 55 A2 75 A2 F6 BA 55 9A D6 BA B4 A2 11 E3
F6 E1 B1 7A 11 AB 92 72 8F 6B 15 B2 D6 E1 D5 A9
B6 E1 B6 99 11 E3 4C DC D6 D9 D5 A1 D6 B9 D6 C9
D7 E1 D6 F1 D7 F1 B3 BA 10 73 30 A3 30 7B 15 D2
D6 A9 D6 A9 D6 C9 B6 C9 B7 A1 AF E3 AE DB D6 B9
D6 C9 D6 C9 D6 B9 D7 F1 D6 E9 D7 D1 D0 D2 00 FC
0F 9B D2 8A F5 B9 D6 99 D6 91 D6 B9 B6 C1 B7 C1
0D DC CF CB 56 BA 36 93 B6 C2 D6 AA F7 D2 F7 D2
B7 E3 51 93 14 A3 51 9B F1 94 D5 B4 D5 71 92 8A
4A B4 76 A3 FF FF FF F7 BE EF FF F7 97 B4 6D 9B
0C AC 71 82 31 B4 0F BE 4E 83 0E AC 8E 93 B2 DA
72 93 B3 BC 93 AA 6F BB 0E BD 10 CC 50 A3 32 BD
92 CA 92 BA 92 B2 93 E2 93 EA 93 EA 6E B3 AE 8B
A5 FB 25 D4 B3 CA 92 BA 73 C2 73 D2 8E DB 4F CB
50 CB 30 E3 92 A2 92 DA 92 CA 92 DA 93 F2 93 F2
93 EA 4F 7B 8E 9B 8E A3 4F B3 92 C2 B2 BA 73 9A
73 CA 8E C3 30 E3 6F C3 F1 D2 B1 9A 2D D4 11 A3
72 C3 92 CB 93 D3 2D 94 CC 73 A9 9C EC 8B EF 93
12 9B 52 C3 D3 AA 12 B3 0D B4 D1 D3 6F CB 71 BB
B1 9A 93 D3 F1 A2 32 B3 52 BB 12 B3 71 B3 4E 83
2F 8B 6E 83 10 93 91 8A 12 AB D3 A2 11 B3 CD AB
30 AB 6E A3 11 AB D1 9A F2 AA B1 9A 32 B3 52 BB
F2 AA 71 AB AC 7B 69 9C 0F 8B AF 9B 92 9B 53 AC
F3 92 F1 A3 6E AC B2 B4 8E AC 72 AC F1 92 F2 A3
B2 A3 93 B4 93 AC 93 B4 10 94 4E 83 EE 8B 30 8B
12 AC 71 9B 53 AC 13 93 B1 AC E9 BC EB E3 6F C3
D2 DA EC BB CE BB 31 B3 B2 DB 93 D3 73 C3 ED A3
2C 84 CF 84 6D 83 0F 84 D1 8A 30 8B 73 8B 4E 9C
6E A3 0F 9B 8E 9B 30 83 D1 8A B1 8A 11 8B F1 8A
D1 8A 91 8A 91 8A 91 8A 91 8A 91 8A 91 8A 91 92
70 82 11 76 2F 9F CC 9E 0E 86 D3 86 72 86 6B 95
ED 8D D2 86 32 7F CF 7E CE 7E B2 86 CB 8D 0C B5
2E BD 4F B5 4D A5 0A BD 07 9C C7 AD 2C 96 2D 8D
49 95 68 9C C7 94 AC 8D 49 95 C7 9C AA 8D 8E 8D
CA 9C 2C 8D 6B 8D 6C 86 AC 8D 6F 7E 73 86 CC 74
C9 9D 8B 8E AD 9B D0 92 91 8A 91 92 91 92 B1 92
B1 8A 11 8B D2 83 91 92 11 8B B1 8A 91 8A 91 8A
91 8A 72 8A B1 8B CD A3 30 93 AE 9B B1 8B 91 8A
91 92 12 84 12 84 B0 83 CF 8B D1 9A B1 92 0F B3
0F 8B 8E 93 91 A2 92 AA 52 92 10 C3 CD AB 10 E3
6E BB 92 C2 72 BA 72 E2 72 BA 72 DA B1 BA 53 F2
92 E2 4E 8B 8E B3 2F 8B 93 C2 92 CA 73 E2 53 B2
30 EB AE BB F1 D2 4F CB 92 DA 91 AA 92 C2 92 CA
93 E2 93 EA 93 F2 4F C3 8D 83 AE AB AD 8B D1 D2
92 C2 73 DA 53 C2 30 DB AE C3 30 DB 30 CB 92 C2
92 CA 92 CA 92 AA 93 EA 92 EA 93 C2 4D CB 00 FC
8D A3 6F 9B B2 C2 92 AA 73 D2 53 D2 8E DB 4F C3
30 AB F0 D2 52 C2 52 8A 52 CA 52 AA 53 D2 93 CA
73 E2 6E AB D0 9A 0E 9B 2D 9D F1 BC 91 82 6E A3
2A AC D4 AB FF FF DF FF FF FF FF FF 77 BC 90 8A
28 C5 B0 92 F3 AB EF BD 0E 83 8E AB 4E 8B 53 CA
13 82 90 BA 4F C3 30 DB 8D D3 F4 C9 13 82 D3 A1
53 D2 53 C2 53 C2 54 E2 54 EA 54 EA 2F B3 8F 83
85 FB 26 CC 74 C2 53 C2 50 DB 50 BB CE D3 6F D3
34 C2 34 DA 53 92 53 D2 53 CA 53 DA 54 DA 54 EA
54 EA 10 8B 4F 93 6F 9B 30 AB 53 C2 53 CA 6F AB
F1 DA CE CB 50 E3 34 AA 53 DA 53 C2 15 EA 53 AA
14 EA F5 F9 14 FA 34 DA 8E 7B 6F AB 6E 8B 2F A3
33 AA 33 E2 6E D3 10 CB 0C C4 B1 F2 34 C2 34 D2
52 A2 14 F2 53 B2 33 CA 33 D2 33 CA 92 CA 2F 7B
F0 82 4E 7B B1 92 52 82 72 BA 8E CB B1 CA 0C B4
91 A2 33 8A 33 B2 33 A2 33 BA 52 A2 33 CA 14 DA
53 BA B1 BA 0F 7B 4F 93 10 8B 53 BA 53 BA 93 EA
AE C3 30 C3 0C CC 53 EA 14 C2 54 EA 52 92 53 CA
53 C2 54 F2 54 F2 35 F2 10 AB 2F 73 4F 93 B1 92
54 D2 33 B2 B2 EA 6E C3 D1 E2 CD D3 14 DA 71 BA
C9 DB D2 A3 D2 AB 72 A3 8B AD D3 A4 F4 A3 10 8C
ED 7B 4F 94 4E 7B 51 93 92 8A 8C 93 AD 9C 6C 94
8D A3 33 82 72 8A 12 8B 92 8A 52 8A F2 82 D2 82
B2 8A 32 8A 2F 83 52 8A 52 8A 52 8A 52 8A 52 82
0D A3 F0 75 EE 7D 8F 7E 34 65 F3 5D 73 65 8E 6C
14 65 31 65 EE 64 74 4F 95 4F 0F 65 F2 73 90 64
8F 64 B4 5D 6F 73 0E 85 51 84 4D 9C 71 6E 53 6C
F4 64 53 82 94 6C F3 73 94 5D 35 5E 53 56 70 73
0F 7B F1 7A 8D 73 10 5E D4 64 94 56 8E 85 EF 7C
6C A4 71 67 F4 6B 70 8A F0 82 52 8A 52 8A 72 8A
72 7B B1 82 90 7B 91 8A D2 82 B1 8A 91 8A 52 8A
72 8A AD A3 2F 8C 0C AC B1 8B B3 82 32 83 52 8A
52 8A 92 8B 72 8B 33 8B F1 8B D2 8A 72 8A F4 9A
10 83 10 94 73 8A 71 9B ED A3 6E AC 0C AC F3 B3
B4 92 53 A3 53 9B 13 AC 33 9B F3 A3 D0 84 B3 AC
13 AC 4F 83 CD 8C F0 82 93 D2 53 C2 F1 DA AE C3
50 E3 ED C3 54 CA 34 C2 73 DA 52 AA 53 BA 73 D2
74 F2 74 EA 74 F2 30 BB 6E 83 8E AB 8E 83 92 D2
53 BA 31 D3 6F D3 50 D3 ED C3 34 D2 33 C2 53 C2
73 CA 53 B2 53 72 74 EA 74 EA 74 B2 2E C3 00 FC
6D A3 4F 93 92 D2 54 CA 30 B3 6F DB CE DB 8F CB
34 B2 B4 D3 93 B3 33 9A B3 C2 33 8A 74 D2 74 BA
74 DA 2F AB F1 7A EF 92 4E 9D F2 BC 71 82 E9 BC
AC A3 76 9B FF E7 FF F7 FF FF FF FF B6 BC 90 8A
CD A3 2E 9B 11 B4 2E B6 4D 8B AD AB 2D 94 F1 BC
11 8B CF C4 CD D3 92 CA 72 BB 11 D3 51 A4 31 B5
B1 C2 B1 C2 B1 C2 B2 E2 B2 EA B2 D2 8E 9B CD 93
A5 FB 25 D4 F2 C2 D1 C2 AE DB CD D3 72 CA 92 CA
B1 BA B2 CA B1 C2 B2 CA B1 CA B2 DA B2 E2 B2 EA
B2 F2 6E A3 8D 9B AD A3 6F B3 D1 C2 D1 CA CD B3
6F DB 72 B2 92 DA D1 B2 B1 DA B1 C2 D2 E2 B0 B2
6A C4 8D A5 2D D4 B1 DA CC 83 ED AB AD 93 8E 9B
D1 A2 D1 DA 0C CC 6F CB 72 AA B2 E2 F0 CA AB DB
EF A2 AB EB D0 B2 B1 CA D1 D2 B1 C2 10 CB 6E 83
4E 8B 8D 83 0E 9B D0 92 F0 BA 0C CC F0 C2 72 9A
B1 AA B0 92 0A AC 8C 93 F0 AA B1 AA 8D BB 4A BC
B1 BA 10 BB CC 7B ED AB 2F 8B B1 BA F0 BA 11 EB
4A C4 2E C3 72 B2 B2 EA D1 C2 B2 E2 2F 93 8C CB
B1 C2 B2 EA 6E E3 09 CD CD A3 6E 83 EB 9B 2E 93
AD CB 0E 9C AD A5 8C B4 12 AC 72 A3 51 AC 91 A3
32 AC D1 AB F2 AB 92 A3 52 BC 2D B5 D0 9C 6F 8C
4B 84 2D 85 8D 83 0F 8C 71 8B AE 85 4C 9D F1 7B
91 92 B0 92 AF 8B CF 83 51 8B B0 83 30 8B 10 8B
90 8B B1 83 6E 8B B0 92 B0 92 2F 8B D0 92 F0 92
AD 9C 4E 8E 52 6D 12 6E 71 75 F1 6D D1 75 91 66
51 75 70 75 0E 75 52 5F 52 5F 8E 75 0E 93 6D 8B
0E 75 11 76 0E 93 EA 9C CD 94 51 83 12 6E D1 7C
F0 7C F0 92 AD 7C 10 84 0E 6E AC 7C 90 75 D0 7C
6D 8B 2F 8B CC 83 0E 6E 31 7D 91 6E EC 9D 0B 8D
8F 7B 32 5F 30 84 70 8B D0 7C B0 92 B0 92 B0 92
70 8B F0 8A F0 83 CF 92 F0 92 D0 8A 0F 8B 4E 8B
2F 8B 4C AC 8F 8C 91 8A B1 8B 30 93 71 8B B0 92
B0 92 11 8C 11 8C D0 8B 0F 8C 2F 93 D0 92 91 93
4E 8B 8F 94 F1 9A EF 9B 6B AC 31 9C 71 8A D2 9C
CE 93 AC 9B 92 BA B2 E2 B1 BA B2 DA 92 E2 B2 F2
D1 DA 6E 93 CD B3 2E 8B B1 DA B1 CA 2F DB EC C3
72 EA 71 AA 91 D2 91 CA 72 E2 B1 AA 91 C2 91 DA
72 FA 72 F2 72 FA 2F C3 AD 8B AD B3 CD 8B D0 DA
B1 C2 2F E3 AD DB 52 D2 52 C2 91 DA 91 CA 91 CA
91 D2 91 BA 91 B2 72 F2 72 F2 72 E2 4D D3 00 FC
8C A3 6E 9B D1 D2 B1 CA 8E 9B CD DB 72 CA 92 C2
B1 BA B1 D4 51 B4 32 A4 F1 CB 12 BD B2 DA 52 CA
D2 EA 4E 9C 30 A4 0E 9D 0D 9D 31 BD CF 92 2C AC
B0 92 D4 9B FF E7 FF FF FF FF FF EF B6 AC 90 8A
4F 9B 69 B4 91 AC 50 AE 6D 8B 4D AC AD 9B AF CB
0B C5 12 C5 D2 AA F1 B2 11 BD 92 C4 D1 8A 92 BD
B2 CA B1 C2 B2 C2 B2 E2 92 EA 93 E2 6E AB CE 8B
A5 FB 06 D4 0D D4 0C DC 72 CA 72 C2 B1 CA B2 CA
B2 BA B2 C2 B2 CA B2 D2 B2 D2 B2 B2 B2 DA B2 F2
B2 EA 6E A3 8E 9B CD AB 6F B3 ED D3 ED DB 72 92
92 D2 B1 B2 B2 D2 B1 B2 B2 DA B1 C2 B2 E2 B1 B2
B1 E2 D1 EA D0 F2 B2 CA CC 7B CD AB CD 93 AE AB
4B CC 6E E3 73 BA 92 C2 B1 B2 92 EA 92 CA 72 E2
91 A2 92 F2 91 B2 92 CA 92 D2 92 C2 F1 CA 6E 83
2F 9B AD 93 0F 9B 4A B4 4F C3 53 B2 91 C2 B1 A2
91 AA B0 92 D0 D2 F0 B2 B1 BA B1 A2 B1 CA F0 D2
B2 BA F0 BA EC 7B CD B3 4E 93 F0 C2 8A D4 F1 E2
72 AA B1 C2 B1 B2 B2 EA B1 BA B2 E2 B0 A2 B1 CA
B2 C2 B2 F2 D1 EA F0 EA 4E B3 6E 7B AD 9B 2F 9B
D1 E2 A9 CC 10 DB 72 AA D2 D2 D1 BA D2 DA B2 BA
B2 DA D2 CA D2 D2 4E BB 71 DB F0 D3 F2 B3 EF 9B
0C 84 8E 9C AD 83 4C A4 8B B4 F2 93 72 93 91 93
B0 92 B1 92 8F 7C 30 84 11 8B B1 8B F0 8A F1 8A
71 8B 91 8B 8D 83 B0 92 2F 93 AD 83 EC A3 2B B4
90 7B 92 6D 91 75 12 6E 72 75 F2 6D B2 6D 92 66
32 75 F1 6D 90 66 52 5F 52 5F 8E 6D AD 83 AD 8B
8D 7C 8C 9D 8C 9C F1 7B 4F 83 2F 8B 12 6E B1 7C
8E 7C 0F 8B 8E 7C 70 83 52 5F B1 6D 91 6D B0 7C
2D 8B 6E 7C 8B 84 EE 6D EC 9D EE 7E F3 6C CD 74
6E 8B 52 5F 11 84 71 83 F1 74 B0 92 B0 92 70 83
50 7C 51 8B 70 7C B0 92 D0 83 2F 93 0F 93 0A AD
6E 93 B2 8A 32 84 D0 92 11 84 11 8B 30 8B B0 92
B1 92 0F 8C EF 83 92 8B B0 8C 90 93 D0 92 D2 93
8E 8B 0E 8D AB B4 F1 93 D2 8A 31 94 B0 92 D2 94
F0 93 50 A4 AE A3 EF C3 F2 AA 52 C3 72 C3 92 D3
91 C3 6E 8B 4D A4 4E 8B 0F C4 0B C5 52 BB D2 A2
92 CB F1 A2 72 BB 51 B3 92 C3 F1 A2 32 B3 72 B3
F2 CB D2 C3 F2 CB 0F AC AD 83 6D 9C EC 8B 8E BC
AC C4 93 AB 32 B3 72 B3 51 AB 92 BB 52 AB 51 AB
72 AB 52 9B 52 93 F2 CB D2 CB F2 C3 0D BC 00 FC
0C A4 0C 94 27 D5 2D DC B2 B2 92 CA D1 D2 D1 A2
B2 A2 32 DB 32 BB 52 AB 32 D3 B2 AB 72 C4 92 D4
72 E4 EE 9B 90 AB 0E A4 4C AD 10 BD 2B AC CD AB
91 8A F4 A3 FF DF FF FF FF F7 FF F7 97 AC 71 8A
B1 92 0B AC 0F B5 10 AE 0E 7B 8C BC E9 B4 92 C3
B1 BB 52 C3 F2 AA 32 B3 72 C3 F2 CB 32 93 92 BD
92 D2 92 C2 92 C2 93 E2 B2 EA 92 E2 4F AB 8F 83
85 FB 64 DC D2 CA B1 C2 92 D2 92 BA 92 CA 92 CA
92 CA 93 D2 92 BA 92 DA 92 D2 93 B2 93 CA 93 F2
93 F2 2F 9B 2F 93 6B BC 0C C4 B2 C2 B2 CA 92 92
92 D2 92 B2 93 DA 92 B2 92 DA 92 C2 93 D2 91 AA
6F D3 51 E3 31 E3 F2 BA 8D 73 AE 9B C9 AC 6C C4
F2 BA 12 CB D2 BA D2 BA B2 AA F3 DA F1 C2 D0 BB
B2 9A F3 E2 B2 AA D2 C2 31 C3 D1 C2 B2 CA 0F 7B
4F 93 C9 B4 6D A3 B1 92 4E B3 F0 AA B2 B2 B0 9A
D0 A2 71 92 73 D2 72 C2 72 CA 91 9A 72 CA 73 D2
72 BA D1 BA 8D 73 CE B3 8A B4 D1 BA D1 BA 93 E2
92 B2 92 C2 92 B2 93 EA 92 B2 93 E2 91 9A 92 CA
92 C2 93 F2 73 EA 4C F3 8C AB 0F 73 AD A3 8A B4
4F D3 F1 B2 D3 DA B2 AA D2 D2 B2 BA D3 D2 F0 B2
10 D3 D2 C2 D3 CA AE B3 72 BC 34 BC B3 BB CF 9B
AE 7B 8E AC C9 9C B0 8B 71 8B F2 7C 12 84 F2 83
91 8A 71 92 B1 6D 51 7C F1 8A B1 83 F1 8A D1 8A
51 83 91 83 8D 7B 72 82 0B 9C E9 9C 30 8B B0 92
8F 83 B2 6D 72 6D 12 66 72 6D F2 65 B2 6D 93 5E
12 75 53 66 93 57 33 57 53 57 4F 6D CE 73 8A 9C
0A 8D D0 83 70 7C 32 7C B1 83 51 83 12 66 B2 74
CF 74 10 83 92 74 71 83 53 57 F3 65 B2 6D 71 6D
EE 82 4E 65 A9 9D 6D 7E 12 75 B2 66 12 75 51 6D
31 83 53 57 12 7C 51 83 F2 74 91 8A 91 8A F1 7B
D2 74 91 83 71 7C 71 8A 8F 7C 8A AC 4F 93 91 83
F1 83 31 8B 11 7C D1 8A D1 7B 11 8B 30 8B 91 8A
71 92 F0 83 D0 83 92 83 73 75 12 84 52 8A 50 8C
C9 AC 4E 85 11 8B F2 83 F1 8A 32 8C 91 8A 12 8D
12 8C 13 85 30 8C 71 8D D2 8B D2 8C F2 8C B3 95
12 8D 50 7B AD 8D A9 AC 31 8D 92 8C F2 8C 92 8B
73 8D 50 8B 51 94 D2 93 73 9C 70 8B 10 8C D2 AB
93 B4 73 AC 73 B4 70 9C 4E 7B 0C A5 29 AD 31 AC
91 A3 33 A4 B2 A3 D2 A3 92 9B F2 AB 92 A3 92 A3
D2 A3 B2 93 92 7B 93 9C 73 B4 73 9C 4E A4 E1 F3
EA AC 09 AD 2C B4 32 CB F2 C2 12 C3 F2 C2 F2 A2
F2 9A F2 D2 D2 B2 F2 82 D2 BA F3 A2 D3 B3 F3 CB
D3 D3 8F 9B F1 9A 4B B4 E9 BD 10 C5 0B AC F0 92
71 8A D4 A3 FF F7 FF FF FF F7 FF FF 77 BC 51 82
72 8A EF 92 8A CD 4C C6 A9 AC 4E AB EE 8B 33 A4
33 C2 53 C2 13 AA F3 C1 33 C2 F3 D1 93 A3 D3 C3
33 D2 53 C2 33 B2 F4 F1 CC E3 70 AC CD A4 CA B4
66 FB 26 D4 74 C2 53 C2 53 D2 53 BA 53 C2 53 D2
53 D2 53 DA 53 92 53 D2 53 CA 53 CA 54 D2 74 F2
54 F2 4B BC 8A B4 4F 9B 30 B3 53 C2 53 CA 53 92
53 D2 53 B2 53 DA 52 B2 53 DA 53 BA 53 B2 72 B2
4E DB 11 EB 94 EA 93 C2 E8 A4 AB C4 6E 83 6F AB
54 BA 73 D2 73 BA 73 C2 72 AA 74 DA B1 C2 4B BC
92 9A 74 EA 72 A2 34 CA 91 DA B1 C2 72 CA E8 AC
6A 8C 8D 7B D1 82 53 8A 2E 9C CF 93 93 93 10 8B
50 93 72 8A 71 AB 33 AB 53 AB 92 92 53 AB 73 B3
F3 A2 91 AB 27 AD CD AC F0 82 F0 92 52 AA 54 EA
52 AA 53 C2 52 B2 54 EA 53 B2 53 E2 52 9A 53 D2
53 C2 54 F2 92 F2 B0 F2 6E C3 08 AD 6E 9B 0F 8B
AB AC 13 9B 13 B4 12 9B D3 AB 53 A3 D4 B3 CD A3
8D AC 54 9B 73 AB 72 A3 51 C4 D3 C3 74 B3 0E AC
87 B5 4E 9C 4E 7B EF 7B D2 8A D3 93 72 93 52 93
52 8A 52 8A 53 94 73 8B B2 8A 32 8B B2 8A B1 82
51 83 53 7B 6A A4 2B B4 2E 7B 0F 7C 33 83 52 8A
B1 7B 93 65 73 65 33 5E 73 65 13 66 D3 65 B3 5E
13 6D 53 5E 74 4F 74 4F 74 4F 2C 8E A8 9D 4F 6C
CC 7B CD 73 93 74 F2 7B D3 7B 52 7B 13 5E 93 74
73 65 32 83 B3 74 52 83 74 57 91 65 B2 65 B3 56
48 B4 0A 86 4D 74 EF 65 F3 6C 93 5E 13 6D 93 65
32 83 54 57 F3 7B F1 82 B2 74 72 8A 52 8A 91 7B
51 74 52 83 EF 73 89 B4 AD 85 B1 82 D1 82 13 83
13 6D 92 7B AF 7B F2 82 50 7B F1 8A 33 8B 52 8A
71 8A 93 8B 93 8B F2 8A 33 94 91 93 A9 BC 0F A4
10 83 51 94 93 8A 30 8B B2 8A B4 93 71 8A AF BB
D3 AA 33 C3 B3 A2 15 B3 F3 A2 73 B3 73 BB D4 C3
11 C4 09 B5 0E AC 0F 83 13 C3 D3 BA F3 C2 B2 A2
13 D3 B1 9A 91 CA 53 9A 53 DA B1 AA D1 C2 13 D2
14 FA 13 E2 14 FA 6E DB 28 B5 6E B3 8D 8B 53 DA
33 C2 13 DA 33 D2 33 D2 33 B2 13 DA 33 CA 33 C2
33 D2 33 B2 33 92 F4 E9 13 FA 14 D2 6C D3 20 FC
6D 93 2F 9B 34 C2 33 D2 53 CA 53 D2 53 CA 53 CA
53 BA 93 DA 73 CA 13 6A 53 C2 13 AA 14 DA 34 F2
14 FA 4B C4 0C C4 AF 9A 2F 9D 0C D6 CB AB 73 8A
51 82 B5 A3 FF F7 FF FF DF FF FF FF 9B AB F8 60
19 71 37 69 F5 AB F4 B5 B1 72 F4 92 54 72 7A B0
DA 78 BB A8 DA 91 3A A2 FA B8 7A B9 BA 80 DA C8
5A D1 3A B9 FA B1 9B F2 FB E8 FB E8 93 BA 32 63
07 DB C8 CB FB B8 FA B8 FA D0 FA 88 FA 98 FA D0
FA C8 FB D8 FA A8 FA B8 FA C8 FA C0 FB C0 FB F8
FB F0 93 92 F2 8A 35 82 16 9A FA B0 FA C0 FA 78
FA D0 FA A8 FB D8 F9 A0 FA D8 FA B0 FB E0 F9 A0
BC E0 BC F8 DB F8 FA D0 50 6B 12 A3 54 6A 54 9A
18 B9 5A C9 3A A9 3A B1 19 91 5B B9 3A B9 FC D0
F9 88 7B E9 58 91 D6 82 14 7B 3A A9 B9 B9 F1 72
96 71 14 5A 77 61 F9 68 1A B1 FA A0 1A A9 F9 80
FA 88 18 81 D9 C9 3A A9 5A B1 19 81 3A B9 5A C9
1A A1 B8 A9 8F 6B 13 A3 96 69 1A 99 19 89 5B E1
19 99 3A B1 19 99 5B E1 1A B1 5B D9 F9 80 3B C1
1B B1 7A E9 0D C4 1B BB D6 8A F0 72 D4 6A 97 71
1B AA B9 91 9B B2 99 89 5A AA FA 89 9B A2 37 92
B9 AA D7 73 B9 7B D6 6B 14 7E BB 7C BB 63 B5 7B
0F 74 B1 64 54 5A 95 6B 98 71 7A 6B 7A 6A 59 72
F8 68 D8 70 FA 63 99 6A 79 69 39 6A 98 69 79 69
39 62 7A 5A F1 6A F5 81 F4 59 14 53 F9 61 18 69
99 4B 3A 3D 1A 45 BA 3D DA 44 9A 35 3A 45 5B 36
7A 4C DA 3D 7B 27 5B 2F 7B 2F 32 55 12 5D D6 4B
15 44 DB 35 D3 4B F6 52 BA 5A 39 62 DA 3D DA 4B
FA 44 F9 61 53 53 38 62 BB 1F D9 2E 3A 36 B6 2E
0F 73 73 4D B3 4B B5 35 7A 44 BB 2E 9A 44 3A 3D
F9 61 BB 1F FA 52 53 5A 17 4C F9 68 F8 70 DA 4B
7A 44 F9 61 DA 3C 73 73 94 54 78 61 97 69 D8 61
B7 4B 79 5A 9A 4B B9 61 77 5A B8 61 59 5A F8 70
D8 70 FA 53 3A 53 D8 5A 95 4C D6 53 54 82 75 6A
D5 61 72 5B 78 71 F7 82 18 71 95 82 D9 68 DB 92
39 8A DA 92 1A 82 15 94 99 99 FB B1 1B BA 7B CA
33 BB D1 82 54 AA B6 61 DA D8 BA C8 9A D8 BA A0
BB E8 DA A0 DB D8 FA A8 FA D0 DA B0 DB E0 FA C0
FB F0 1B B9 FB F0 35 C2 30 7B 94 9A 93 6A 39 D1
FA A0 FB C0 FA C0 FA C8 FA A0 FA D0 FA B8 FA B8
FA B0 FA 90 FA 90 FB E8 1B F9 FB C8 73 B2 00 FC
72 8A 15 7A 39 C9 FB D0 FA C0 FA C8 FA D0 FA 98
FA 90 9A CC 3A AB 7A CA FA BB DA 9B FB D0 DB E0
1B D9 52 93 35 A4 B5 83 53 84 15 BD B5 79 19 71
F8 68 9A 82 FF E7 FF FF DF E7 FF EF 9F 82 1F 48
1F 58 1F 48 5F 8A DB 95 B9 38 D8 7B 79 59 BF B1
9F 61 7F 89 DF 8A DF B1 5F A8 DF A1 1F 8A 5F C8
1F A3 BF 8A 3F 88 7F E4 5F D8 1F C8 1B 71 5A 39
C9 EA 6A BB 1F B8 1F B0 1F D0 1F 88 1F 98 1F D0
1F C8 1F E0 1F B8 1F D0 1F C8 1F B8 1F E0 1F F8
1F F0 BB 60 1A 61 59 71 FB 88 1F B0 1F C0 1F 70
1F C8 1F 98 1F E0 1F 90 1F B0 1F B0 1F E0 1F 88
1F E0 1F F0 1F F8 1F D0 78 31 99 79 59 51 79 89
5A B0 DF 89 FF 80 FF 80 7F 70 1F 9A 3F 81 DF 91
1F 60 3F AA 3F 68 BF 79 FF 8A 1F 81 BF 81 9B 38
1D 48 39 39 7D 58 1F 50 1F 81 9F 70 DF 78 1F 60
3F 68 1F 60 FF A1 FF 78 1F 89 1F 58 5F 6A BF 6A
3F 61 7E 5A 57 29 D9 4B BC 48 BF 60 BF 58 9F 73
FF 60 DF 69 3F 61 9F 73 DF 61 7F 73 5F 50 9E 6A
7C 62 1F 7C BF 73 DF 7B 7C 52 7A 38 19 42 BD 50
BF 72 5F 61 5F 73 1F 61 DF 72 FF 51 BF 72 7B 79
BD 92 7F 72 5F 72 9F 69 1D 65 9F 64 3F 63 DC 4A
38 32 5B 4B 78 39 7E 52 3F 58 5F 5A FE 49 BF 49
1E 50 1E 50 1F 34 FD 39 9F 48 5F 39 1F 48 3F 48
FF 48 5F 41 78 39 1F 48 19 41 D7 39 3D 48 1F 50
7F 3A FF 33 BF 33 5F 3C 7F 2B 3F 1C DF 3B 7E 35
3E 3B 5F 34 3F 26 FF 2D 5F 2E B8 2B 59 2B DA 3A
19 33 3F 34 7F 1D FF 32 7F 41 3E 41 DF 34 9F 3A
7E 2C 9F 48 7E 15 5F 31 DF 07 3F 07 1F 0E FF 07
39 2A 5A 14 37 2B 7B 0D FF 23 DF 06 1F 1C DF 14
FF 40 DF 07 DF 2A 7C 0D FF 23 1F 50 1F 50 FF 2A
FF 23 DF 40 5F 1C 3D 39 BB 1B 5D 48 3D 48 3F 41
FE 23 7F 39 BF 32 FE 40 3B 32 DD 40 7C 39 1F 58
5E 48 FF 2A FF 39 DF 3A 5F 1E 9E 2B 1E 48 1C 42
9B 48 F8 24 FF 48 DB 52 3D 50 9C 42 1D 50 DC 62
DE 69 FB 7A 9F 78 3D 9A 1F 80 BF B0 BF B8 1F D1
DF B8 DB 48 59 72 9B 40 1F A1 9F 98 DF A8 9A 88
5C E8 1F 90 1F D8 1F 78 1F D0 1F A8 1F D8 1F C0
1F F8 1F B8 1F F8 BC A8 39 39 B9 89 B8 49 1F C8
1F 98 1F C0 1F C0 1F C8 1F B0 1F D0 1F B0 1F B0
1F 98 1F 80 1F 48 1F F0 1F F8 1F C0 18 A1 E1 FB
97 79 1A 59 1F B8 1F D8 1F C0 1F C0 1F D0 1F 58
1F 60 1F D3 7F 9A 7F 99 9F AA FF BA 7F 98 3F B0
9F B8 9A 61 9E 82 1A 73 18 64 1F 94 1F 40 1F 58
1E 48 5F 69 FF E7 FF FF FF E7 FF EF F4 B4 B4 79
77 71 56 71 97 93 35 8E 52 6A D1 7B 73 7A 78 BC
B8 83 19 BC 98 A3 78 BA F8 B9 18 B4 98 9A 79 C9
F9 B3 13 BB 73 B2 59 DC 19 82 59 C1 93 7A D3 7A
47 FB C7 C3 59 A9 58 B9 58 C9 58 B9 58 C1 58 C9
58 C9 59 D9 39 B9 39 D1 12 DB 55 C2 59 E9 59 F1
59 F9 54 92 93 82 B3 8A 54 9A 58 A9 58 C1 58 79
58 C9 58 A9 59 D9 58 A1 59 A9 39 B9 59 A9 F1 BA
16 EA 59 D9 97 F1 6E BB 11 5B F2 9A B2 72 94 A2
39 B9 18 E1 38 B9 37 C1 37 A1 D9 F8 18 C9 F9 E0
18 89 38 F9 F1 C2 37 D9 BA F8 F8 C8 D5 B1 53 62
D5 71 92 62 B6 81 57 79 38 C1 38 A9 38 B9 37 89
76 91 96 89 19 F1 F9 A8 77 B1 10 B3 97 C9 39 D1
58 A9 B6 B1 F0 5A F2 A2 F4 79 57 99 57 99 39 F1
57 A1 58 B9 38 A9 19 F9 58 B9 39 E9 18 81 53 D2
8D CB 78 F9 39 F1 39 F9 15 A2 72 5A 92 82 D5 81
39 D9 57 A9 39 E9 58 A1 39 D9 38 B1 39 D9 38 B1
1A E1 F9 C8 F6 E1 4D D3 49 D4 F7 CA 39 BA D4 8A
31 6B 14 93 D0 62 D3 9A 77 81 B3 A2 B6 7A D3 6A
17 6A 97 71 99 64 19 6B B8 69 F2 8B 93 8A 97 71
57 72 78 72 B2 62 96 71 D2 62 90 5B 35 6A 77 71
77 63 B8 5C 99 54 78 55 B8 54 58 4D D9 54 36 4E
71 85 F6 65 D9 46 B9 46 D9 46 73 54 53 5C D4 5B
12 5C 16 5D 39 3E 38 54 76 62 76 6A F8 3D 17 54
F8 4C D8 69 59 3E 51 8C 97 3F F9 36 19 3E B9 2F
52 5B F3 4C 11 54 B4 45 98 54 B9 36 B8 4C 58 45
57 6A 59 2F 18 54 5A 2F 39 4C 95 79 0F 9B 15 5C
99 4C 57 6A F8 4C B4 62 74 54 F5 69 34 6A B8 62
38 45 B7 62 B8 5B 76 6A 74 4C 36 63 56 5B 18 71
55 64 EF 84 33 5C 16 73 78 65 D0 5B 33 6A 74 63
33 6A 57 6D 58 7A 18 6D 97 72 99 73 B7 72 B5 6D
95 73 73 84 B9 91 77 BB B2 AB B9 A2 F8 AA 5A BB
38 A3 73 72 D3 83 14 6A 18 A3 98 9A D8 A2 36 8A
F7 BA F8 91 78 B2 38 7A 79 AA D9 99 B4 BB D2 B3
B9 C2 0F A4 CF F2 16 BA B2 6A D2 9A D1 72 98 C9
58 B1 59 C9 58 B1 58 C1 58 B9 58 D1 58 B9 38 B9
19 59 74 B2 54 BA 39 F9 59 F9 59 C9 72 B2 00 FC
B1 92 73 72 78 B1 59 D9 58 C1 58 C9 58 D9 58 79
58 81 F8 D9 79 99 19 89 52 DB 55 E2 B9 EA F9 D2
B9 C2 53 8A 16 A2 F3 91 13 8D 97 B4 56 69 77 79
76 71 11 AC FC EF FF F7 FF FF FF FF 2F DE CB A3
B1 92 90 8A 31 B4 0F C6 6D 83 6F B3 4E 93 B1 92
D2 8A 92 82 91 B3 D2 C3 D2 C2 F2 BA B2 9A 4F D3
10 DB 6E CB 8D B4 13 E4 B2 92 34 D2 4F A3 AE 8B
85 F3 25 D4 92 C2 71 CA 72 DA 72 AA 72 B2 72 DA
72 DA 72 E2 2F D3 B0 E2 CC E3 2F DB 52 D2 52 F2
52 EA 4F 93 6E 9B 8E A3 4F AB 72 A2 72 DA 72 C2
72 D2 91 BA 72 E2 91 B2 72 C2 4E D3 B1 EA 0C CC
10 F3 53 E2 72 FA B0 DA CC 7B AD AB 8D 93 6E B3
72 CA 72 DA 92 C2 2D C3 4E A3 52 CB 12 BB 52 CB
6E B3 B1 DB 8B C4 CF B3 6D 84 0D 84 4B BC 4E 93
B0 8A 8D 83 F0 82 91 8A 91 CA 91 BA 91 C2 91 A2
91 AA 91 A2 B1 EA 6E CB F0 CA 2B BC B1 D2 72 DA
92 BA D0 C2 EC 7B AD B3 0F 93 D0 9A 91 AA 72 F2
91 B2 72 CA EF 9A 8E B3 72 CA B1 EA 4E AB 10 DB
CD DB 53 FA 72 F2 52 FA 2F B3 6E 7B 8D 9B F0 9A
53 E2 91 BA 72 EA 91 B2 72 E2 71 C2 72 E2 91 BA
F0 EA 2F DB 4F E3 EC D3 91 F2 92 F2 72 E2 2F B3
CC 8B 6F B3 AD 83 F0 BA B1 9A 50 B3 12 A3 72 BB
D1 9A B1 92 90 9B 0B B4 4E 8B 8B 9C ED A3 D1 8A
71 8B 91 8B AD 83 F0 8A ED 83 8C 7C 50 8B B1 8A
51 84 32 7D F1 84 D2 8C 72 8C B2 94 6F 95 51 95
4D AD 8E 95 AE 7E 70 7E 33 7E CE 7C AE 7C 6E 84
6E 7C F2 84 51 85 70 8C 90 83 70 8B F1 6D 31 7C
30 6E AD 94 51 6E 0B A5 30 6F D2 5E 32 66 52 5F
2D 7C 4E 75 AC 7C EE 6D 12 75 92 66 12 75 92 6D
71 8B 12 5F B1 7C D2 66 4E 8D AF 93 0C A5 F1 75
4F 7C EE 8A 10 75 AF 83 CF 74 30 8B 4D 83 31 8B
F2 7C 91 8B 12 84 72 8B B0 75 D0 83 EB 7C 8D 9B
B0 8C AC A5 4D 66 2B 74 50 6E 50 7D 8E 83 6C 7C
0C 7C AC 6D 50 8B B2 A4 71 93 F1 93 71 9B D3 9C
92 93 70 B4 2E AC EF B4 AC B4 F2 AB 12 AC 2C BD
EA C3 2F 8B AD B3 2F 8B B1 D2 92 CA 72 DA 92 B2
93 E2 B1 B2 B2 DA B2 9A 50 DB 4F C3 AE E3 ED D3
B3 EA F1 EA D1 F2 4F C3 AD 83 CD AB CD 8B D1 D2
92 C2 B2 AA B2 BA B2 CA B1 C2 B2 D2 92 C2 2F CB
50 93 AE CB 8E DB 93 F2 B2 F2 D1 D2 C9 BB E1 FB
AC AB 6E 8B D1 C2 92 DA B2 CA B2 CA B2 D2 B2 A2
B2 AA 72 E2 4E CB F0 AA 0C DC 2F E3 F2 F1 52 EA
72 CA 8E 9B D0 AA 0E A3 4D 9D F1 BC 90 8A B1 92
8D A3 C9 D5 FC FF FF FF FF FF FF FF 35 C5 2B AC
B6 79 75 71 B6 A3 D2 B5 91 6A 73 AA 92 82 D6 89
76 79 77 59 76 B1 56 C9 B6 B9 F7 C9 77 89 CE D3
CE E3 78 99 97 81 97 F9 B6 D1 2B D4 EF 8B 32 5B
E6 D3 47 C4 B7 9A 76 A2 B7 B2 B7 8A B7 8A B7 B2
B7 AA D7 B2 4B C5 11 B5 D8 92 15 BB 57 93 37 B3
77 B3 F3 7A 31 83 71 83 53 8B 76 82 B7 AA 76 A2
B7 AA 56 9A F7 B2 36 92 D7 92 6B C5 33 C4 D7 89
F7 BA 57 AB 58 C3 D7 B2 10 6B D1 83 31 73 92 8B
76 A2 F7 B2 76 A2 D5 9A B5 82 37 94 37 8B 56 94
49 B5 33 9D 57 82 76 8B D6 8B 36 83 B3 9C B2 7A
B5 79 D1 72 34 6A 95 79 96 A2 56 9A 76 9A D5 89
16 8A D6 89 D4 C3 8A C5 F5 A2 B6 81 96 A2 D7 AA
36 9A F5 9A 0F 63 F1 8B 53 7A D6 89 16 8A 37 BB
36 92 97 A2 F5 81 35 9B 57 A2 33 C4 8B B4 97 A2
57 A2 57 C3 37 BB 58 C3 13 8B 91 6A 31 7B 73 72
AE 9B 75 9A 17 BB 36 92 F7 B2 76 A2 F7 B2 17 9A
D0 C4 6C C5 97 AA 57 A2 58 C3 57 C3 D7 B2 33 8B
70 73 72 93 F1 6A D5 9A 16 8A 36 8B 96 8A 77 8B
15 7A B5 79 57 73 2C B5 CE A3 17 7A F6 79 14 7A
74 7A 75 7A F0 6A F5 79 32 6B 4F 5C 15 6B B5 79
F6 63 17 5D F5 64 B7 6C 17 74 57 74 2C AE CF 8E
F8 63 55 65 55 47 17 47 76 47 D1 5C 91 5C 32 64
32 64 36 5D D7 55 36 64 F5 6A B5 6A 37 46 F6 5B
96 4E 0A AE 93 66 D7 62 77 37 18 3F 58 46 B7 37
91 63 12 55 30 5C D2 4D B7 5C B7 46 D6 54 77 55
95 72 77 3F 37 5C F6 4E 2A B6 B0 83 F6 62 55 55
15 64 B4 63 16 55 F4 6A B0 54 72 72 B3 63 95 63
11 6C 74 7A F2 6A 34 7A 15 AB 17 92 51 B4 09 BD
73 8A 37 92 35 BB D4 B2 56 B3 92 7B F1 6A 71 8B
50 6B D1 92 B5 91 98 E9 F5 A1 34 AA 96 A1 B7 E1
77 A9 F3 E2 EA D4 D7 D1 97 A9 D7 D1 B7 D9 D7 F1
F5 D9 72 7A 11 AB 52 72 D6 D1 96 C9 53 BA F3 A1
B6 E1 96 A9 B7 D9 77 89 CF E3 2C DC 78 D1 77 C9
B7 F1 98 E9 98 F1 93 BA F1 72 11 A3 10 7B F6 C9
96 B9 B7 A1 B6 A9 B7 C9 96 B9 B7 D1 77 B9 AE E3
0D A4 58 A9 97 B9 B7 E1 B7 F1 98 D9 B1 C2 00 F4
F0 82 B2 82 D6 81 97 D1 B7 C9 B7 C9 B7 D1 96 91
97 99 97 D9 EB DC 10 CC 58 C1 77 D3 B7 D3 D7 B9
B7 E9 92 92 34 A3 52 93 D1 94 D5 B4 75 71 96 79
CC A3 30 C5 DF FF FF F7 FF FF FF FF 58 B4 EB AB
6F A3 13 7A 13 AC F0 B5 4F 7B F1 A4 F0 8A 13 AB
F4 9A 34 9B 13 B3 B4 C3 54 BA AD DC AE B3 34 A2
34 D2 33 AA 33 8A 34 D2 34 CA AD E3 0C A4 90 6B
C5 DB 46 CC D5 B2 B3 B2 D4 C2 D4 AA B4 A2 B4 BA
AD CC 8D D4 F1 9A 54 94 F3 93 51 C3 15 B3 14 CB
34 DB 30 93 6F 8B 8F 93 70 9B 94 92 D4 C2 B3 B2
D4 BA 94 AA F4 C2 CB C4 B1 B3 94 B2 F4 CA 93 A2
F4 CA 14 CB 14 D3 F4 C2 6E 73 EF 9B 6F 83 90 A3
B4 B2 F4 C2 B4 B2 94 B2 54 A2 F3 D2 EB D4 D0 CB
B2 92 EF D3 73 AA 94 BA 94 C2 74 B2 13 CB F0 82
52 82 2F 7B B2 82 33 82 B3 AA 93 AA B3 AA 53 92
10 A3 AA BC 33 D3 B3 AA D3 BA 73 92 B4 BA D4 C2
94 A2 12 AB 8D 73 EF 9B D1 82 53 9A 73 9A 14 D3
93 A2 B4 B2 33 92 71 C3 0B CD 33 CB 33 92 B4 BA
B4 B2 14 D3 14 D3 F5 DA 31 A3 0F 73 50 8B 6E 7B
8E B3 93 AA D4 D2 93 A2 D4 CA 94 AA 2F D4 8C CC
B4 CA B4 BA B4 C2 93 B2 F4 DA F4 DA B4 CA 51 A3
AE 83 70 A3 4F 7B F2 AA 53 A2 94 BA 73 AA 94 C2
33 92 CB B3 8D C4 B4 9A 73 8A 93 82 53 92 53 92
B1 8A 50 7B 6E 7B 52 8A 4F 7B 4F 7C 33 8B 32 8A
53 93 F4 83 D4 93 54 84 AC B5 6F AD F4 93 92 7D
53 7C F4 7C D5 7D B4 7D 13 86 8F 7C 4F 7C 10 7C
2F 7C 94 84 F4 84 F3 83 12 8B 12 8B F4 74 6C A5
F0 76 F4 73 B4 65 73 7B F4 56 72 5E 91 65 54 57
CF 73 0F 6D 6E 6C B0 65 B4 6C 54 5E D3 6C 54 65
F3 7A D3 5E EA AD 12 67 34 6C 33 74 52 74 D1 6C
94 6C 54 74 14 6D 11 7B AF 65 4F 7B 31 74 74 74
32 66 32 7B 4F 7C F2 82 91 94 4B BD 13 9D B3 8A
71 93 13 9B 15 BC 15 BC 33 B4 08 8D 6E 73 0D A4
8E 7B 12 A3 73 92 92 CA 34 C2 34 D2 14 A2 11 EB
6B D4 34 D2 33 B2 34 E2 33 B2 34 DA 73 D2 B3 DA
54 DA F0 8A 6F AB D0 82 53 D2 34 CA 73 CA 52 AA
54 E2 14 AA 50 E3 4C C4 34 D2 33 BA 34 DA 34 CA
35 F2 34 D2 35 F2 F1 BA 4F 7B 6F AB 6E 83 73 CA
34 BA 34 AA 33 82 34 BA 14 C2 CE E3 CE DB 14 C2
34 8A 34 C2 34 A2 34 D2 34 F2 35 EA 0F CB 00 F4
4E 83 30 8B 53 A2 34 D2 34 CA 34 CA 34 D2 14 92
0D BC CE EB B4 BA B4 AC 34 B3 74 C5 F4 BD F4 A2
35 F2 F0 9A B2 A3 D0 9B 2F 9D 33 B5 13 7A F0 92
6A B4 D4 AB FF F7 FF DF DF FF FF FF 58 B4 4D 9B
09 C5 52 82 13 9C 11 A6 8E 7B B1 9D F0 92 D3 BA
B3 9C 34 AC D4 B2 CE D5 4C DC 92 BA D1 A2 54 AA
54 D2 53 B2 53 82 54 A2 54 CA F6 F1 10 B3 6F 73
65 E3 06 D4 34 C2 33 CA F4 D1 F5 C1 2C DC AE E3
B2 D2 B2 E2 14 92 F4 E9 F3 D9 14 CA 14 EA 14 FA
14 FA 10 9B 2F 93 4F A3 10 AB 33 A2 33 DA F4 C1
F4 C9 2C DC 6F EB D1 BA 73 C2 33 CA 14 E2 33 A2
14 EA 14 FA 14 FA 33 DA 8E 73 6E AB 6E 8B 30 B3
33 C2 33 DA 13 BA 92 B2 C9 C4 F1 F2 F1 CA 73 F2
33 BA F5 F1 33 B2 33 CA 33 D2 34 C2 0E E3 0F 8B
52 82 4E 7B 91 9A 52 82 13 B2 F4 B1 53 C2 AA C4
F0 AA 10 A3 B4 DA D0 B2 90 CA 33 9A 52 C2 52 D2
72 B2 B1 B2 8D 73 6F B3 D0 8A 33 A2 52 AA 14 F2
F4 A9 D0 CA AA BC 72 DA F1 D2 34 EA 52 9A 71 CA
33 CA 14 FA 14 F2 72 F2 10 AB 2F 73 4F 93 8E 83
F3 CA 73 B2 94 DA 14 A2 90 DB AB D4 12 D3 11 BB
B4 D2 94 C2 94 CA 93 BA B4 E2 B4 E2 94 D2 30 A3
AE 83 70 AB 4E 7B F2 AA 73 A2 73 BA 34 9A 0E D4
2C BC 11 B3 31 C3 73 AA 52 82 73 7A 52 92 52 92
F2 8A 73 74 8E 7B B1 82 8F 7B 8E 74 92 83 52 8A
D4 83 55 6C EC A5 0D 9E 11 7D 72 85 D4 7C B1 7D
33 84 F4 7C F4 7D D4 7D D4 85 8F 7C 6F 7C 30 7C
2F 7C B3 84 14 85 94 83 94 7B EB B5 90 9D 11 8C
12 7E D3 7B 34 75 53 83 34 6E F1 6D 70 75 94 6E
CE 7B CF 74 4E 74 50 6D 73 74 D4 75 34 64 F4 74
0A B5 8F 86 71 8C F3 75 D3 73 B3 83 13 84 B4 74
13 74 50 A3 93 A3 F1 82 50 94 2F 83 70 8B 33 A3
34 AC B4 8A 4F B4 2A C5 B2 C3 90 AB 93 C3 93 92
74 BB F3 AA B4 C3 94 C3 D3 CB 0A BD 6E 7B 6E 94
6E 83 51 9B F1 8A F1 C2 F5 B9 D1 DA CA CC F1 DA
F1 BA 54 D2 53 B2 54 E2 53 B2 54 DA 0F C3 0C 8C
93 D2 F0 8A 6F AB F0 82 73 CA 53 CA 34 D2 F5 A1
8F EB 6B D4 92 DA F1 A2 54 D2 53 BA 54 DA 53 CA
54 F2 54 CA 54 F2 11 C3 4E 7B 8F AB 8E 83 93 D2
53 C2 34 AA 15 9A 8F DB 6B DC D2 D2 D1 CA 53 BA
53 CA 53 CA 53 8A 54 D2 54 F2 54 EA 0E CB 00 F4
6E 93 30 8B 73 C2 53 DA 34 CA 15 CA 4C E4 EE B3
D2 AA 12 E3 F3 BA 14 BC 93 C3 D4 CB 14 C4 D4 AA
34 EB 4F 9B 91 A3 CF 9B 0F 9D 12 BD 33 7A 0C AC
A8 BC 75 A3 FF FF FF FF BE EF FF F7 97 B4 51 82
6B B4 CF 92 F2 AB EF BD AE 83 70 A5 0F 93 D2 D2
74 8A 8F B3 8D CB D1 CA 90 CB 93 BB 53 9A 92 CA
92 D2 92 C2 72 82 73 B2 93 EA 93 EA 6F B3 AE 73
85 E3 25 D4 74 C2 33 BA AE DB CE CB 10 BB 10 D3
53 AA 73 DA 92 9A 93 DA 92 CA 93 C2 93 E2 93 F2
93 F2 2F 9B 6E 93 8E A3 4F AB 53 AA 53 B2 ED D3
50 DB 10 BB F1 D2 53 AA 73 AA 92 C2 93 E2 92 AA
93 E2 93 F2 93 F2 92 D2 AD 7B AE A3 8E 8B 6F B3
34 C2 92 D2 89 CC CA A4 AD A3 D2 EA 53 C2 73 E2
92 B2 93 EA 91 AA F0 B2 93 D2 B1 C2 8C E3 2F 8B
91 8A 6E 83 10 8B 33 82 92 A3 6C BC D1 A3 8F A3
D2 A3 B2 8A 73 AC 72 9B B3 A3 B1 92 D1 9B D0 9B
92 B3 11 9C 8C 7B 4B 94 0F 8B 0F 83 33 A2 D2 EA
2C C4 10 C3 2F A3 92 D2 53 C2 73 E2 F0 9A 0C B4
D1 BA D3 EA 92 EA 64 CD CA 8C 0F 83 AE 8B CD 83
D1 B3 94 A2 70 C4 6C B4 B1 BB 8F BB 73 BB F3 A2
93 BB 72 B3 73 B3 32 AB D3 CB D3 CB 73 8B CF 83
ED 83 0F 9C 8D 83 71 A3 73 92 F0 BB 2B 95 0E 7D
F0 93 D3 83 D3 7C 11 7C 11 83 B2 83 F1 8A F1 8A
92 8B 12 8C 8E 83 8E 83 CE 7B AD 7C 92 83 32 82
AD A4 4E A5 D1 94 50 8D 53 7C D3 84 D2 84 92 6D
72 84 32 85 12 86 F2 7D F3 7D AE 7C 8E 7C 4F 84
4E 7C 93 7C D4 84 ED A4 CE 9C 90 94 31 8D B3 83
33 85 D2 8B D3 8C 52 8B 93 85 F4 85 F4 85 D2 85
EE 83 AE 7C 4D 7C 0F 7D F3 7B 13 85 2C 9D 10 95
AF 93 0B A6 11 A3 93 AB 12 93 F2 A2 12 AB 71 93
12 83 32 A3 72 AB 10 8B 2F 9C 6E 83 8F 93 D3 A2
B3 BB 8C B4 07 D5 4D BB 72 E2 33 B2 53 E2 71 92
53 E2 52 C2 33 FA 53 F2 33 FA 92 E2 8D 83 8E A3
6E 83 D1 B2 14 B2 D2 F2 2C CC F1 D2 2F BB 93 DA
53 B2 93 DA 72 B2 73 E2 72 BA 73 DA 73 DA 72 C2
B2 DA 2F 8B AE B3 2F 8B 92 B2 14 C2 F1 E2 0C C4
F1 E2 2F BB 73 DA 53 9A 73 D2 72 BA 73 DA 72 CA
73 F2 93 D2 73 F2 30 C3 8E 83 AE AB AD 8B 92 D2
33 BA 6F C3 CD CB D1 D2 2F CB 53 D2 53 BA 72 C2
72 CA 72 CA 72 BA 73 D2 93 F2 73 F2 4E CB 00 FC
8D 9B 6F 93 73 BA 34 D2 8F DB CE DB 10 D3 10 BB
53 B2 33 DA 52 C2 33 DA 32 BA 33 D2 33 E2 93 DA
93 F2 6F 9B D1 AA 0E A3 4E 9D F1 BC 71 8A 8A B4
2E 9B 95 A3 FF FF BE FF FF FF FF FF 58 B4 D4 79
4C B4 CC AB 94 A3 F0 B5 EF 7A D2 AA 91 8A B2 DA
10 9B F0 CA CE D3 F5 C1 B5 C1 35 BA F4 91 B5 A1
15 B2 15 C2 14 7A 15 AA 15 F2 F6 F1 11 AB 50 6B
86 DB E7 CB 12 CB 11 CB 6F DB AE CB D5 B1 F5 A9
15 A2 15 E2 14 C2 15 DA 15 CA 15 D2 15 F2 15 F2
15 F2 D1 9A 10 93 10 9B B2 A2 11 CB F1 CA CE D3
11 DB D5 A9 F5 E1 14 AA 15 A2 14 C2 15 E2 14 AA
15 E2 15 F2 15 F2 15 D2 4F 73 6F A3 30 83 11 A3
4F D3 B3 DA EE D3 B1 FA 96 B9 15 E2 33 C2 15 EA
14 B2 15 EA 14 BA 15 E2 15 CA F5 C1 73 E2 D1 82
13 82 F0 72 53 8A 4F A3 F1 C2 2C CC 93 BA F5 91
35 C2 13 92 55 E2 14 BA 34 C2 13 92 14 C2 33 E2
53 F2 B2 BA 6E 6B 8E 7B 52 7A 2F A3 8E BB 73 F2
2C CC 53 CA D4 91 D5 D1 F5 C9 F5 E1 CF B2 0F C4
72 93 0D DC F5 E9 F6 E9 B1 AA 10 6B F0 8A 30 7B
B2 DA 10 BB B2 F2 ED CB D5 D9 D5 A9 F5 D9 F4 B9
D5 E1 F5 D1 F5 D9 F4 C1 D5 F9 D5 F9 D5 A1 B1 AA
6E 83 F1 B2 F0 72 10 C3 10 BB F0 D2 0C DC F5 D9
F4 99 14 B2 53 BA B2 AA F4 89 14 72 14 AA 14 9A
14 92 14 92 10 73 0F 7B 8D 7B 10 8B F1 BA 10 9B
6E CB 8F CB F5 C1 15 CA 14 9A 15 D2 14 D2 49 BC
51 A3 CE DA D0 F2 91 CA F6 E9 10 A3 30 93 D1 9A
F1 8A 50 CB D2 DA 8F CB 6F CB D6 B1 15 CA 14 AA
35 DA 14 AA 15 D2 14 A2 15 EA 15 F2 15 DA 55 EA
2F 83 30 9B 6F 83 11 9B 50 AB F1 DA 0D AC F1 BA
D5 91 15 EA 14 B2 15 DA 14 92 14 B2 14 B2 11 83
54 82 10 93 2F 8B 72 8A 10 B3 D1 7A D1 92 4F CB
53 F2 0C C4 93 E2 D5 A1 15 DA 14 B2 15 E2 14 92
15 DA 14 BA 15 F2 15 EA 15 F2 B3 DA 4F 7B 70 93
F0 72 D1 AA 4F BB D2 EA 2C D4 54 CA D5 A1 15 DA
14 B2 15 DA 14 A2 15 E2 14 B2 15 DA 15 D2 14 C2
35 E2 D1 82 50 AB 72 7A B2 DA 50 D3 B2 E2 0C CC
15 E2 F5 A9 15 D2 14 C2 15 DA 14 BA 15 DA 15 CA
15 F2 15 DA F6 F1 D2 BA 2F 7B 50 A3 2F 7B F1 D2
11 CB 31 C3 ED D3 F5 C9 F5 B9 15 D2 14 A2 14 C2
15 BA 14 BA 14 B2 15 D2 15 E2 F6 D9 EF C2 00 F4
2E 7B D1 82 30 C3 11 E3 50 DB CE DB D5 C1 F5 99
14 A2 35 D3 14 83 D5 D9 35 CA D5 D1 15 C2 15 B2
15 F2 F0 9A 93 A2 70 9A 30 95 94 B4 0E 9B 28 C5
32 82 56 9B FF EF FF FF FF FF FF FF 77 B4 33 7A
F0 9A 89 B4 32 B4 D0 B5 0F 7B 10 B3 CF 93 30 D5
0B C5 F4 B3 14 B2 13 CA 73 BB 74 B2 F3 A3 34 B5
AE CA B0 C2 34 82 54 B2 54 C2 34 EA 30 B3 6F 6B
85 DB 06 D4 EE D3 ED DB 15 CA 14 D2 53 D2 54 9A
34 AA 34 E2 33 C2 34 DA 34 CA 34 DA 34 F2 34 F2
54 F2 10 9B 2F 93 8E AB 30 AB CE BB ED D3 F5 B1
34 CA 53 B2 34 CA 33 AA 14 CA 14 C2 34 E2 33 AA
34 E2 34 F2 34 F2 54 D2 8E 73 8F A3 AD 93 6F B3
4C DC 8E E3 71 B2 14 C3 10 AB B0 E2 B0 C2 54 EA
33 B2 34 EA 33 BA 34 EA 73 C2 2F 8B D2 D2 F0 8A
52 82 AD 83 2F 8B 4B AC F0 CA F5 A9 33 BA 53 A2
33 CA 53 9A 34 F2 D0 9A 4C 7C D2 8A 90 9B 0D C4
4C D4 AE AB 6E 73 CE 83 0F 8B CF 9B 0A C5 93 C3
54 9A F4 B2 73 92 71 B3 D0 BA 34 E2 33 B2 34 EA
33 C2 34 F2 54 EA 35 F2 D1 AA 2F 73 4F 93 AD 93
D2 DA E7 CC AF C3 32 AA 72 DA 34 BA 34 DA 33 BA
34 E2 34 D2 34 D2 33 C2 15 F2 35 F2 54 9A 10 A3
8E 83 6F B3 8E 83 AE B3 4C CC 52 BA 51 BA 53 DA
33 A2 33 B2 34 CA 34 D2 33 82 33 7A 33 B2 33 A2
33 92 14 92 2F 7B 0F 83 AD 8B 6E A3 6F CB 4A AC
90 92 D5 A9 13 CA F4 D9 F4 B1 F4 D9 14 CA 4D AB
30 B3 F4 BA 35 D3 35 93 54 CB 8F 9B 8F 93 AF 9B
8F 93 0D C4 CF E3 55 A2 31 B2 33 C2 F4 D9 13 B2
D4 F1 13 B2 F4 C9 13 AA F5 F1 F4 F9 F4 E9 34 F2
4F 8B 2F A3 ED 9B 2F AB 0C BC 4F E3 D5 69 F4 A9
32 A2 F4 F1 13 BA F4 E9 13 92 13 BA 13 BA D5 A1
F4 81 14 D2 53 C2 B1 8A 50 B3 6E 93 10 9B 6C DC
F2 EA F4 91 34 D2 53 AA 34 DA 33 B2 34 EA 33 A2
34 DA 33 BA 34 F2 54 F2 34 F2 B2 DA 6E 7B 8F A3
AE 8B F0 BA 4C CC 54 EA F4 B1 34 CA 53 AA 34 E2
33 B2 34 DA 33 A2 34 D2 33 BA 34 DA 34 D2 33 C2
73 DA F0 82 8F B3 2F 8B 30 D3 6B DC 54 D2 F4 A9
54 E2 53 B2 34 D2 33 C2 34 DA 33 BA 34 DA 34 CA
34 F2 54 DA 34 F2 11 BB 4F 7B AE AB AD 8B 6F DB
0D DC 15 AA 14 BA 53 D2 53 C2 34 D2 33 B2 33 C2
34 C2 34 C2 33 B2 34 D2 54 C2 54 E2 0E CB 00 FC
AD AB 4F 93 ED CB 0D E4 15 C2 14 D2 53 D2 53 62
34 92 74 DC 13 94 D4 CB D4 C3 D4 C4 54 C2 14 B2
74 F2 F0 93 F2 A3 0F 9D 2D 9D 13 B5 2A AC AE A3
13 82 95 9B FF E7 FF FF FF FF FF EF 19 9C 75 71
96 79 0B B4 70 B5 D4 8D 52 6A AF CB 29 CD 97 D1
17 93 97 B4 56 AA 77 B2 B7 AC 57 B3 B7 89 37 B5
96 D1 B6 B9 97 71 98 A9 97 A1 98 E9 B2 AA F2 5A
46 DB 85 EC 98 C1 77 B9 97 D1 97 C1 97 B9 97 91
97 99 97 E1 97 C1 97 C1 97 B9 97 E1 98 F1 98 E9
98 E9 93 8A 73 82 8B CC 2D D4 58 B1 97 A1 B6 A9
97 B9 96 A9 97 C1 B5 A9 96 B2 54 AA B6 E9 96 A1
97 E1 98 F1 98 F1 B7 D1 10 63 D2 92 29 BD 2D DC
58 B1 D5 D9 13 B2 D7 C2 74 A2 B5 E9 97 C1 97 E9
96 A9 97 E9 97 B9 98 E9 B6 C1 D6 A9 D6 E1 53 7A
95 79 68 BD 11 BB 57 71 97 B9 B6 A9 96 B1 96 91
97 C9 96 89 78 F1 F4 91 75 AA D6 99 37 B2 58 CA
78 DA 75 AA 10 5B 50 83 08 BD 54 A2 97 91 57 D2
F6 99 17 BA 96 89 95 BA 33 BA 97 E1 96 A1 97 D9
97 B9 98 F9 98 F1 D6 F9 B1 A2 72 5A 30 9B C6 C5
52 BB 55 92 13 AC 34 9A 75 C2 17 AA 57 C2 F6 A1
57 C2 37 BA 37 BA 17 AA D5 D2 72 F2 78 91 73 9A
F1 72 8F CB 48 A5 B6 99 77 A1 97 B9 96 B9 97 B9
96 91 96 A9 97 C9 97 D1 96 79 96 69 D5 99 14 8A
D6 81 74 82 F0 6A 73 6A 8B A4 AA BD 17 82 36 7A
96 83 37 7B 37 83 77 93 56 93 F5 B2 B7 9A 16 7B
96 92 D7 B2 58 BB 37 7B 38 BB 52 8B 13 7B CC BC
6B 95 78 6B 37 84 36 83 36 84 56 83 B6 8B B6 82
37 94 B6 82 B7 83 55 8A 76 BB 78 BB 78 B3 B7 B3
11 73 72 83 A8 C5 0E A5 78 62 77 A3 D6 72 F7 82
F6 81 B8 AB 96 92 D6 A3 96 7A 76 92 96 92 D8 73
16 63 D3 9A 95 9A 53 72 52 A3 68 C5 AE 9B 97 A1
98 E9 B6 99 97 E1 96 A1 97 D9 96 A9 98 E9 96 91
97 D9 97 B9 98 F1 98 F1 98 F1 35 DA D1 62 31 B3
87 CD AF AB F3 99 F4 F1 97 B1 97 C9 96 99 97 E1
96 B1 97 D9 96 89 97 C9 96 B1 97 D9 97 D1 97 B9
D7 E1 53 72 AF CB 68 BD F6 B1 58 C1 97 D1 96 A1
97 E1 96 A9 97 D1 97 C1 97 D9 96 B9 97 D9 97 C9
98 F1 97 E1 98 F9 73 BA B2 6A EE C3 67 CD B6 C1
77 B1 97 C9 97 B9 97 C9 97 B9 97 D1 97 B9 97 B9
97 B1 97 C1 97 B1 98 F1 97 C1 98 E1 B1 C2 C1 F3
AA D4 CA BC 78 79 78 D1 97 D1 97 A9 97 C1 97 81
97 91 77 DA 77 7A 77 D2 D7 C2 37 C3 D8 C2 D8 CA
F8 F2 12 8B D6 9A 2C D5 6B C6 54 BD 8A B4 D5 81
75 71 18 93 FF E7 FF FF FF F7 FF F7 97 AC 51 8A
72 8A 4E 9B CA CD 4C BE E8 AC 30 B3 AE 9B B2 CB
92 A3 13 C4 12 B3 73 BB 52 BC F3 BB 52 A3 D3 BD
53 D2 72 C2 72 82 73 B2 73 DA 54 EA 2C D4 EA A4
65 DB 25 DC 93 C2 72 C2 73 D2 73 B2 73 B2 73 AA
73 AA 73 DA 72 CA 73 B2 73 B2 73 E2 73 F2 73 EA
54 E2 4B AC 8A B4 6F A3 6F B3 73 C2 73 9A 72 B2
73 C2 72 B2 92 C2 90 BA F1 B3 AE AB 91 EA 72 AA
73 E2 73 F2 73 F2 73 D2 E8 AC 8B CC 8E 8B 8E B3
72 C2 73 DA 53 BA 33 EA 53 BA 73 E2 72 C2 73 E2
72 B2 73 EA 72 C2 73 EA 73 D2 B2 BA 6F DB E8 BC
2F 93 8D 83 10 B3 72 8A 72 C2 72 B2 72 BA 91 A2
B1 CA 91 9A 32 DB 72 AA D1 BA 71 A2 53 D2 53 E2
14 FA B1 D2 47 AD 2C 9C 0F 83 72 B2 92 AA 93 E2
72 AA 91 BA 71 92 52 D2 CF CA B1 E2 72 B2 73 DA
92 BA D2 E2 B3 E2 6F E3 AA AC E8 AC 6F 9B 0C 8C
ED C3 73 B2 94 DA 92 AA B3 CA B2 BA D3 D2 B2 B2
D3 D2 B3 C2 D3 CA B3 BA 12 E3 11 E3 94 A2 AE BB
47 B5 8F B3 AD 7B F1 9A 72 AA 92 BA 92 BA B3 BA
92 9A 92 B2 93 C2 B3 CA 72 8A 72 7A B2 AA D1 AA
92 92 10 AB 8A A4 C9 AC AC 8B EC 84 91 8B 51 93
B0 94 53 8C 73 8C D3 8C 52 84 92 84 73 8C F3 84
13 7C B3 94 B3 7D 93 75 74 8D 6B A5 8A A5 0F 84
8E 7C D2 74 33 85 F3 83 F3 84 32 7C EF 93 71 8B
B3 BB 12 9B 93 AB F0 9A 11 DB F3 E2 D3 D2 F3 E2
E9 BC AA BC CC 93 CF 84 93 83 73 94 B2 8B F3 83
D2 92 B3 A4 72 8B B2 A4 72 83 52 9B 72 93 B3 84
32 8C 71 9C 50 9B E9 AC 0D CC 4E 8B 6F B3 92 BA
73 EA 72 AA 73 E2 72 AA 73 DA 72 B2 73 EA 72 A2
73 DA 72 BA 73 F2 73 F2 54 F2 11 E3 47 B5 0D BC
8D 8B 8E AB CF AA B1 EA 73 BA 73 D2 72 A2 73 DA
72 BA 73 DA 72 A2 73 DA 72 BA 73 DA 73 D2 53 C2
F1 E2 E9 BC AE BB 4E 8B 92 BA 73 CA 73 D2 72 AA
73 E2 91 B2 2C D3 73 C2 CF DA 92 BA 73 DA 73 CA
73 F2 73 EA 54 F2 AE D3 08 B5 8F AB CD 93 73 C2
72 BA 73 BA 73 C2 73 D2 72 C2 73 D2 72 C2 72 C2
73 BA 73 C2 72 C2 73 F2 73 CA 54 D2 AC D3 20 FC
AD A3 8E 93 92 82 73 D2 73 D2 73 9A 73 AA 73 BA
73 BA 33 D2 32 82 53 DA 53 D2 33 D2 13 C3 33 C3
D4 EA 6B C4 EC D3 EF AA 2E 9D 0C D6 2A AC 72 8A
51 8A B5 A3 FF F7 FF FF DF F7 FF FF 7C A3 99 58
BA 68 B9 60 58 A3 D6 B5 33 62 78 A1 F7 69 1B CA
5B 70 3C C8 7B B0 7B C0 3B B8 3C B0 7B 79 5C 69
9C D0 BB B8 9B 58 9D 98 BC D0 9D F0 35 AA B4 52
08 D3 A8 CB 9D B8 9B B8 9C D0 9C A8 9C A0 9C 88
9C B8 9C D8 9B C0 9C A8 9B A8 9C E0 9D F8 9C E8
9D F0 15 8A 54 82 16 82 B7 99 9B B8 9C A8 9B A8
9C C8 9B A0 9C D0 9B 98 5C C8 7C B8 9D E8 9B 98
9C E0 9D F8 9D F8 BC D0 B2 5A D3 92 15 5A F6 99
9B B8 BC D8 9B A8 BC E8 BB A8 9C E8 9B B8 9C E8
9B A0 9C E8 9B B0 9C F0 9C C8 FA B0 D6 D9 15 72
D9 68 14 52 78 99 9A 68 DA A8 BB A0 9C B0 36 81
73 AA 1A 71 1B AB 99 79 15 6A 19 79 DB B8 BC E0
55 9A 10 83 D2 5A D3 62 37 59 3B 81 5A 81 5C BA
59 79 74 7A F9 68 9C D0 9C B8 9C E0 9B A0 9C F0
F9 98 74 7A 9B B2 5D C2 58 82 33 5A 93 6A 74 5A
5B A2 5B 91 5C B2 3B 89 FC A9 9B 91 1C B2 7B 91
1C A2 DC A1 FC A9 9B 99 7D C2 7D C2 FD B9 97 82
32 6B D7 82 15 52 19 7A 1B 81 9B 99 9B 91 1C B2
1A 79 5B 89 BC 99 DC A1 DA 70 FA 78 3B 89 7C 91
17 61 9B 82 D5 6A 53 62 75 52 53 5B D9 71 1A 89
B9 A9 5C A1 7B 99 9C B9 5B 81 7C 99 7C A1 9C B1
7B 71 2F DA 1B D8 1E 78 1D F8 15 A2 54 92 77 89
D6 61 3C 90 3A F0 B8 B0 9C D0 7C A8 BC C8 BA 98
BC D8 BB 88 BC C8 BB 88 FD D0 FE E8 5D C9 7C E1
B3 72 94 8A 94 6A 36 7A DC 68 1C A1 DB 50 FC A8
BA 80 1C D1 DB 70 1D E1 DB 80 BA 98 DB 90 1C B9
FC D0 1B C9 39 C1 B6 89 35 A2 B6 59 98 B1 9C B8
BC E8 9B 90 7D F0 9B 90 9C D8 9B 98 9C F0 9A 88
9C D8 9B B0 9D F0 BC E0 9D F8 5A D9 B2 62 75 9A
F5 61 19 99 7C 98 9D F0 9B A8 9C C8 9A 90 9C F0
9B A0 9C D0 9B 88 9C E0 9B A8 9C D8 9C D0 9B B8
FB C8 34 6A 55 A2 77 59 DB A8 9C B8 9C D0 9B 98
9C E8 BA 98 DA D0 9B B8 BB D8 9B B0 9C D8 9B C0
9D F8 BC F0 9D F8 D7 B9 B2 62 D2 92 74 5A F7 A1
9B A8 9C B8 9B B8 9C C8 9B B0 9C D0 9B A0 9B B0
9C C8 9B B8 9B B8 9D F8 BC C0 9D D8 14 C2 00 FC
33 82 D6 69 DB 58 9C C8 9C D0 9C 80 9C A0 9B 48
9B 78 1C D9 3B 61 7C D8 7B C8 5C D0 7D C0 7C A0
5D F0 15 8A 78 A9 36 91 B5 7C 98 BC F8 60 BA 68
9A 60 5B 8A FF F7 FF FF DF FF FF FF BF 92 1E 48
1F 58 1F 48 5F 8A DB 9D B9 38 9C 90 3B 59 1F C9
1F 68 9F C0 1F A8 1F C0 3F 70 1F A0 7F 70 5F B1
1F D0 1F B0 1F 48 1F A8 1F A0 1F E8 1B 99 5A 29
C9 D2 6A C3 1F B0 1F B0 1F D0 1F A0 1F 98 1F A0
1F B0 1F E0 1F C0 1F A0 1F A0 1F E0 1F F8 1F E0
1F F0 DB 78 1A 61 59 71 FB 88 1F A8 1F B8 1F A8
1F C0 1F 98 1F E0 1F 90 1F B8 1F B0 1F E8 1F 88
1F E0 1F F8 1F F8 1F D0 97 31 99 71 5C 48 3A 91
1F B0 1F D8 1F A0 1F E8 1F A0 1F E8 1F B0 1F F0
1F 98 1F F0 1F A8 1F F0 1F C8 3E 88 BD C0 7C 58
1E 48 78 39 7D 88 1F 50 FB 88 1F 90 1F A8 1F 78
1F C0 1F 70 1F F8 1F A8 1F B0 1E 60 3E 98 1F F0
3E B0 BC 88 97 31 B7 49 7B 40 1F 90 1F 88 1F F8
1F 90 1F F8 1F 68 1F C8 1F B8 1F E0 1F 98 1F F0
1F A0 1F C8 1F F8 1F F8 9C 88 FA 28 57 61 98 49
1F D0 1F 78 1F D8 1F 90 1F D8 1F B0 1F E0 1F A0
1F C8 1F C8 1F D0 1F B0 1F F8 1F F0 1F D0 BC 90
98 49 FB 98 58 39 1E 88 1F 88 1F B0 1F A8 1F E0
1F 78 1F 98 1F C0 1F C8 1F 68 1F 70 1F 90 1F A8
1E 60 DC 88 59 51 FA 38 98 41 F9 61 1F 78 1F 70
5F A8 5F A0 5F A0 9F B0 5F 80 9F A0 FD 98 1F 99
7F 88 FF A8 BE A9 BB 71 9F D0 5B 71 B3 5A 35 62
FB 39 9F 51 5F 82 9C 71 FF 4B DC 52 9F 4B DF 51
7F 3C DF 51 DE 3B FF 48 9F 5C 9A 65 DF 6B 1F 74
F9 39 37 52 37 4A 5B 5A BF 48 7F 99 BF 30 FF 78
1F 68 BF A1 7F 50 9F B9 BF 80 9D 78 1F 70 3F A1
DF B0 3F 59 FB 90 3D 68 3A 91 FA 48 BC 90 1F A8
1F F0 1F 88 3E E8 1F 88 1F C8 1F 78 1F F8 1F 78
1F D8 1F B0 1F F0 1F F0 1F C0 5F C0 58 39 99 89
59 49 5D 90 1F 90 1F F0 1F A0 1F C8 1F 78 1F E0
1F 80 1F C8 1F 80 1F E0 1F 98 1F D8 1F D0 1F B8
1F C8 BB 48 79 91 9B 48 1F 98 1F B8 1F D0 1F 90
1F E8 1F 90 1F D0 1F B0 1F D8 1F A8 1F D8 1F C0
1F F8 1F F8 1F F8 BD A8 97 39 76 89 3A 49 19 A2
1F A8 1F C0 1F B8 1F C0 1F B0 1F D0 1F 88 1F B0
1F C0 1F B0 1F B0 1F F8 1F B0 1F E0 38 B1 E1 FB
97 79 1A 51 1F 90 1F D0 1F C8 1F 80 1F A0 1F 10
1F 58 7F D3 1F 62 FF D0 5F B2 3F BA 1F C0 1F 98
1F F8 7A 69 3E 82 9A 7A 18 6C FF A3 1F 40 1F 58
1E 48 5F 69 FF E7 FF FF FF FF FF F7 F4 B4 32 82
33 82 13 82 14 AC 52 AE EF 7A F1 AA 30 8B 34 CB
D4 A3 75 CC 74 A2 54 BA B4 AC 14 B3 F4 9A 95 B5
F5 D1 D2 CA D1 9A 15 C2 35 CA 15 EA 10 B3 70 6B
66 DB 06 D4 35 C2 14 C2 14 D2 14 B2 14 BA 14 C2
14 B2 15 E2 F5 C1 F5 B9 11 C3 93 E2 15 F2 15 E2
15 EA F1 9A 30 93 30 9B F1 AA 14 BA 14 C2 14 BA
14 CA 14 B2 15 DA 14 AA 15 C2 F5 C1 15 E2 F0 BA
73 E2 15 F2 15 F2 34 CA 6E 73 4F A3 72 8A 30 AB
14 C2 15 DA 14 B2 15 DA 14 BA 15 E2 14 C2 15 EA
D5 A9 34 EA 10 CB 54 EA 14 CA 54 C2 B3 DA D1 82
33 82 4F 7B B2 A2 13 8A 15 EA 14 AA 14 BA 13 9A
14 CA 33 92 15 EA 14 B2 F0 8A 2F A3 15 D2 92 E2
51 C3 13 9B 6E 73 AE 7B 91 7A 72 92 33 A2 35 E2
14 AA 54 EA 33 92 34 D2 34 C2 15 DA F5 A9 93 EA
10 C3 14 CA 35 F2 15 F2 D1 AA 0F 73 F1 8A 4F 83
93 D2 14 92 35 D2 14 AA 15 DA 14 BA 35 DA 34 B2
15 E2 F5 C9 93 DA F1 CA 15 F2 35 EA 15 DA F1 AA
8E 83 11 AB 2F 7B 92 B2 14 A2 34 BA 14 BA 15 DA
13 9A 34 B2 34 CA F5 C9 F4 89 D1 AA B1 B2 F4 B1
33 9A 30 B3 4F 83 10 7B 6F 7B AF 8B 73 9A 74 9A
D4 B2 B4 B2 D4 B2 F4 B2 D4 AA F4 BA 32 B3 56 A3
D1 8B B3 BB 52 B4 2D B4 B5 E2 50 9B 6F 93 30 9B
50 7B B4 92 95 CA 55 AA F1 CA 2F AB 35 AB B3 9A
75 93 95 92 52 9B 8F AB D2 AB 2A DC F4 E9 15 F2
4F 83 30 9B 6E 8B F0 9A F4 89 D5 E1 14 8A 52 9B
53 92 55 BB B4 82 35 C3 95 A2 F4 B2 70 AB 94 B3
14 BB 55 83 96 AB D1 92 F0 93 10 83 B2 83 F4 92
95 BB D3 92 CF 8D 12 93 55 AB B3 8A 95 BB 53 82
F1 C2 11 CB 35 F2 15 F2 F6 C9 93 D2 4F 7B 6F AB
2F 83 92 AA 14 AA 15 F2 14 BA 14 CA 14 A2 15 EA
14 B2 15 D2 D5 99 73 E2 F1 C2 15 DA 14 D2 14 C2
34 E2 F0 82 50 AB B1 7A 34 C2 14 C2 14 D2 14 AA
15 E2 14 9A 14 CA 14 C2 F5 D9 F5 B1 B2 E2 F1 D2
15 F2 15 EA 15 F2 F1 BA 6E 7B 54 B2 F0 8A 14 D2
14 BA 15 CA 14 CA 14 C2 14 BA 14 D2 14 B2 F5 B9
F5 C1 D2 CA 92 CA 15 F2 35 B2 15 D2 EF BA 00 FC
4E 9B 10 83 54 C2 15 DA 14 D2 14 A2 14 B2 34 7A
14 B2 F4 D3 95 8B D5 CB D1 CC 73 C5 B5 C2 95 B2
D5 EA F0 93 52 A4 10 9D CF 84 13 9D 13 82 33 82
13 82 10 A4 FC EF FF FF FF FF FF EF 2F CE 0A AC
B1 92 B0 8A 51 B4 4F B6 8D 83 AF B3 4E 9B 91 D2
51 B4 F2 D4 91 AB F1 BB 31 B5 B2 BC 72 9A EE CD
8E BB AE B3 CD BB B2 B2 D2 F2 B2 F2 8E B3 CD 8B
A5 F3 25 D4 D2 C2 B1 C2 B1 AA B1 A2 B1 B2 B1 CA
B2 C2 B2 DA AD D3 4F DB 0C D4 8E E3 B2 EA B2 EA
B2 F2 6E A3 8D 9B AD A3 6E AB B1 A2 B1 C2 B1 BA
B1 D2 B1 B2 B2 CA 91 B2 B2 C2 CD D3 30 E3 0C C4
6F E3 D2 EA D2 EA B2 CA CC 83 CD AB 0F 9B AE B3
B1 C2 B1 DA B1 C2 B2 92 B1 AA B2 E2 92 C2 D1 E2
ED C3 30 EB 2B D4 11 EB B1 CA B2 CA F1 E2 6E 93
0F 8B AD 83 4F B3 B1 9A B2 E2 B1 B2 B1 BA B0 A2
B1 CA 91 9A 11 EB ED CB 10 BB 2B BC F0 CA B2 E2
D2 CA 50 D3 EC 8B EC 8B 2E 8B 92 BA B1 A2 71 C2
91 BA 91 DA B0 8A 92 DA 72 CA D1 EA CD C3 6F DB
0C CC B1 CA D2 EA B2 EA 4F B3 8D 83 8E 9B CC 8B
10 D3 B1 9A D2 D2 B1 B2 B1 DA B1 C2 B2 DA 92 BA
6F E3 CE D3 6F DB 0C D4 B2 EA D2 F2 B2 DA 6F B3
EC 8B 8E B3 AD 8B 10 BB B1 AA B1 C2 B1 C2 B1 C2
B1 A2 92 BA 92 CA AE DB 8E 9B 0B A4 2D B4 51 9B
11 93 D1 C3 EC 83 8E 8B ED 83 6D 8C 51 93 51 9B
31 A4 11 9C 11 A4 51 A4 F2 A3 12 9C 8E C4 AF AC
0D 95 CF B4 B2 9C B3 64 12 AD 6E 8C 6D 8C 4D 94
AE 8B 51 93 71 C3 31 AB 52 C3 12 B3 31 C3 F2 AA
51 AB 0A C4 0E D3 0C D4 D0 CA 34 F2 B2 E2 D1 EA
AD 93 8D 93 EC 83 8E B3 B1 A2 B2 D2 B1 82 B1 AA
B0 AA B2 DA 92 92 D1 D2 EC CB 2F CB 2C CC F1 F2
92 DA D2 B2 F2 DA 2F 9B AE B3 6E 8B 6F C3 D1 C2
D2 E2 B1 AA 93 EA B1 B2 D1 D2 92 A2 30 EB ED C3
30 EB 2B CC D1 EA 2F EB 0B CC B0 C3 CC 83 CD B3
AD 8B 2F B3 B1 BA 8E BB 10 AB B2 D2 B1 AA B2 EA
92 BA 30 DB ED C3 4F E3 EC CB B2 DA B1 B2 B1 C2
D1 CA 6E 93 CD B3 4E 8B D1 AA B1 CA B1 D2 B1 B2
B2 E2 B1 AA B2 D2 92 C2 8E DB AE CB AE E3 ED DB
B2 D2 D2 D2 B2 EA 6F C3 CC 83 10 BB 6E 93 10 D3
B1 BA B2 CA B1 CA B1 BA B1 C2 B2 DA B2 8A 8E C3
AE DB AE D3 8E D3 B2 EA D2 B2 D2 DA 6D C3 00 FC
AC A3 8E 93 D1 BA B2 DA B1 AA B1 D2 B1 D2 B1 B2
92 CA 72 AA AD 9B 2F CB EC CB 4E E3 F2 C3 32 B4
F2 EB 8E A3 10 AB 0E A3 4D A5 10 C5 B0 8A B1 92
AC A3 E9 D5 FC EF FF F7 FF F7 FF FF D6 BC AC A3
F0 92 71 82 11 AC 0F BE 2E 83 10 B3 4F 93 32 C3
B2 8A 33 CB 52 C2 32 CA D2 C2 F1 C2 31 A3 B0 D3
30 DB 53 BA 33 A2 53 B2 93 EA 73 F2 4F B3 AE 83
85 EB 26 D4 93 C2 72 C2 72 B2 73 AA 72 AA 73 DA
F1 DA D1 DA 6F D3 10 C3 33 B2 73 E2 73 F2 73 E2
93 EA 2F A3 6E 93 8E A3 4F AB 72 C2 92 8A 72 BA
72 D2 72 B2 93 DA 10 BB B2 DA 8E D3 F1 D2 53 8A
15 EA 15 FA 15 F2 F1 AA CC 7B 8E AB D0 92 6F AB
72 C2 93 DA 72 BA 73 DA 72 BA 93 E2 10 CB D2 EA
8E C3 B2 EA 33 BA 73 EA 92 CA 73 CA D2 E2 2F 8B
D0 82 8E 83 10 A3 72 92 93 EA 72 B2 72 BA 72 A2
B2 CA 10 A3 D2 EA 8F CB 91 AA 53 9A 53 CA 53 EA
73 D2 B2 DA CD 83 AD 8B F0 8A 4E 7B 11 93 13 A4
12 9B 13 A4 B2 82 B2 B3 0E B4 06 CD 6E C3 53 DA
33 BA 72 D2 73 F2 53 F2 10 AB 4E 7B 4F 93 8D 8B
B1 D2 72 B2 73 E2 72 B2 73 DA 72 C2 D1 E2 F1 C2
10 E3 6F DB 53 D2 33 C2 54 F2 73 F2 73 DA 2F AB
CD 8B 4F B3 8E 83 D1 B2 72 AA 92 C2 72 C2 73 D2
91 9A 6E A3 F1 CA 6F D3 2F A3 52 B2 73 AA 92 BA
91 9A B3 E2 6E A3 6E 7B 8E 8B 2C 84 4E 93 32 93
12 9C F2 9B 12 9C 53 9C 70 9C 71 9C 8F B4 D0 A4
93 7B 50 95 B3 85 93 75 B3 8D 8E 84 6E 84 2F 84
EE 83 12 94 33 A4 72 9B 32 A4 B2 9B 13 9C D0 9B
B1 8C 4E AC 51 AC 13 9B 13 9C 53 BC 15 AC 93 AC
CE 83 2E 84 0D 7C 6F 8C 72 83 33 AC 92 93 B2 A3
D2 92 73 AC F0 93 92 A4 AE AC F1 A3 13 9B 73 B4
4D 94 10 B3 73 EA F0 9A 6F B3 4E 8B 30 BB 72 C2
73 E2 72 AA 93 E2 92 AA 92 BA 10 AB F1 EA 8E BB
93 E2 53 B2 73 EA B2 EA 11 EB 31 D3 8D 7B AE AB
6E 8B D1 B2 72 BA 10 B3 91 9A 73 D2 72 AA B2 EA
10 BB F1 DA 8E C3 73 DA 53 B2 30 CB 10 AB 73 BA
B2 E2 2F 8B 8E A3 0F 83 92 B2 72 C2 73 D2 72 AA
73 E2 72 B2 D2 DA F1 CA 30 E3 6F C3 53 CA 53 D2
73 DA 93 DA 73 F2 30 C3 AD 83 D1 B2 4F 93 D2 CA
72 C2 73 CA 72 CA 72 B2 72 BA F1 DA D1 A2 30 CB
4F 9B 53 B2 73 C2 73 F2 93 AA 93 CA 4E D3 00 FC
8D A3 4F 93 B2 CA 73 DA 72 C2 72 BA 72 CA 72 A2
F1 CA F1 DA 6E CB F0 CA 53 BA 13 B2 F3 D1 33 DA
53 EA 6F A3 D1 A2 0F 9B 2E 9D F1 BC 71 82 B1 92
AC A3 72 B4 FF FF FF FF FF FF FF FF 19 B4 AC A3
30 9B F5 71 D4 AB D1 B5 D0 72 D2 AA B1 8A F5 C1
B5 79 96 D1 55 A2 75 BA B6 99 AE D3 6F A3 B6 B1
D6 C9 B5 B1 75 9A B6 AA F6 E9 F6 E9 F1 AA 31 7B
66 EB 06 CC F6 C1 F5 C1 F5 99 F5 71 D5 A9 D6 C1
0D C4 8F EB D6 C1 D6 A1 F5 B1 F6 E1 F6 F1 F6 E1
F6 E9 D1 9A F1 8A 10 9B D2 AA D5 B9 F5 79 F5 B1
F5 C9 D5 B1 F5 D9 6B CC D2 E2 B6 B9 D6 D9 F4 91
0D C4 6D CC EC D3 72 C2 4F 7B 30 9B 53 8A 11 AB
F5 C1 F6 D9 F5 B1 F6 E1 D5 B1 15 E2 6B DC D2 EA
B6 A9 F6 E9 F5 B9 F6 E9 F5 C9 F6 C9 35 E2 D1 82
33 7A 10 73 73 A2 F4 89 F6 E9 F5 A9 F5 B9 D5 91
92 D2 6B C4 53 EA 32 BA F4 A9 F4 99 53 CA B4 C2
34 A2 94 D2 6F 73 6F 7B 72 7A B3 A2 94 9A 76 93
74 92 76 B3 F5 79 B2 B3 2A CD 51 CB F5 A1 56 DA
35 B2 35 C2 56 E2 56 E2 D2 A2 D0 6A F1 8A 4F 7B
94 C2 15 AA 56 DA 15 A2 36 D2 F6 B1 D0 DB 4D CC
36 CA 16 C2 35 CA 35 B2 B2 EA 15 F2 F6 D9 B2 AA
4F 7B F1 AA 10 73 53 B2 F5 A1 F5 B9 F5 B9 D6 D1
F5 89 ED AB AE E3 96 C9 D5 89 D6 C1 B1 82 93 9A
35 8A 36 CB 91 93 D0 72 50 7B B0 83 F4 AA 35 92
B5 B2 B5 AA 96 B2 D6 B2 ED C4 50 C4 B6 B2 B7 AA
75 8A 14 C3 56 B3 56 7B 56 C3 91 8B 90 83 31 8B
71 73 F5 A2 16 B3 95 9A 15 B3 95 A2 F6 AA AC BC
71 A4 56 92 36 A3 D5 9A 76 9B 96 BB 6E BC D2 EA
11 83 30 83 6F 73 11 93 15 7A 36 D2 15 82 15 AA
D5 89 75 DA 8B BC D3 DA F6 B1 15 C2 F5 A9 17 E2
74 A2 15 C2 F6 D9 72 92 11 83 D1 7A B2 BA F5 C1
F6 E1 F4 A1 F6 E9 D5 A1 34 CA 6B C4 34 EA B6 A1
F6 E9 F5 B1 F6 F1 D6 F1 77 F9 34 E2 2F 73 50 A3
10 7B B1 92 F5 A9 54 D2 F4 A9 F5 D1 D5 A1 D2 D2
4C D4 D6 D1 B5 A9 F6 E1 F5 A9 F6 F1 F6 C1 F5 B1
15 E2 B1 82 30 9B 91 7A 15 AA F5 C1 F5 D1 F4 A9
F6 E1 D6 A1 11 E3 2C DC D6 D9 D5 A1 F5 C1 F5 D1
F6 D9 F6 D9 F6 F1 B2 BA 2F 73 54 B2 D1 82 34 D2
F5 A1 F6 C9 F5 C9 F5 C1 D6 B1 8F DB AE AB D6 B1
D6 79 F5 A9 F5 C1 F6 F1 F6 A9 F6 B1 D0 C2 00 FC
2F 9B F1 8A 15 D2 F6 D1 F5 C9 F5 B9 D5 C9 D6 89
ED D3 8F DB 16 BA B6 B2 F5 B9 B6 B3 D6 D3 16 F2
F6 D9 D1 8A 53 A3 71 93 10 95 F4 BC F4 79 92 92
0B AC 76 A3 FF FF FF EF FF EF FF EF B6 B4 0D 93
6B B4 B0 8A 30 AC EE B5 6D 8B 2F B4 8E 9B D1 CB
51 B3 92 D3 32 AC 6E CD 0C B4 F1 BA 71 A3 11 B3
D1 CB 91 BB F1 B3 B2 DD F2 EA B2 E2 8E B3 CD 8B
A5 EB 25 D4 D2 C2 B1 C2 B1 B2 B2 62 0C C4 CD CB
B2 AA D1 E2 B1 CA B1 B2 B1 BA B2 E2 B2 EA B2 EA
B2 EA 6E A3 AD 9B 8E AB EC 93 2F 9B B2 AA B1 BA
B2 CA 0C CC AD E3 D0 B2 B2 DA D1 C2 B2 E2 D0 A2
4A CC AA D4 4A D4 B1 EA CD 9B CD A3 0F 9B AE B3
B1 C2 D1 DA B1 BA D1 D2 4B CC 30 EB B1 C2 D2 E2
B1 BA B2 E2 B1 C2 B2 EA B1 CA B1 CA F1 E2 6E 93
0F 8B AD 83 AD A3 B0 9A B2 EA 91 B2 D1 C2 4B C4
10 CB D1 A2 D1 E2 0E C3 D0 B2 CF A2 AC C3 11 AC
30 9B 31 B4 0C 84 0C 8C 0E 8B 92 BB 91 AB B2 A3
11 A3 30 C4 4B B4 B1 BB 91 AB B3 BB 51 A3 12 BC
71 A3 B1 B3 32 C4 32 C4 EF 9B 6D 83 CE 93 EC 8B
10 B4 51 A3 F2 BB 11 9B 6F C4 CB C4 F1 B3 71 AB
F1 BB B1 B3 D1 B3 91 AB 8C CC F0 EA B2 DA 6E B3
EC 8B 8E B3 AD 8B 10 BB B1 AA B1 C2 92 BA AE DB
EC BB B0 B2 71 B3 71 BB EF 9A 0F C3 6E A3 50 AB
F1 92 B2 D3 0E A4 8D 83 CD 8B 0D 94 71 BB F1 A2
51 BB 32 B3 8D C4 8D CC 51 B3 71 BB 51 C3 8E AC
F1 93 2F BC D1 C3 92 93 B2 CB EE A3 ED 9B AE 9B
CD 8B 51 AB 71 C3 11 AB 52 BB 8C C4 0F CC 11 AB
91 AB 11 AB 72 B3 31 AB 72 AB 92 D3 4B DC 2F EB
AD 93 AD 93 EC 83 8E B3 B1 AA B1 CA 91 82 B1 92
4B B4 4F E3 B1 9A B2 E2 B1 BA B1 CA 10 B3 6E E3
92 AA B2 E2 D2 EA 2F 9B AE 9B 6E 8B 4F BB B1 C2
D2 E2 91 AA F1 E2 4B C4 F1 D2 D1 A2 B2 EA B1 AA
B2 E2 B1 BA B2 EA F1 EA 10 CC 10 BC CD 83 CD B3
AD 8B CD 9B F0 AA B2 F2 92 BA 10 DB 4B C4 F1 CA
B1 BA B1 DA B1 BA B2 E2 B1 B2 B2 F2 B2 CA B1 BA
D1 E2 6E 93 CD B3 4E 8B D1 BA B1 CA B1 D2 91 AA
8F EB 2B CC B1 D2 D1 C2 B1 DA B1 A2 B2 C2 B1 DA
B2 DA B2 DA B2 F2 6F C3 CC 83 10 BB 6E 93 10 DB
B1 92 B2 CA 92 CA 8E DB 2C D4 B1 CA B1 B2 B1 C2
B1 8A B1 B2 B1 CA B2 EA D2 DA D2 A2 6D BB 00 FC
AC A3 8E 9B F1 D2 B1 DA B1 BA B2 C2 0C DC CD BB
B1 C2 D1 CA 51 C3 F1 BC 71 BB D2 C5 32 D6 52 EB
B2 DA 6E 9B 0F A4 2E 9C 4D A5 51 BD B0 8A CD AB
EB A3 D4 AB FF F7 FF E7 FF DF FF EF 97 A4 90 8A
AA BC EF 92 12 A4 30 A6 2E 83 30 AC 6F 93 12 BD
73 B3 8F DD 2D C5 91 CB 50 BB 53 B3 92 C3 13 D3
D3 C4 F2 B4 32 BA B3 E4 13 E3 73 EA 4F B3 AE 83
85 EB 26 D4 74 C2 53 C2 AE E3 CE 8B 10 B3 11 CB
73 C2 73 DA 72 CA 73 BA 73 C2 73 E2 73 F2 73 EA
73 F2 2F 9B 6E 93 4F AB 2B 74 6E 7B 54 BA ED CB
50 DB 10 BB F1 E2 72 B2 73 DA 72 C2 73 DA 72 9A
14 EA 15 FA 15 EA 93 E2 AD 93 8E A3 D0 92 6F AB
53 C2 73 D2 2C CC EB EB 50 C3 B2 E2 73 C2 73 E2
72 B2 73 EA 72 C2 73 EA 72 CA 73 CA B2 E2 2F 8B
D0 82 8E 83 8E A3 52 92 B2 EA 2C C4 D1 C2 4F AB
B2 CA 72 9A 73 EA 50 AB 50 9B D1 92 8C C3 72 E2
72 B2 B2 DA AD 7B AD 8B 0F 83 53 D2 33 BA 92 BA
2C CC F1 C2 4F 8B 92 D2 53 CA 53 E2 52 B2 53 EA
52 BA 53 D2 53 F2 33 F2 10 B3 4E 7B 4F 93 8D 8B
B1 D2 33 B2 10 EB 0C CC B1 E2 2F CB 53 E2 52 BA
53 E2 53 D2 53 DA 52 C2 34 F2 74 F2 73 DA 10 AB
AD 8B 4F B3 8E 83 D1 B2 53 A2 4F CB 0C D4 F1 D2
2F AB AF AA 73 AB 73 B3 CF 9A 0D BB 54 E2 52 C2
72 A2 33 FA 4F AB 4E 7B 8E 8B 8E A3 53 D2 53 A2
8E E3 6E DB D1 D2 D0 E2 53 CA 33 DA 52 DA 6D CB
F1 A2 4E BB 52 DA 33 A2 33 F2 4F AB 6E A3 2F A3
6E 8B 53 AA 33 E2 AD CB 6F E3 10 C3 B1 DA 52 B2
53 C2 72 B2 53 C2 52 BA 53 C2 33 F2 15 F2 93 D2
8E 8B 6E 93 CD 7B 6F BB 53 C2 73 BA 2C AC 30 BB
2F AB D2 E2 72 9A 73 DA 72 AA 73 CA 10 A3 CC DB
73 AA 73 DA 73 F2 F0 92 6F B3 4E 8B 30 BB 53 C2
73 E2 0C C4 10 DB 4F B3 92 D2 72 A2 73 EA 72 AA
73 EA 72 9A 73 EA B2 EA CF D3 B1 C3 8E 7B AE AB
6E 83 D2 D2 53 BA F1 E2 2C CC F1 D2 4F BB 93 CA
72 B2 B2 CA 91 B2 73 E2 72 B2 73 EA 73 CA 72 BA
B2 E2 2F 8B 8E B3 0F 83 92 D2 53 C2 F1 E2 0C C4
F1 E2 2F BB 73 DA 72 BA 73 CA 72 AA 73 C2 73 D2
73 DA 73 DA 73 F2 30 C3 AD 83 D1 B2 4F 8B B2 D2
53 92 6F DB ED DB D1 D2 30 CB 73 C2 72 CA 72 CA
73 82 72 B2 72 CA 74 F2 73 DA 73 A2 2E BB 00 FC
8D A3 6F 93 92 D2 53 D2 8F AB CE DB 10 D3 10 AB
73 C2 B3 D2 52 B3 B3 A4 F3 A3 53 CC 93 DC F3 E2
53 CB 6F 9B F1 93 2F 94 0E 9D 12 BD 91 8A C9 BC
4E 9B 95 A3 FF FF FF EF BE F7 FF F7 F5 BC CF 8A
8E A3 6D 9B 71 B4 2E BE AC 8B AE B3 4E 9B 2F C3
AE C3 EF E2 6E BD 11 BD D1 C2 50 BB F0 C2 F0 D2
10 C3 D0 CA 50 AC 51 CE 31 DB F1 EA AD B3 0D 94
A4 F3 25 D4 8F CB 6E CB 4F DB 4F 9B D1 BA D1 B2
F0 C2 F0 DA F0 CA F0 A2 F0 BA F0 E2 F1 EA F1 E2
F1 EA 8D AB CC 9B CD A3 6E B3 4F D3 6E BB 4F C3
2F D3 D1 BA D1 DA F0 BA F0 DA F0 CA F1 CA F0 8A
10 E3 11 EB 11 E3 11 E3 0C 9C EC AB 0F 9B AD B3
8E CB 4F DB 4E C3 30 E3 B1 BA F1 E2 F0 C2 F1 E2
F0 BA F1 E2 F0 C2 F1 EA F0 CA F0 CA 30 E3 8D 93
2E 93 AC 8B 4F AB 8D A3 4F EB 6E BB 0F BB D0 A2
F0 CA EF A2 F1 E2 F0 C2 F1 B2 4C A3 E6 BC 66 BD
0E B3 50 CB 0B 84 0B 94 2E 8B 10 D3 AD C3 30 BB
6E BB 11 EB 0F A3 AE C3 F0 CA 10 E3 F0 9A F1 CA
F0 C2 F0 CA 11 EB F1 EA 8E B3 AC 83 AD 9B CC 8B
6F D3 8E C3 4F E3 6E BB F1 D2 D1 C2 F0 DA F0 BA
F1 DA F0 D2 F0 D2 F0 C2 11 EB F1 EA F0 DA 29 B4
4A 94 69 AC 8D 8B AD BB 6E BB 2F CB 6E CB D1 CA
D0 92 D0 B2 B1 D2 B0 DA F0 A2 D1 C2 F0 D2 2F BB
4E 9B 71 DB 0D AC AC 8B EC 8B ED 9B AF CB 8E B3
AF C3 8F C3 31 BB 31 CB 50 C3 50 C3 50 CB 32 BB
10 AB 31 A3 71 C3 71 9B 91 DB ED A3 0C A4 AE A3
8D 93 8E B3 4F E3 4F C3 4F DB D1 BA F1 D2 F0 B2
F1 E2 F0 AA F0 82 F0 BA F1 C2 F1 EA F1 EA 10 DB
EC 93 CC 9B EC 83 AD B3 6E AB 4F DB 6E B3 2F BB
B0 AA D1 DA F0 9A F1 EA F0 C2 F0 CA D0 B2 B2 E2
F1 D2 F1 CA F1 E2 4E A3 CD B3 6D 8B 8E BB 8E CB
30 E3 6E BB 10 CB B0 AA F1 D2 F0 AA F1 EA F0 B2
F1 E2 F0 C2 F1 EA F1 EA B2 F2 2F E3 EC 8B EC B3
8D 8B 6F CB 8E C3 30 E3 6E C3 F0 CA B0 AA F1 CA
D0 B2 B1 EA D0 CA D0 E2 D0 BA B1 F2 D1 EA D0 C2
D0 E2 8D 93 ED B3 2E 8B 4F D3 8E CB 10 D3 6E C3
D1 D2 D0 AA F0 DA F0 C2 F0 DA F0 BA F0 DA F0 CA
F1 F2 F1 F2 F1 EA 8E C3 0B 8C 2F BB 6E 93 8E D3
6E BB 30 DB 4E D3 D1 D2 D1 B2 F0 AA F0 CA F0 CA
F0 A2 F0 B2 F0 CA 2F EB 10 E3 10 BB CA C3 00 FC
CC A3 8E 93 8E DB 6F D3 2F B3 4F CB D1 C2 D1 AA
F0 D2 D0 B2 B0 AA B0 92 D0 9A B0 DA 91 D2 F1 EA
F1 EA CD A3 2E B3 4D AB 4C 9D EF BC 2E 9B CC AB
CF 8A 13 AC FF FF DF FF FF FF FF FF 97 BC 71 82
10 9B A9 B4 90 BC CF B5 0E 7B 2E C3 ED 93 30 AB
CC CB 53 DA 53 BA 72 CA 72 92 53 B2 72 C2 73 A2
73 A2 72 CA B2 B2 B3 82 73 DA 73 F2 4F B3 8F 7B
85 DB 25 DC AF CB AE D3 73 B2 73 7A 72 B2 73 AA
73 B2 73 E2 72 CA 73 A2 73 B2 73 E2 73 F2 73 E2
73 EA 2F A3 4F 93 0C B4 AE BB 8E CB 8E E3 53 C2
73 CA 72 B2 73 DA 72 B2 73 D2 72 B2 73 AA 72 82
73 EA 73 F2 73 E2 93 E2 AD 93 8E A3 AD AB ED BB
ED D3 50 E3 53 B2 73 EA 72 BA 73 E2 72 C2 73 E2
72 B2 73 EA 72 C2 73 EA 72 CA 73 CA D2 E2 2F 8B
B0 82 4B 94 4F BB ED AB 11 EB 53 AA 4F AB B1 A2
72 CA F0 92 4B AD F0 BA 72 AA 72 9A 72 D2 73 DA
72 B2 D2 D2 AD 7B CD 8B CC 93 F1 BA 0C D4 B2 B2
53 AA 73 EA 72 B2 73 EA 72 C2 73 E2 72 B2 73 E2
72 BA 73 CA 73 EA 73 F2 10 AB 2E 73 8E 9B 4B 9C
30 DB 0C CC 93 E2 52 AA 73 DA 72 C2 73 DA 72 BA
73 DA 73 D2 73 D2 72 C2 73 F2 73 F2 73 DA 4F AB
AD 83 CE BB 0C 94 8E BB CD C3 73 C2 73 BA 73 E2
B1 82 2F 83 0E CB 92 CA 72 9A 72 C2 73 D2 73 C2
92 9A B3 EA 6F A3 2F 7B 0C 94 2C AC 6F D3 CD BB
73 C2 93 C2 92 CA 93 CA 92 BA 93 D2 93 D2 B3 BA
92 A2 B3 AA B3 C2 B3 CA B3 EA 6F A3 6F 9B ED B3
CD 83 AE 83 6F EB 53 B2 73 D2 72 BA 73 D2 72 B2
73 E2 72 AA 73 CA 72 BA 73 BA 73 F2 73 F2 B3 EA
6E 8B 6F 8B 6B 94 AE C3 CD D3 6F BB 53 AA 73 CA
71 A2 73 DA 72 92 73 EA 72 BA 72 CA 72 B2 93 EA
73 B2 73 E2 73 EA D0 92 6F B3 0C 9C 6F C3 ED D3
F1 EA 53 AA 73 E2 72 AA 73 DA 72 B2 73 EA 72 AA
73 E2 72 BA 73 F2 73 EA 93 EA F1 DA 6E 7B AE B3
2B 9C 50 D3 ED CB 92 EA 53 BA 73 D2 92 AA 73 EA
4D AB EA BC 33 AB B3 BB 12 A3 F3 C3 D3 BB AF A3
4B 8E 0F 83 CD BB CC 9B 30 DB 0D D4 92 D2 52 92
73 D2 72 AA 73 DA 72 C2 73 DA 72 BA 73 E2 72 D2
93 DA 93 AA 73 F2 30 BB 8E 7B 4F BB EC A3 6F DB
AE C3 73 D2 73 CA 72 D2 72 AA 73 AA 72 CA 72 C2
73 A2 72 B2 72 CA F0 F2 92 F2 92 EA 8B CB E1 FB
0B B4 CD A3 AE D3 AE DB 73 B2 73 C2 72 D2 72 AA
72 BA F3 B2 32 B3 53 9A 53 9A 33 D2 93 D2 93 EA
73 F2 2F AB B1 82 4D A3 CC B5 F1 BC 69 B4 AE A3
72 82 B4 A3 FF EF FF FF FF FF FF FF B6 BC 90 8A
B1 92 AC A3 2E BD EF B5 AD 83 8D B5 4A B4 92 BB
D2 B3 D2 D3 B1 B3 72 BC B2 BA 12 BB B1 A2 B2 9A
B2 CA B1 C2 92 C2 92 C2 B2 DA B2 EA 8E BB ED 83
85 E3 64 DC B3 A2 72 C2 B2 CA B2 AA B2 B2 B2 AA
B2 B2 B2 E2 B2 CA B2 B2 B2 BA B2 E2 B2 F2 B2 EA
B2 F2 6E A3 8E 9B 4B BC 0C C4 92 BA 92 A2 B1 BA
B2 D2 B1 BA B2 DA B1 B2 B2 D2 B1 C2 B2 C2 B1 8A
B2 DA B2 E2 B2 EA B2 DA EC 9B CD A3 2B B4 2C C4
72 C2 92 DA B1 C2 B2 CA B1 BA B2 E2 B2 C2 B2 E2
B1 B2 B2 E2 B1 C2 B2 EA B2 CA 92 CA F1 E2 8D 93
EF 8A A9 A4 6E BB 72 92 B2 EA B1 AA 92 DA B1 BA
B1 C2 B1 A2 D1 D2 B1 B2 B1 B2 B1 A2 B2 CA B2 DA
B1 B2 F1 DA 0C 8C AD 93 0B A4 D1 D2 72 C2 92 CA
B1 B2 B2 EA B1 B2 92 EA 92 C2 92 E2 91 B2 92 EA
91 BA 92 D2 92 F2 93 F2 4F B3 8D 83 AD A3 C9 AC
F1 D2 72 B2 B2 E2 B1 B2 B2 DA B1 C2 B2 DA B1 BA
B2 DA B2 D2 B2 D2 B1 C2 B2 F2 B2 EA B2 DA 4F B3
EC 93 CD C3 A9 A4 D1 B2 72 AA B1 C2 B1 C2 B2 E2
B0 8A F0 A2 D0 CA B2 D2 B1 9A B1 C2 B2 D2 B2 C2
B1 9A 92 F2 AE B3 8D 83 4B A4 8A BC 92 CA 72 AA
92 CA 92 CA 92 D2 92 BA 92 B2 92 DA 92 D2 92 DA
91 C2 92 AA 92 D2 92 A2 92 EA AD AB 8E A3 2C BC
4B 94 92 72 92 E2 B1 BA B2 D2 B1 C2 B2 CA B1 AA
B2 E2 B1 AA B2 D2 B1 BA B2 BA B2 F2 B2 EA D2 EA
CD 93 AE 93 C9 9C 0C CC 72 BA 92 D2 B1 A2 B2 D2
B1 A2 B2 E2 B1 9A B2 EA B1 C2 B2 BA B1 B2 B2 EA
B2 CA B2 EA B2 F2 2F 9B AE BB 8A AC 8E C3 73 BA
B2 EA B1 AA B2 E2 B1 B2 B2 D2 B1 AA B2 EA B1 AA
B2 E2 B1 BA B2 F2 B2 F2 B2 CA 10 D3 CC 8B CD B3
A9 AC 4F D3 72 B2 B2 EA B1 BA B2 D2 B1 AA B2 CA
F0 B2 50 DB D2 B2 F2 D2 D1 B2 12 E3 12 DB D1 BA
6F D3 6E 93 0C C4 6A A4 D1 D2 72 C2 92 DA B1 9A
B2 BA B1 AA B2 DA B2 C2 B2 D2 B1 C2 B2 B2 73 AA
73 EA 92 E2 72 F2 4F C3 CC 8B 6E C3 8A B4 B1 D2
72 A2 73 DA B2 CA B2 D2 B1 B2 B2 BA B2 C2 B1 CA
B2 AA B2 B2 B2 CA 93 F2 B2 E2 B2 D2 6D C3 E0 FB
4A BC 6B AC 92 9A 92 CA B2 9A B2 9A B2 A2 B2 AA
B2 BA 32 D4 32 BC F2 AB B2 A3 B2 CC B2 DA 52 E2
B2 DA 4E 9C 10 8C 8B AD AA BD 8F C5 EB AB D1 92
90 8A D4 A3 FF E7 FF FF FF FF FF FF 58 B4 13 7A
34 82 B0 92 AB CD 8E BE 48 AD 92 9D D1 8A 33 CC
34 AC 15 CD 34 B3 34 BC 14 C2 F4 B9 14 92 14 AA
14 DA 14 BA 14 CA 35 D2 35 E2 15 E2 0D D4 0A AD
66 EB 06 CC 35 92 34 C2 14 D2 14 BA 14 C2 14 9A
14 A2 15 CA 14 BA 14 A2 14 BA 15 BA 15 F2 35 F2
15 F2 4C BC AA B4 F1 92 F1 AA 34 C2 34 8A 14 B2
14 D2 14 B2 15 DA 14 B2 14 DA 14 CA 35 C2 33 82
35 D2 35 DA 35 EA 35 E2 09 BD 6B C4 53 8A 30 A3
34 BA 34 DA 14 BA B0 CA 90 B2 15 E2 34 C2 15 EA
14 B2 15 EA 14 BA 15 EA 34 C2 F1 AA 93 E2 09 BD
2F 93 10 73 D2 9A 33 8A 15 EA 14 AA 34 DA 14 B2
34 C2 13 9A 15 DA 14 B2 14 AA 13 9A 34 CA 34 DA
14 AA 93 E2 87 B5 8E 9B F4 79 54 CA 54 C2 55 C2
34 A2 16 E2 34 AA 55 E2 54 BA 55 DA 34 B2 55 E2
34 B2 54 CA 75 EA 73 EA 4F C3 28 AD 30 93 2F 7B
93 D2 34 B2 35 E2 14 A2 14 CA 14 C2 15 DA 14 B2
15 DA 14 CA 14 D2 14 C2 15 F2 35 F2 15 DA 6F C3
67 BD 10 B3 2F 73 92 B2 34 A2 34 C2 14 BA 14 D2
13 82 14 B2 15 CA 14 D2 13 92 14 BA 14 D2 14 CA
34 92 35 F2 4C CC E9 AC 10 7B 4F 93 34 CA 33 A2
14 CA 14 C2 14 D2 14 BA 14 AA 14 DA 14 D2 35 D2
14 B2 34 A2 35 D2 35 92 35 EA 4C CC AA BC B1 8A
30 93 34 9A 34 DA 34 B2 34 D2 14 C2 14 BA 14 92
F5 E9 14 A2 34 9A 34 B2 35 BA 35 EA 35 EA 55 EA
09 BD 4C AC 4F 6B F1 B2 14 C2 14 D2 14 82 14 B2
13 92 35 EA 34 B2 35 EA 14 B2 14 AA 34 AA 35 EA
35 D2 35 EA 35 F2 AA C4 ED CB B1 7A D1 B2 34 C2
35 DA 14 A2 15 EA 14 AA 15 CA 14 9A 15 EA 14 A2
15 E2 14 BA 15 F2 35 F2 15 DA D2 E2 47 B5 CE BB
10 7B 93 CA 34 B2 35 EA 14 BA 14 CA 13 AA 15 CA
14 AA F5 E9 14 C2 15 E2 14 B2 15 F2 15 EA 14 BA
73 EA 08 BD 6F B3 B1 7A 54 D2 34 C2 B2 C2 33 92
15 C2 14 AA 14 DA 14 BA 14 BA 34 C2 15 9A 0F AB
72 D3 15 C3 F5 D2 0F CC 67 B5 D3 A2 10 83 13 BB
B2 9A 6E D3 14 CA 14 DA 14 7A 14 92 14 CA 14 C2
14 A2 14 B2 14 C2 35 F2 35 D2 35 C2 6D CB 20 FC
2E 9B F0 8A 54 C2 34 CA 14 72 14 8A 14 AA 34 B2
14 BA F4 C3 94 AB 34 BB 74 B3 15 CC 55 E3 55 E3
55 E3 0B C5 2D B5 F1 8B AF 94 4D D6 CC A3 34 82
13 82 76 93 FF E7 FF FF DF F7 FF F7 3D 9B 3B 58
7C 60 5B 58 1B 9B B8 A5 55 52 F9 84 38 59 7C 91
BD A1 9E D1 3D A1 FD B9 7D 80 5E A9 3D 78 3E 78
3E B8 3D B0 3D C0 3F C8 3E E8 3F F8 B7 99 36 62
E8 FA 89 BB 3F 70 3D B8 3D C8 3E B8 3D D0 3E 70
3E 88 3E A8 3D 90 3E 78 3D B0 3E 80 3F F8 3F F8
3F F8 98 81 F6 71 D7 79 78 91 3D B8 3D 68 3D A0
3D C8 3D A0 3E E0 3D 98 3E D0 3D B8 1F B8 1D 50
1E F0 1F F8 1F F8 3F F8 54 6A 36 8A DA 70 D7 91
3D B0 3E D8 3D B0 5D B0 5C 98 3E E8 3D B0 3E E8
3D A0 3E F0 3D B0 3E F0 3D C0 7E F0 BD E8 B7 61
D9 58 B6 51 F6 81 7C 68 FB C1 77 81 73 D9 3E A0
3D B8 3C 78 1E F0 1D B0 3D 98 3C 80 1D C8 1E E0
3D 98 9C E0 93 5A B3 52 7A 58 5E A1 3D 99 BE B9
DC 88 B5 A3 5B 79 DE C1 1D 91 BE B9 FD 60 FE A9
1D 91 7E A1 5D BA F1 DA 77 99 D6 49 97 71 15 5A
BC C8 3D A0 3E F0 3D 78 3E 98 3D B8 3E D8 3D A0
3E E0 3E C8 3E D0 3D B0 3F F8 3E F8 3F D8 79 99
74 62 98 99 D6 51 BB A0 3D 90 3D B0 3D B0 3E C0
3C 58 3D A0 3D C0 3E C8 3C 70 3D B0 3E C8 3E 98
3D 78 3F F8 D7 91 D6 51 F6 59 16 7A 3D C8 3C 88
3D C8 3D B8 3D C8 3E A0 3D 98 3E D8 3D D0 3E B8
3D 88 3E 90 3F C8 3E 80 3F F8 D7 91 F6 79 58 79
B7 71 5D A0 3E D8 1D A0 1E D8 5B B8 9E A0 5D 68
DC E0 BA 80 1E 70 1D A8 1E B0 1F F0 1F F8 3E F8
15 6A D6 71 15 4A 35 9A 9D B0 9E B8 7D 50 7D 58
3C 68 1E F8 1D 98 1F F8 3D 90 3E A0 1D 98 1E D8
1F D0 1F D0 3F F0 39 79 D7 A1 77 51 59 A9 3E B8
3E C0 3C 88 3E F0 3C 90 3E C8 3D 88 3E F0 3C 90
3E E8 3D A8 3F F8 3E F8 3F D8 FB D0 34 52 36 92
D6 51 FB C0 3D A0 3E F0 3D A8 3E C8 3C 90 3E C0
3D 98 3E F0 3D B8 3E E8 3D 98 3F F8 3E F0 3D B0
7D E0 B7 69 17 9A 38 51 7D D0 3E B8 9D D0 3D A0
3E D0 3D 88 3E D8 3D A0 3E A8 3D B8 3E 80 BA B0
DC E8 9E 98 9F E0 99 B1 54 52 DB 98 77 61 DC C0
7C A8 FA E0 3D B8 3E D8 3D 30 3E 58 3D C8 3D A8
3D 78 3D 98 3D B0 3F F8 5E E8 3F C0 B6 A9 00 FC
15 72 98 69 7D D0 3E C0 3D 48 3E 70 3D C8 3D 88
3D A8 3E D0 1D A8 1E B8 3D A0 1E D8 5F E1 9E F9
5F F9 B7 79 1A 69 F7 70 B6 7C 5B B4 7A 58 7C 60
3B 58 FC 81 FF EF FF F7 DF FF FF FF DF 92 1D 48
1E 58 1E 48 7F 92 BA A5 18 41 5B 99 FA 48 1F 78
1F A8 1F E0 1F A8 1F C0 1F 58 7F A0 1F 78 1F A0
1F B0 1F B0 1F B8 1F F0 1F E0 1F E0 3A 99 99 39
C9 EA 6A BB 1F 90 1F B0 1F C8 1F 58 1F C8 1F 70
1F 80 1F B8 1F A8 1F C8 1F B0 1F 68 1F F8 1F F8
1F F8 FA 70 59 69 79 79 1A 91 1F B0 1F 60 1F A0
1F C8 1F 98 1F E0 1F 98 1F D0 1F B8 9B C8 5C 58
7F D8 DF E0 D7 E1 5D F8 98 59 B8 79 5C 60 79 91
1F A8 1F A0 1F B0 1F A8 1F 98 1F F0 1F A0 1F E0
1F A0 1F F0 1F A8 1F F0 1F C0 1F F8 3F F0 FA 50
3C 48 77 39 3C B9 1F 88 DD D8 B9 80 9D C8 1F 90
1F A8 1E 70 3F E0 1F A0 1F 88 1F 70 1F B8 3F D0
1F 88 DE C8 D7 41 57 82 BA 48 1F C0 1F B0 1F D8
1F 90 DD D0 1E 88 1F E8 1E A8 1F C0 1F 60 1F D0
1F A8 1F C8 1F F8 1F F8 DB 88 18 31 39 61 B7 51
5E C8 1F 98 1F F8 1F 58 1F 88 1F B8 1F D8 1F A0
1F E0 1F C8 1F D0 1F B0 1F F8 1F F8 1F E0 FB 88
D7 51 3A 91 97 41 9C 90 1F 80 1F A8 1F A8 1F C8
1E 50 1F 98 1F B8 1F C0 1E 68 1F A8 1F C0 1F 78
1F 70 1F F8 7A 81 19 39 97 49 D8 69 1F C0 1F 80
1F C0 1F B0 1F C0 1F B0 1F A0 1F C8 1F C8 1F B0
1F 80 1F A8 1F C8 1F 80 1F F0 79 81 79 69 1A 71
79 69 1F 90 1F D0 1E A0 BC A9 1B 99 3F 6A FF 50
1C 93 9A 61 1F 89 9F 88 3F 89 7F C1 5F C9 BF C9
B8 49 19 6A F7 51 B5 63 9E 79 9F 82 7F 49 FF 49
3E 58 5F 99 BD 48 DB C0 1F 98 1D B0 9A 88 5F 81
5F C1 96 B2 7C E0 3D 58 79 99 19 49 DB A0 1F B0
1F E0 1F 88 1F F0 1F 88 1F D8 1F 90 1F F0 1E 88
1F E8 1F A8 1F F8 1F F8 1F C0 7E C8 97 41 B8 89
78 49 7D C0 1F 98 1F E0 1F A8 1F C8 1F 88 1F F0
1F 98 1F F0 1F A8 1F B0 1F 98 1F F8 1F F0 1F B0
1F E0 FA 50 B9 91 BA 48 1F D0 1F B8 1F E8 1F A0
1F D8 1F 90 1F D8 1F 98 1F B8 1F B0 1F B0 1F B8
1F F0 1F B8 1F F8 DC B0 B7 41 3D A0 19 59 3E B8
1F A0 1F E8 1F A8 1F C8 1F 38 1F 58 1F C0 1F 98
1F 48 1F 90 1F B8 1F F8 1F C0 1F B8 58 A1 E1 FB
B6 79 3A 59 1F B0 1F C8 1F 38 1F 70 1F C0 1F 98
1F 88 1F E0 1F B0 1F D0 1F 90 1F E0 1F E0 1F E0
1F F8 39 39 7D 40 D9 60 98 7C FE AB 1E 48 1E 58
1D 50 9F 79 FF FF FF FF FF FF FF FF F0 D5 90 8A
14 82 F3 79 D4 AB F1 B5 CF 7A B2 B2 D1 82 54 AA
74 B2 95 DA 34 BA 55 CA 34 8A F5 B1 14 C2 56 C2
B6 C1 CE DB ED DB F6 F1 15 C2 15 B2 F1 BA 50 73
66 EB 06 CC 15 C2 14 BA 15 BA 15 8A 15 D2 15 92
15 9A 15 C2 B6 B9 D6 D1 6B D4 50 B3 F6 E9 15 F2
15 F2 D1 9A 10 93 30 9B F1 AA 15 C2 15 92 14 B2
15 D2 14 B2 15 DA 14 B2 15 DA B6 B9 B1 E2 08 CD
D2 D3 14 D3 2C CC 92 F2 50 83 4F 9B 72 8A 30 AB
15 BA 15 AA 14 C2 15 B2 14 AA 15 DA 14 BA 15 DA
B6 A9 74 EA AA DC 93 EA F5 C9 15 F2 54 EA F0 82
F0 7A 0F 73 D3 A3 94 9A D3 B3 75 9A 36 B3 B4 9A
F4 A2 53 8A 75 AB 76 92 12 A3 EA BC 93 A3 94 AB
94 9A D4 B3 8E 73 30 94 91 7A 15 AB 14 9B 75 B3
94 9A 76 BB B4 9A 96 BB 70 AB B1 A2 B7 B1 31 F3
6B D4 15 CA 15 F2 16 F2 B2 AA F0 6A F0 8A 4F 83
73 D2 14 B2 15 EA 14 92 15 AA 14 C2 15 DA 14 B2
D6 D9 B6 C9 50 E3 4C DC F6 F1 15 F2 F5 D9 D1 AA
6E 83 F1 B2 4F 73 AE 83 74 92 D5 A2 D4 A2 55 AB
54 82 B4 9A 14 AB D6 AA D5 81 6D C4 6F C4 F5 8A
D4 8A 75 C3 B0 8B F0 72 4F 7B CF 83 F4 AA 54 92
F5 AA D5 AA D5 AA 35 B3 F4 AA 15 B3 D6 AA 16 A3
AC BC 10 AC 56 AB 75 7B 75 C3 90 93 90 7B 31 83
70 83 15 7B 53 B3 50 9B 74 CA 35 B2 35 B2 34 8A
16 CA D6 99 75 92 AB CC 32 B3 76 D2 75 E2 B5 E2
2F 7B 50 93 8E 7B 11 A3 15 AA 35 DA 34 8A 15 9A
14 9A 95 C2 53 82 53 DA B6 A9 33 C2 A9 CC 94 C2
36 CA B2 EA 34 EA 72 7A 11 B3 F0 7A D2 BA 15 C2
15 DA 14 A2 15 EA 14 AA 15 D2 14 A2 F6 E9 96 99
B2 EA 8B D4 35 F2 15 F2 15 CA 93 D2 4F 7B 50 AB
30 7B 93 CA 14 B2 15 DA 14 BA 15 CA 14 A2 15 F2
14 B2 F6 E1 96 A9 11 B3 2C D4 F6 F1 34 EA 34 B2
34 DA D1 82 50 AB B1 7A 34 D2 15 C2 15 E2 14 B2
15 E2 14 AA 15 D2 14 C2 D6 D9 B6 B1 AF E3 2C DC
F6 E1 15 E2 15 F2 D2 BA 4F 73 73 B2 F0 8A 54 BA
15 BA 15 C2 15 AA 15 BA 14 82 15 B2 14 C2 D5 B1
B6 71 CE CB 6F D3 F6 E9 15 CA 16 C2 EF BA 00 FC
2E 9B 11 83 34 C2 15 D2 15 A2 15 C2 15 C2 15 CA
14 9A F5 D3 36 B3 F6 C1 8B BC B0 EB F6 C1 15 B2
15 F2 30 7B F3 8A 10 8B 10 9D D3 B4 F3 79 14 82
32 82 2A C5 FB E7 FF FF FF FF FF EF D2 C5 EB AB
14 82 F3 79 D4 AB CF B5 CF 7A D2 AA D1 8A 14 B2
95 AB 95 CC B4 B2 B5 BB 94 AC D5 C3 D5 B1 2F D6
6F D3 93 C2 B2 C2 F6 F1 15 8A F6 B1 F1 BA 50 73
66 EB 06 CC 16 A2 F4 B9 F5 B1 F5 B9 15 DA 15 92
D5 99 D6 B9 CE DB 31 C3 D2 AA 93 9A F6 C1 15 F2
16 F2 D1 9A 10 8B 30 9B F1 AA F5 C1 15 B2 F4 B1
F5 D1 14 AA 15 C2 D5 B1 F5 D1 0D DC B3 EA B2 AA
34 EA D6 F1 97 E1 F6 F1 4F 83 50 9B 72 8A 30 AB
15 C2 15 E2 14 B2 15 D2 14 B2 15 E2 D5 B9 35 BA
2C CC 93 EA F1 C2 55 EA 15 CA 16 F2 54 EA F0 7A
10 93 0F 73 73 D2 13 AA 67 D4 13 AA D5 D9 F4 B9
D5 C1 B5 89 53 E2 2C CC 53 B2 F1 AA AD 8B 2E B3
F5 B1 34 E2 6E 7B 4F AB 91 7A D5 D1 F5 B1 D5 E1
F4 A9 D5 E9 F4 B1 B5 F1 96 C1 B3 BA ED CB 74 E2
F1 C2 F5 C9 15 F2 F6 F1 B2 AA F0 6A F0 8A 4F 83
74 D2 F5 B1 15 EA F4 99 15 B2 14 C2 F5 D9 D6 B1
50 EB EE DB 73 D2 D1 CA F6 F1 15 F2 F6 D9 D1 AA
6F 83 F1 AA 2F 7B 54 DA F4 A9 F4 C1 F5 B9 F5 D1
F4 A1 D5 B1 B6 C1 8E E3 4F A3 92 C2 92 D2 F5 A1
F4 99 F5 F1 32 AB 10 73 91 8B 70 93 D5 CA D3 9A
B5 C3 15 CB D5 CA B5 BB D6 BB 16 CB 8D DC 50 D4
F2 BB 53 93 16 C3 55 AB 75 D3 B3 B3 13 AC 91 A3
B2 9B B5 AB D5 D2 16 BC F6 D2 B5 BB F5 B3 16 B4
55 AB AC C4 13 C4 12 C4 54 BB 15 D3 36 DB 75 D3
F2 A3 F3 B3 D1 93 D2 AB 75 AB F5 D2 F5 AB 15 AB
B5 AB D5 C3 96 B3 75 DB CC CC B2 C3 72 B3 15 EA
F6 F9 D6 C9 16 CA 92 82 11 B3 F0 7A D2 BA F5 C1
15 D2 F4 A1 15 EA 14 AA 15 CA D5 99 D2 EA 2C BC
74 EA F1 C2 15 F2 15 F2 F6 C9 93 D2 2F 73 50 AB
10 7B 73 CA F5 A1 15 CA 14 BA 15 CA 14 AA 15 C2
D5 A9 D2 DA 2C BC 73 CA D1 BA 16 F2 0F D3 6E 83
54 D2 D1 82 50 AB B1 7A 34 D2 F5 C1 F5 D9 F4 B1
15 E2 14 AA F5 D9 D6 B1 8F DB CE C3 93 BA D2 D2
F6 E9 15 E2 F6 E9 D2 C2 4F 73 53 B2 F1 8A 54 BA
F5 B9 F5 D9 F5 A1 15 9A 14 92 F5 91 D6 B9 6F D3
AF 9B 93 9A 93 CA F6 F1 15 C2 16 CA EF BA 00 FC
2E 9B F1 8A 34 D2 F5 D9 F5 B9 F5 91 15 BA 15 CA
D5 C1 B6 CB 6D D5 31 D5 B2 A4 73 BD 56 A2 15 EA
96 F2 F0 93 33 AC 11 9D AE 84 F3 A4 F3 81 14 82
8D A3 AC C5 DE E7 FF FF FF F7 FF F7 F6 B4 6A B4
33 8A B4 79 D4 AB D0 B5 D0 72 D3 82 B2 8A F5 B1
35 AB 96 D4 35 9A 96 92 F6 93 53 B4 74 B2 30 C6
6F EB B6 B1 D6 A9 D6 F1 F6 99 D6 B9 D1 B2 31 7B
66 FB 06 CC F6 89 D5 B9 D5 B9 D5 B9 B6 B1 B6 99
93 B2 54 E2 AE DB 11 C3 97 A9 D6 C1 D6 C9 D6 F1
F6 F9 B2 9A F1 8A 11 9B D2 A2 D5 C1 F5 A9 D5 B1
D5 D1 B5 A9 B6 C9 B2 BA 35 DA 0D D4 B2 EA B6 91
D6 E1 F6 E9 F6 E1 F6 F1 2F 83 30 9B 53 92 D2 82
96 A9 B6 B9 B5 B9 96 F1 96 B9 B6 D1 92 C2 14 C2
EC D3 F5 F1 76 B9 96 F1 B5 C9 96 F9 F5 F1 D1 7A
D1 6A 10 6B 53 D2 B5 A9 96 E9 D5 A9 B6 E1 96 B1
F4 C9 B2 A2 54 F2 2C DC F4 A9 D5 81 35 E2 F6 F1
D5 A1 35 DA 4F 73 6F A3 72 7A D6 D1 F5 B9 F6 E1
F5 A1 F6 D9 B6 A9 35 F2 B2 C2 D2 AA ED 9B B7 C9
B6 B9 D5 C9 F6 F1 D6 F1 92 A2 D0 6A D1 8A 30 7B
54 D2 D5 B1 F6 E9 D5 99 D6 B1 B6 C1 74 E2 73 BA
31 EB ED E3 B6 D1 B6 B9 D6 F1 F6 F1 D6 D9 B2 AA
4F 7B F1 AA 10 73 54 D2 D5 A1 F5 B9 F5 B9 D6 D9
B5 99 73 BA 73 CA AF E3 4F 9B B6 91 D6 C9 F6 B1
F5 B9 D6 E9 94 C3 35 A4 15 B4 16 BC 96 C4 55 B5
F5 BC 16 BD F7 BC B7 BC 13 C5 54 BD 0E CE B0 C5
B7 B4 F6 C4 F6 B4 B6 B4 36 B5 D7 BC B7 C4 B6 BC
D8 C4 D7 BC 97 BC D7 BC 16 B5 D7 BC F7 BC 53 C5
54 C5 0D D6 33 BD B7 BC F7 BC B7 BC B6 BC 16 B5
F7 C4 B7 C4 97 C4 F7 BC D6 C4 B6 BB B6 BC B6 AC
D7 BC 76 BC F3 CC D4 C4 2C BD 73 BB B6 AA D6 E9
F6 A1 D6 B1 D6 D1 53 92 F1 AA D1 7A B2 BA D6 C1
D6 C9 D5 A1 D6 E9 B5 A1 F5 E1 92 BA D3 EA 2C C4
F6 C1 B6 B1 D6 F1 F6 F1 D6 C9 74 D2 30 73 30 A3
10 7B 54 CA D5 A9 F6 D9 D5 B9 96 D1 95 A1 B6 F1
93 BA B3 DA 2C C4 F6 C9 B6 A9 F6 F1 D6 F1 D6 D9
15 DA B1 82 31 AB 92 7A 15 D2 D5 C1 D6 E1 D5 B1
D6 E1 B6 A9 54 DA 93 C2 70 EB CE BB B7 A9 B6 C9
D6 E9 F6 E1 D6 F1 B2 BA 2F 73 34 B2 D1 82 34 BA
D5 B9 D6 B9 D5 B1 D6 B9 B6 B9 73 D2 54 B2 50 C3
AF 9B B6 89 D5 C9 D6 D9 F6 C9 D7 B9 D0 BA 00 FC
2F 93 D1 8A 15 DA D6 C9 D5 71 D5 81 D6 B1 B6 C9
93 BA 74 DA ED DB 31 CB D7 71 16 D2 56 93 76 CB
56 DB F1 92 93 92 B1 92 10 9D B4 BC B4 79 F4 81
2B B4 F1 BC DF DF FF F7 FF F7 FF FF 18 B4 8D 9B
CD AB F3 79 F3 AB F1 B5 EF 7A AF 93 2F 8B 14 B2
14 B2 34 DA 14 B2 73 CA 73 8A 6F B3 4F CB 36 8A
F5 D1 34 C2 34 AA 35 F2 35 92 15 B2 10 BB 70 7B
86 FB 06 CC 35 A2 14 C2 34 D2 14 B2 B2 BA 73 A2
CE BB 6F EB B6 C1 F5 B9 34 BA 34 DA 35 F2 35 F2
35 C2 F1 8A 30 93 30 9B F1 AA 14 BA 34 CA 34 BA
34 CA 92 BA 4E D3 6A CC B2 C3 75 92 35 BB 93 8A
55 C3 75 C3 75 BB 95 CB AF 83 EF 8B 92 8A 0C 7D
F1 8B 35 84 54 93 94 9C F2 93 B3 9C EC B4 F2 94
D5 8A 95 9C 94 93 95 9C B5 9B 75 A4 B4 A4 30 7B
90 6B 2F 73 B2 8C F4 92 94 9C F4 8A 54 9C B2 93
51 A4 6C B4 94 9C 35 8B 14 93 D1 7A D4 AB 16 CB
93 9A D2 BB 8E 73 0F 94 10 7B F0 B2 F5 B9 F6 D9
14 AA 54 EA 92 B2 D2 D2 2C DC 34 BA D5 71 35 CA
34 BA 34 CA 35 F2 15 F2 D1 AA 0F 73 10 93 6F 83
93 D2 14 9A 35 DA 14 9A 73 B2 92 CA 50 E3 ED D3
D6 D9 D5 C9 34 D2 34 C2 35 F2 35 F2 15 E2 F1 AA
8E 83 10 AB 4F 7B 93 D2 14 AA 34 C2 14 BA 93 E2
72 A2 4F C3 CE DB B6 C9 F4 81 34 92 34 D2 34 B2
34 BA 15 EA 50 AB 50 83 6F 83 90 A3 54 D2 94 A2
94 CA 94 C2 F3 CA F3 D2 0D D4 90 DB 56 C2 95 DA
94 BA 94 62 95 DA 95 DA 95 EA 71 A3 70 A3 12 A3
ED 9B 4C B4 8B BC 10 B3 95 D2 32 C3 D4 AA 0D B4
51 B3 36 92 95 DA 94 BA 71 AB 51 BC D5 C3 14 B4
B0 7B F1 9B EF 8B 11 8C 54 83 B5 B3 54 93 74 B3
72 93 33 AC 2C BC F3 BB 96 8A F4 A2 D4 9A 55 C3
75 AB 75 93 D3 9B F0 8A D0 9B 10 7B 91 A3 D4 AA
55 AB 94 92 74 C3 11 9B 73 AB 6A C4 D0 D2 B6 99
34 DA 34 BA 15 F2 15 F2 15 E2 93 DA 4F 7B 6F AB
2F 7B 93 CA 14 B2 15 EA B0 B2 AC AC 71 93 0A B6
2C CC 15 D2 D5 A1 34 DA 33 B2 35 F2 35 F2 14 D2
54 DA F0 82 50 AB D1 7A 54 D2 14 C2 34 CA 14 AA
73 DA 92 AA 11 E3 0D D4 D5 D9 D5 99 34 B2 34 DA
35 DA 35 BA 15 F2 F1 C2 6E 7B 73 B2 F0 8A 73 BA
14 BA 34 BA 14 B2 73 CA 92 C2 6F E3 8F D3 B5 B9
F5 71 34 92 34 D2 35 C2 35 C2 15 DA EF CA 00 EC
4E 7B 10 93 54 AA 14 CA 34 8A 14 8A B2 BA 73 CA
AE DB 6F E3 96 C1 D5 C1 14 B2 D4 D1 D5 69 15 DA
15 A2 10 5B 72 82 B0 8A 2F 9D D3 BC F3 79 30 9B
4A AC 76 A3 FF FF FF FF FF FF FF FF 58 B4 B0 8A
E9 BC 32 82 F3 AB F0 B5 EF 7A 6F AB 8F 8B 73 BB
73 B2 94 E2 14 9A AE D3 CB CC 35 A2 F4 A2 34 A3
54 C2 33 BA 34 B2 34 F2 34 8A 35 8A 30 A3 6F 83
85 FB 06 CC 54 C2 33 C2 34 C2 14 AA 6B D4 ED B3
15 A2 34 DA 53 C2 34 C2 34 B2 34 CA 34 E2 34 F2
34 DA 10 93 2F 93 4F 9B 10 AB 34 C2 54 BA 34 BA
14 CA 6B DC AE EB 14 AA 34 D2 53 B2 34 E2 33 AA
34 E2 34 EA 34 DA 54 F2 8E 8B 6F A3 72 92 4C 9C
11 B3 F4 BA 94 A2 53 C3 69 CD F1 D3 75 A2 14 A3
B3 AA 34 CB B4 B2 34 D3 D0 A3 D4 A4 11 9D 4F 83
50 6B 4F 73 92 B3 93 A2 34 CB 74 9A 33 C3 49 CD
51 B3 34 92 34 CB D3 AA 93 A2 B2 8A AC D3 EE D3
B3 9A 71 A4 AE 7B 67 AC 6E 7B B1 AB 12 AB 6D DB
14 AA 11 F3 E9 CC 54 B2 14 C2 34 E2 53 92 34 E2
33 BA 34 CA 34 F2 35 F2 F1 AA 2F 73 30 93 6E 83
93 D2 53 A2 34 E2 14 8A 50 C3 CA E4 34 DA 14 B2
54 DA 54 CA 34 D2 33 C2 34 F2 34 EA 34 D2 F1 AA
8E 83 30 B3 4F 7B 93 D2 33 AA 33 C2 15 BA EE EB
4B C4 14 AA 34 CA 54 D2 33 8A 33 AA 34 CA 34 B2
33 BA 34 EA 30 AB 0F 73 4E 83 6E 93 53 CA 34 9A
14 D2 F4 C1 2C E4 0C EC F5 C1 14 D2 33 D2 14 D2
13 AA 14 A2 14 E2 34 DA 15 F2 2F A3 2F 9B F0 9A
6D 93 F0 C2 10 CB 52 B2 15 D2 8A E4 4F CB F4 91
14 A2 33 92 14 D2 13 BA 34 BA 34 F2 14 EA 54 CA
4E 63 2F A3 8E 8B 30 A3 34 9A 34 E2 14 B2 34 BA
C9 C4 30 DB F5 91 34 D2 53 9A 53 BA 71 AA B1 F2
34 D2 34 AA D2 C2 10 93 30 B3 0F 83 F1 BA 34 C2
54 DA 14 A2 B2 EA E9 CC B3 C2 14 92 54 BA 53 A2
34 EA 33 BA 53 F2 53 F2 54 F2 D2 DA 6E 7B 6F AB
4F 83 B2 CA 33 B2 34 EA 52 B2 CE CB 49 CD EE CB
13 B2 54 E2 53 BA 34 D2 33 B2 34 F2 34 F2 34 D2
54 DA F0 8A 6F AB D0 7A 53 D2 54 BA 34 C2 14 A2
8F EB AA D4 34 C2 14 C2 54 E2 53 A2 34 B2 34 A2
34 EA 34 C2 35 F2 F1 C2 6E 7B 92 B2 10 8B 93 BA
33 BA 34 DA 15 BA AE E3 AA DC 14 CA 14 BA 53 C2
54 82 34 9A 34 CA 34 DA 34 DA 35 EA 0F D3 00 F4
4E 93 30 93 73 AA 54 D2 34 A2 15 A2 6B D4 0D E4
15 BA 34 DA 93 C2 B4 D2 34 D2 54 CB 54 8B 54 DA
54 C2 10 6B 52 93 70 93 2F A5 13 BD 13 7A 0C AC
0B AC 76 9B FF FF FF F7 FF FF FF F7 77 AC 52 82
8B B4 EF 92 F3 AB 51 B6 0E 83 AF 9B CE 8B B3 B3
94 AA AE E5 4C AC F3 9A F2 B4 33 C4 53 83 B3 B5
53 AA 53 AA 53 BA 54 F2 54 AA 54 9A 30 8B 8F 8B
85 FB 26 CC 35 C2 14 BA 0D CC 2C D4 73 C2 73 A2
53 A2 54 CA 53 C2 53 C2 53 B2 54 C2 54 D2 54 E2
54 F2 10 9B 4F 93 6F 9B 30 AB 34 C2 14 AA 6B D4
8F E3 73 B2 73 D2 53 B2 53 D2 53 B2 54 EA 53 AA
54 E2 54 F2 54 E2 54 F2 8E 8B 6F A3 D1 92 30 B3
F5 C1 14 DA 8A DC 4F F3 53 BA 33 E2 33 B2 34 BA
33 BA 14 F2 33 B2 14 E2 EF CA F3 E2 70 D3 4E 83
0F 7B 6E 7B D1 CA F4 A9 53 EA A9 D4 B2 E2 53 BA
33 CA 52 9A 14 EA 33 C2 52 AA 34 AA 6C F3 EB BC
B4 9A D3 BB AD 7B 67 AC 8D 83 D2 AB 32 A3 68 DC
CA D4 F2 EA 73 B2 54 E2 53 C2 54 E2 53 B2 54 EA
53 BA 53 CA 54 F2 54 F2 F0 AA 2F 73 2F 93 8E 8B
B2 D2 15 B2 6F F3 AA C4 73 CA 72 C2 54 DA 53 BA
54 DA 53 D2 54 D2 53 C2 54 F2 54 EA 54 CA 10 AB
AE 83 30 B3 6E 83 92 D2 14 A2 6F D3 AA DC 73 DA
72 A2 53 B2 53 CA 53 D2 52 9A 53 C2 53 CA 53 B2
53 BA 54 EA 4F AB 2F 7B 6E 83 8E 9B 53 CA 14 B2
2C E4 0D DC 73 C2 73 DA 53 C2 53 D2 53 D2 54 C2
53 9A 54 F2 54 EA 54 D2 54 EA 4F A3 4F 9B 30 9B
4F 9B 14 B2 F5 D9 2C D4 ED E3 73 C2 73 BA 53 92
54 BA 53 A2 54 D2 53 BA 54 C2 54 F2 54 EA 73 CA
6E 73 4F A3 AE 8B 4F AB 14 BA 54 E2 CA DC 4F C3
72 A2 73 DA 53 92 54 D2 53 82 53 BA 72 AA 92 F2
54 DA 54 BA 34 EA B1 92 4F B3 2F 83 11 B3 14 B2
54 E2 AA CC 11 EB 73 AA 53 CA 53 A2 54 C2 53 A2
54 E2 72 BA 0E F3 EF F2 D0 F2 2F DB 8D 7B 8F AB
6E 83 D2 CA 14 B2 F1 EA CA DC 73 D2 72 AA 15 EA
53 B2 54 EA 53 C2 54 CA 53 B2 54 F2 54 F2 54 D2
73 DA 10 8B 6F B3 F0 82 73 D2 15 BA F1 DA AA C4
93 DA 72 B2 53 B2 53 C2 54 DA 53 A2 54 BA 53 6A
54 F2 54 E2 54 EA 11 C3 8E 7B B2 B2 2F 8B 93 BA
14 AA AF EB 6B DC 53 D2 72 92 53 C2 53 C2 53 C2
53 82 53 9A 53 CA 54 F2 54 EA 54 EA 2E CB 00 FC
6D 9B 4F 93 53 DA 15 D2 CE D3 4C DC 73 C2 73 CA
53 C2 53 DA F3 C2 54 C4 D3 BA 94 BD D4 B5 F4 D2
54 EA 0F 93 D1 A3 EF 9B 2E 9D 13 B5 71 8A E9 C4
CF 92 76 A3 FF FF FF E7 FF FF FF F7 78 A4 D4 79
ED AB 2A B4 D5 A3 72 AE 0F 7B 10 7C B1 7A F0 CA
CC CC B2 E3 91 9B D5 A2 D4 AB D4 C4 F4 71 54 AD
14 CA 34 B2 14 BA 15 F2 35 FA 15 DA 10 83 70 8B
85 FB C7 C3 CF D3 ED D3 D2 92 11 E3 15 D2 14 B2
14 AA 15 E2 14 C2 14 DA 14 C2 15 C2 15 D2 15 F2
35 F2 F1 9A 30 93 10 93 B2 A2 CE DB CE DB F1 C2
B2 DA 14 AA 14 D2 14 B2 14 D2 14 AA 15 E2 14 9A
15 E2 15 EA 15 E2 35 F2 6F 83 6F A3 33 8A 30 A3
6C D4 50 D3 10 C3 B2 EA 14 B2 15 CA 14 B2 15 BA
14 B2 15 F2 34 92 35 BA F5 D1 F5 F1 34 EA 10 83
10 93 F0 72 B2 B2 4C CC 31 EB 30 BB 73 DA 14 B2
34 C2 13 9A 35 E2 34 BA 14 AA 33 A2 F6 F1 B6 F1
14 AA 53 E2 8E 7B 31 AB F0 72 30 CB 4C D4 94 E2
30 BB 54 EA 14 B2 15 EA 14 C2 15 E2 14 B2 15 EA
14 BA 14 CA 35 F2 15 F2 D1 AA 0F 73 10 8B 10 7B
11 DB 4C D4 D2 EA 30 AB 14 CA 14 C2 15 DA 14 B2
15 DA 34 CA 34 D2 14 C2 15 EA 15 F2 15 E2 F1 AA
8E 83 11 AB D0 72 AF DB 2C C4 92 C2 30 C3 15 DA
13 9A 14 B2 14 CA 14 D2 13 92 14 BA 14 CA 14 B2
14 BA 15 F2 30 A3 0F 7B 2F 7B 10 8B 8F DB 0D E4
F1 DA F1 C2 15 B2 14 DA 14 C2 14 D2 14 D2 34 CA
34 9A 15 DA 15 EA 35 C2 15 EA 30 A3 4F 9B D1 92
D1 8A 0D BC 8F E3 D1 C2 F1 DA 14 BA 14 B2 14 92
15 DA 14 AA 15 E2 14 BA 15 C2 15 F2 15 F2 54 D2
4F 6B 50 A3 4F 7B F1 AA 2C DC 8F EB 10 C3 B2 A2
14 92 15 E2 14 9A 15 DA 14 9A 14 B2 14 AA 15 EA
15 F2 15 CA 35 D2 91 8A 30 B3 B1 7A F1 AA 6C C4
D2 E2 10 B3 73 EA 14 9A 34 D2 14 B2 15 EA 14 9A
15 EA 14 B2 16 F2 15 F2 16 F2 93 DA 4F 7B 6F AB
D0 72 F1 CA 4C D4 B3 EA 50 C3 53 CA 14 A2 35 EA
14 B2 15 EA 14 C2 15 E2 14 B2 15 F2 15 F2 15 D2
54 DA F0 82 50 AB 52 72 11 D3 6C DC 93 DA 30 A3
35 DA 14 AA 14 B2 14 C2 14 DA 14 A2 15 B2 14 72
15 EA 35 F2 15 F2 F1 BA 6E 7B 53 B2 92 82 8F C3
ED D3 93 E2 10 C3 15 C2 14 82 14 BA 14 C2 14 C2
14 72 14 92 14 CA 15 F2 35 C2 15 F2 EF CA 00 FC
2F 8B B2 82 ED DB EE E3 B2 B2 11 DB 15 CA 14 CA
14 C2 54 DA F4 C2 B4 B4 D4 A3 75 CC D5 CC 75 CA
15 DA F0 9A D2 93 B0 8B F0 94 D4 B4 6D A3 E9 BC
13 82 76 A3 FF FF FF E7 9E E7 FF FF 58 B4 D3 79
53 8A 4A B4 91 BC B1 B5 90 72 AE A3 CC A4 D3 BC
50 C3 F5 E1 D5 79 15 7A F5 C1 D5 A1 B5 9B B5 BC
F5 C1 15 B2 F5 99 F6 F1 15 F2 F6 D1 F1 7A 30 83
66 F3 26 DC 12 D3 F1 D2 B6 91 D6 D1 15 D2 F5 B1
F5 A9 F5 D9 F5 A9 F5 E1 F5 C1 F5 B9 F6 D1 F6 E1
16 F2 D1 9A D1 8A 0D B4 8F C3 D2 C2 F1 DA B6 B9
F5 C9 14 B2 F6 E1 F4 B1 F5 D1 F5 A9 F5 E1 F4 91
F5 E9 F6 D1 F6 C1 15 F2 4F 83 30 9B CD AB CE C3
30 CB B3 E2 B6 B1 F5 E1 F5 B9 2D DB AE AB 96 A3
F1 9A AF EA F5 A9 15 D2 15 CA F6 F1 54 EA D1 7A
D1 6A 4B 94 F1 D2 30 BB 73 EA B5 A1 F5 D9 14 B2
F5 C1 F4 91 F5 E9 F5 B9 F4 A9 F4 A1 15 F2 15 EA
F4 A1 74 DA 4F 73 4F AB 6B 9C 31 CB 50 C3 54 E2
B5 A9 15 EA 14 AA F5 E9 F5 C1 F5 E1 F4 A9 F5 E9
F4 B1 F5 C9 15 F2 F6 F1 B2 A2 D0 6A 2F 9B 6B A4
B3 DA 50 C3 15 EA B5 91 F5 D1 14 BA F5 B9 14 BA
F6 E9 8E 6B 8F 7B 15 A3 36 B4 15 B4 76 AB B2 93
6F 73 6F 9C 4B 94 92 A4 B0 A3 F5 9A D5 8A B5 AB
74 8A D4 92 55 A3 75 A3 34 8A 14 9B 75 A3 95 83
92 73 34 AC D1 8B B1 72 2C 94 CC A4 12 AC 71 AC
36 A3 F5 92 55 83 95 AB 35 A3 75 A3 75 A3 68 BC
71 B2 F6 A1 16 E2 15 E2 F6 F1 11 9B F1 92 CD B3
CD A3 F1 AA D2 E2 B5 B1 D5 D1 14 C2 F5 61 F4 81
F5 A1 F4 A1 F5 B9 F5 99 F5 99 F6 F1 F6 F1 35 D2
10 6B F1 8A 8B 94 8F CB 11 CB D2 E2 B6 C1 F5 A1
14 82 F5 E9 F4 A9 F5 E9 F5 99 F5 B1 F4 A9 F5 F1
F6 F1 F6 E1 15 C2 52 7A 11 B3 4B A4 30 A3 30 AB
74 E2 B5 89 F6 E9 F4 A9 D6 C1 F4 99 F5 E1 F4 99
F5 E9 F4 B9 15 F2 15 F2 F6 F1 93 DA 10 6B 50 B3
6B A4 F1 DA 10 C3 15 EA B5 B1 F5 D1 14 A2 F5 E9
F4 B1 F5 E9 F5 C1 F5 D9 F4 A9 F6 F1 F5 F1 F5 D1
35 DA 91 7A AF BB 0C 9C B2 D2 50 CB F5 D9 B5 B1
F5 E1 14 AA F5 B1 F5 C1 F5 D9 F4 A1 F5 C9 F5 61
F6 E9 15 F2 F6 F9 D2 BA 10 73 11 C3 0C AC D2 DA
11 A3 D6 C9 D5 C9 15 CA 14 BA F5 D1 F5 B1 F5 B1
F5 C1 F5 A9 F5 C1 F6 F1 15 C2 F6 F1 EF CA E1 FB
0B BC ED A3 F1 D2 11 E3 D6 A1 D6 C9 15 CA F5 C9
F5 C1 F5 D9 D5 C1 D5 B9 D5 C9 D5 C9 B6 B1 F5 C9
F6 C1 F1 8A 53 A2 8D B3 EC B5 F3 BC 4A AC D1 92
D4 79 76 A3 FF FF BE FF DF FF FF FF 39 B4 B4 79
D5 79 EC AB AD D5 D2 B5 CF 7A AE BB 09 C5 96 B1
56 B1 96 E9 B5 89 76 69 D6 B1 D6 89 D6 81 B6 B9
D6 D9 D6 B9 D6 91 D7 F1 D6 B1 D7 A9 11 AB 90 83
46 EB 65 E4 B7 B9 96 B9 D6 C9 D6 C1 D6 C9 D6 B1
D6 A9 D6 D9 D6 A9 D6 E1 D6 B9 D6 C9 D7 F1 D7 D9
D7 C9 F1 82 10 93 6C C4 0D CC 97 91 B6 B1 D5 B1
D6 C9 D5 A9 14 D2 D5 A9 D6 A1 D6 A9 D6 E1 D5 91
D6 E9 D7 C9 D7 A1 D7 F9 8E 8B 30 A3 6B BC 0D D4
77 B1 B6 C9 D5 B1 D6 E1 D6 B1 15 E2 14 BA F7 E1
F5 A1 F5 D9 D6 A1 D6 C9 D6 D1 D7 C1 15 DA 4F 8B
D1 62 E9 AC 11 CB 77 99 D7 E9 D5 A1 D6 D9 D5 B1
D6 C1 D5 91 D6 E9 D6 B9 D5 A1 D5 A1 D7 F1 D6 E9
D5 A1 35 DA AE 7B 50 B3 28 AD D2 CA 77 A9 D6 D9
B5 A9 78 F1 B6 A9 D6 E9 D6 B9 D6 E1 D5 A9 D7 E9
D5 B1 D6 D1 D6 F1 D7 F1 B2 AA 2F 73 4F 9B 28 BD
35 D2 97 A9 D6 E9 D5 91 D6 C9 D6 B1 D6 B9 D5 B9
D6 E1 D5 A1 D5 B1 D6 C1 D7 F1 F7 F1 D7 D9 D2 82
8E 7B AF B3 09 AD 16 D2 96 A1 D5 B9 D5 A1 D6 D9
D5 99 D5 A9 D6 C1 D6 C9 D5 89 D6 A9 D6 C9 D6 A1
15 A2 F6 E9 30 AB 10 73 2C A4 CA CC B7 C1 B7 C1
D6 D1 D6 A9 D6 A9 D6 B9 D6 A9 D6 D1 D6 C9 F6 D1
D5 A9 D6 C1 D7 E9 D7 E1 D7 F1 30 AB 10 8B 2C 9C
4C B4 97 81 B7 D9 D5 B1 D6 C9 D6 A9 D6 C1 D5 A1
D6 A1 D5 A1 D6 D1 D6 99 D6 91 D7 F1 D7 F1 F6 C9
6F 7B 11 8B 09 A5 EE DB 77 B1 B7 E1 D5 B9 D6 81
D5 89 D7 E1 D5 81 D6 E1 D6 A1 D6 99 D5 A9 D7 D9
D7 C9 D7 B9 D7 C1 B1 9A 11 B3 09 BD 31 B3 77 A1
D6 D1 D5 91 D7 E1 14 9A 0A BC D4 A9 D7 E9 D5 A1
D6 E1 D5 B9 D7 F1 D7 F1 B7 F1 54 DA 6E 7B 6E 9C
48 BD B3 BB 73 92 D1 E2 D6 B9 F5 C1 D5 A1 D7 E9
D5 A9 D7 E9 D6 C1 D6 D9 D5 A9 D7 F1 D7 F1 D6 D1
15 E2 F0 8A CE CB 09 B5 15 BA 97 B9 D6 D9 D5 B9
D6 A9 D5 91 D6 B1 D6 B9 D6 E1 D5 69 D6 89 D6 91
D7 F9 D6 D9 B7 D1 D2 CA 6F 7B 50 C3 E9 C4 F5 C1
96 89 D6 C9 D6 C9 D6 C9 D6 B9 D6 D9 D6 71 D6 A1
D6 91 D6 C1 D6 C1 D7 F9 D6 E9 D7 F1 F0 D2 C1 F3
6A CC AB BC B7 C9 97 D9 D6 A1 D6 C9 D6 C9 D6 C1
D6 B9 56 D2 76 B2 96 B9 B6 C1 76 C9 D7 B1 D7 F1
B7 D9 10 9B 53 AA AC CB 6C C6 91 CD 89 B4 F4 81
B4 79 37 9B FF EF FF F7 FF FF FF FF 77 B4 51 82
72 8A B0 8A 4C C5 8E C6 A9 A4 0F 95 2F 83 93 BB
B3 A3 D3 D3 73 AB 13 9C 53 AA 73 8A 53 8A 73 BA
53 BA 53 C2 53 B2 54 F2 74 C2 54 CA ED C3 AB AC
66 EB 06 CC 74 9A 73 C2 53 D2 53 CA 53 CA 53 B2
53 AA 53 DA 53 B2 53 E2 53 BA 53 B2 54 F2 74 BA
54 DA 0C B4 4B B4 F0 9A F0 A2 53 A2 53 BA 53 BA
33 D2 53 B2 ED DA 71 AA 33 A2 53 CA 34 E2 52 9A
33 EA 34 EA 34 E2 34 CA AA B4 4B C4 52 8A 2F AB
53 BA 53 B2 53 C2 34 EA 53 BA 34 D2 33 BA 34 E2
33 B2 34 DA 53 B2 33 BA 53 D2 34 D2 73 E2 C9 B4
AD 93 0F 73 D1 BA 53 A2 53 DA 52 B2 53 DA 53 BA
53 CA 52 9A 34 EA 53 C2 52 AA 52 AA 34 F2 54 EA
53 AA B2 E2 08 AD CD BB 2F 73 F1 CA 53 BA 34 E2
D0 AA 69 D4 71 B2 34 EA 33 C2 15 D2 52 B2 34 EA
53 B2 53 AA 54 E2 34 F2 4F BB E9 A4 AE 8B 4F 83
92 DA 53 A2 53 E2 52 9A 53 CA 53 C2 33 CA 53 BA
34 E2 53 B2 53 BA 53 CA 34 F2 34 F2 34 DA 6F AB
08 AD 30 A3 2F 7B B2 DA 53 AA 53 C2 53 AA 33 E2
53 A2 33 BA 53 CA 53 D2 52 9A 33 BA 53 DA 33 C2
33 B2 14 F2 0C CC 8A A4 2F 83 6F 93 53 D2 53 CA
53 D2 53 C2 53 B2 33 D2 53 C2 53 DA 53 D2 34 E2
53 C2 53 C2 34 EA 54 E2 34 F2 2C C4 6B B4 D1 7A
2F 9B 73 C2 53 DA 53 BA 53 DA 53 C2 53 CA 53 A2
33 BA 52 AA 53 E2 53 BA 33 CA 34 F2 34 F2 53 BA
AA 9C 2C AC 4F 6B 30 B3 53 BA 53 E2 53 BA 34 8A
52 92 74 D2 53 92 74 BA 73 6A 73 8A 53 A2 54 CA
54 CA 54 C2 54 C2 4B BC ED BB D0 7A 11 BB 73 C2
73 D2 52 9A 54 E2 72 A2 D1 D2 52 AA 54 EA 52 AA
54 E2 53 BA 54 F2 74 F2 54 F2 F1 E2 E8 AC 0D B4
0F 7B F2 C2 92 B2 92 E2 53 BA D1 C2 72 AA 54 DA
53 B2 54 EA 53 C2 53 E2 52 B2 54 F2 54 F2 54 D2
B2 E2 AA B4 8F B3 B1 7A 73 CA 73 CA 53 DA 53 BA
54 B2 52 A2 53 D2 53 C2 53 DA 53 B2 53 BA 53 92
54 D2 74 E2 54 DA 8F D3 08 A5 92 B2 F0 82 B2 CA
53 9A 53 D2 53 C2 53 C2 53 B2 53 DA 53 82 53 B2
53 8A 53 BA 53 CA 54 DA 73 D2 54 F2 8D DB 20 FC
4E 9B 10 8B 92 D2 73 D2 53 C2 53 CA 53 CA 73 B2
53 C2 D3 CB D3 BB B3 BB 73 C3 73 BC 74 AA 34 F2
74 F2 EB BC ED C4 50 94 AF 94 0D CE 6D 9B 72 8A
52 8A B5 9B FF E7 FF FF DF FF FF FF 1E 9B 1C 50
3D 60 1C 50 BE 8A DA 95 B7 41 37 7E 97 39 1E 7A
3E 73 7F BB FE 99 7F 93 1E 90 1F 50 1E 78 1F A0
1F 88 1E 90 1E B8 1F F8 1F D0 1F F8 59 89 B8 51
E9 EA 69 BB 1F 70 1E B8 1F C0 1F D0 1F D0 1F 98
1F 90 1F E8 1E B0 1F D8 1F 98 1F 80 1F F8 1F B8
1F F0 1A 81 F6 61 35 7A 7A 79 5F 70 7F 88 5E 90
7F B8 3E 90 7F C0 3E 88 7F 78 5E B0 9F C8 3E 70
9F D0 BF E8 9F D8 BF 90 F6 61 17 72 BB 68 F8 89
5F A0 9F 98 5E A0 9F D8 5E 98 9F B8 5E 90 9F C8
3E 90 9F C0 5E A8 7F A8 5F B0 7F D8 FE D8 58 51
78 59 97 49 5C 99 1E 78 7F C0 1E 88 5F C0 3E 90
3E 90 1D 78 7F D8 3E A8 1E 88 1E 80 7F E8 7F E0
1E 88 FD D0 16 42 18 8A B7 49 7B B1 3F 98 7F D0
7C 88 9A B9 5D 98 7F E0 9B A8 1A 99 3E 68 7F C0
3E 98 5F 88 7F C8 7F E0 3A 89 58 31 BA 61 F6 59
FD C0 3E 90 7F D8 1E 70 5F B8 3E A0 5F B8 3E A0
7F C0 3E 88 3E A0 5F B0 7F E8 7F E8 5F D0 5A 91
16 42 B9 71 B7 49 FD C0 1E 88 3E A8 3E 88 7F D0
5B 68 9B 78 5F B8 5F C0 3C 60 7C 98 5F C8 5F B0
7E 88 9F E8 D8 81 58 41 D7 51 17 72 5E B8 5F B8
5F C0 3E A0 5F 58 5F D0 5F B0 5F C0 5F B8 7F C8
3E 98 5F 88 7F C8 7F B8 7F E8 B8 79 B8 71 79 71
B8 69 5E A8 5F C8 3E 98 5F C8 3E A0 5F B8 3E 90
7F 80 1E 80 5F C8 3E 88 7F 90 7F E8 7F E8 BF A0
B7 41 D8 61 36 3A B9 99 3F A8 7F D8 3F A0 9C 48
1C 60 1F B0 1E 80 1F C0 1E 48 1F 50 1E 80 1F E0
1F D0 1F B0 1F A8 9B 50 99 99 58 51 1B A1 1F B0
1F B8 1E 68 1F F8 1E 70 1F 68 1E 88 1F F8 1E 88
1F E0 1E A8 1F F8 1F F8 1F F8 BD D8 B7 41 D8 91
97 51 9C C0 1F A0 1F F0 1E A0 1F E8 1E 98 1F D8
1E 90 1F F0 1E B8 1F C8 1E 98 1F F8 1F F0 1F D8
3F D8 19 59 D8 99 F9 50 3E D0 1F C0 1F C8 1E 98
1F 98 1E 78 1F C8 1E B8 1F D8 1E B0 1F D0 1F 50
1F B8 1F F8 1F F0 1B A9 D6 41 7C A0 58 59 7D D0
1F 70 1F C8 1F B0 1F B0 1E 90 1F D8 1E 50 1E A0
1F A0 1F B0 1E B8 1F C8 1F C0 1F E0 77 C1 E1 FB
D5 79 79 69 3E C8 1F D0 1F C0 1F C8 1F D0 1F 70
1F 80 9F DB BE A2 9F C1 3F B3 3F 9B DF 98 BF F8
FF F8 F9 71 FC 82 38 7B 57 6C 7E 9C 1D 50 3D 58
1D 50 DD 71 FF E7 FF FF DF EF FF F7 FE 92 1C 50
3C 60 1C 50 BD 92 B9 A5 B7 41 77 7D 97 39 DE 68
1E A1 BF E0 1E 81 9E 91 7E A8 9F 89 1E 88 1F 70
1F B0 1E A0 1E B0 1F F8 1F A8 1F F8 78 89 D8 51
E8 FA 89 BB 1F 90 1E B8 1E C8 1F C8 1E C8 1F A0
1F 90 1F D0 1E 90 1F E0 1F A0 1F 78 1F F8 1F E0
1F D8 1A 71 35 62 93 7A BA 69 9E 60 DE 68 9E 90
BE B0 7E 90 FF C8 7E 80 DF 78 9E A8 FF C0 5E 70
DF C8 1F D9 1F A9 3F 89 36 62 57 72 BB 60 38 82
9E A8 DF A0 9E 78 FF D0 9E 98 FF C0 9E 98 FF C8
7E 90 FF D0 7F A0 53 BB 5A 8A 9F 9A FE 9A 98 51
D8 41 97 41 DB 72 DE 68 5F 92 DD 78 FF 99 1E 79
7E 79 7D 68 5F AA 5E 89 DD 78 BE 70 9F AA 7F AA
BE 78 BD 9A 55 42 17 6B B6 49 DB 82 7F 79 5F 9A
1C 79 1A 83 1D 71 5F AA FA 89 37 9B 1E 59 5F 8A
1E 79 BF 89 9F A2 9F AA 1A 72 57 41 D9 4A 16 52
7D 92 FE 80 5F A2 FE 68 FF 91 5E 81 1F 8A 3E 81
3F 9A 1E 79 3E 81 7F 89 9F AA 9F AA FF A1 5A 72
75 42 B9 5A B6 49 BD 92 BE 70 7E 89 5E 69 1F 72
7B 71 BB 69 9F 91 BF 91 DB 58 DB 61 BF 91 1D 92
37 7B 1B 8C B3 5B 38 49 16 4A B6 5A DE 91 BF 81
DF 91 7E 71 9E 31 DF A1 7F 89 DF 91 BE 99 3F 82
5E 59 FF 71 9F 92 9F 72 9F AA 98 62 77 62 19 62
38 5A DE 79 FF 99 3E 81 FF 79 5E 69 DF 99 1E 81
3F 5A FD 70 1F 82 3E 61 5F 6A 9F AA 9F AA DF 82
17 4A B8 5A 95 42 D9 72 5F 89 5F A2 5E 81 7B 42
1C 69 7F B9 BE 70 5F 89 1C 51 97 49 1E 80 1F E8
1F F0 1F F0 1F D0 BA 50 98 A1 58 51 1A 91 1F 90
1F C0 1D 68 1F F8 1D 78 1F 90 1E 80 1F C8 1D 90
1F C8 1E A8 1F F8 1F F8 1F F8 DC B0 D6 41 F7 91
B7 51 BC C0 1E A0 1F F0 1E 98 1F C8 1E A0 1F D0
1E 98 1F D8 1E A8 1F A8 1E 98 1F F8 1F E8 1F D8
3E D8 38 59 D7 99 F9 50 3E C8 1E C0 1F C0 1E 98
1F 98 1E 58 1F A8 1E B8 1F D8 1E B0 1F C0 1F 58
1F D8 1F E8 1F D0 3A A9 F6 49 9C 90 58 59 9D C8
1E 98 1F E0 1E B0 1E B0 1E B0 1F D8 1E 50 1E A0
1E 68 1F A8 1E C0 1F E8 1F B8 1F E0 96 C9 E1 FB
F5 81 78 41 5E B0 1F D8 1E C0 1F C0 1E D0 1E 58
1E 60 1F A0 1E A8 1F D8 1F C8 1F 98 FF 88 1F D1
FF F8 58 79 BB 88 D8 80 97 7C 1D AC 1C 50 3C 60
1C 50 BE 79 FF EF FF FF FF FF FF FF B0 CD 0E 93
D1 92 B0 8A 31 B4 EE BD 4D 83 ED 93 AD 8B B1 AA
71 A2 72 D2 71 9A 52 B2 B1 B2 32 BB B1 B2 92 9A
92 BA AE DB CD C3 92 DA B2 D2 B2 EA 6E AB CE 8B
A5 F3 25 D4 B2 9A B1 C2 B2 D2 B2 BA B2 BA B2 BA
B2 B2 B2 B2 92 A2 92 E2 0C D4 6F CB 92 F2 B2 D2
B2 D2 6E A3 6E 9B 6E AB 4E 9B 92 92 92 A2 91 BA
92 D2 91 BA 72 DA 91 B2 92 AA 72 CA 72 EA EC CB
10 EB 72 F2 72 E2 72 D2 CD 93 AD AB EF 9A 8E B3
92 CA 92 BA 91 BA 72 EA 91 BA 72 D2 91 BA 72 E2
72 BA 0E E3 2B D4 4E DB D1 CA B2 E2 F1 E2 6E 8B
8E 7B 8D 83 70 BB B1 A2 F2 CA B1 B2 D2 D2 D1 B2
D1 C2 D0 9A F2 D2 B2 B2 30 AB 4B BC 12 EB F2 DA
B1 AA 31 D3 EC 83 CD AB AD 83 6F C3 D2 B2 F2 D2
0F AB 0A 9C B1 A2 F2 E2 D2 C2 B3 C2 B2 A2 8F DB
2C CC D2 C2 F2 E2 F2 EA 6F AB 6D 7B 8F 93 CD 8B
31 CB B1 B2 F2 E2 B1 9A D2 C2 D1 BA F2 C2 D1 BA
D2 CA B2 AA 8E C3 2C D4 F2 E2 F2 E2 D2 D2 6F B3
EC 83 AE 9B AD 8B 31 D3 B1 9A D1 BA D1 B2 D2 B2
D2 BA D2 BA D1 C2 D2 CA B2 A2 EE C3 CE D3 D2 C2
F1 B2 F2 EA AD AB 6E 83 AD 8B CD 9B F1 CA D2 A2
D2 AA D1 C2 D2 AA 10 D3 0F C3 B2 D2 B2 D2 B2 CA
0C BC 6F B3 B2 D2 D2 CA B2 EA 8E A3 AE A3 6E A3
8E 9B D1 B2 B2 D2 B1 BA B2 BA B1 A2 B2 D2 B1 BA
B2 A2 91 A2 B2 C2 2C B4 30 C3 B2 EA B2 EA F2 BA
AD 73 AE AB EC 93 8E B3 B2 C2 B2 E2 B1 BA B3 A2
B2 B2 F2 DA D1 A2 F2 A2 D1 7A 4F 93 2B BC D1 DA
B2 E2 B2 E2 B2 9A 0F 73 8E BB 6E 8B 4F BB B2 CA
B2 CA B1 9A B2 EA B1 AA B2 E2 B1 AA B2 C2 92 B2
10 CB 2B CC D2 EA B2 EA B2 F2 10 D3 AD 83 CD B3
8D 8B 10 C3 B1 AA B2 E2 B1 B2 B2 CA B1 BA B2 DA
B1 BA B2 CA 92 AA 50 D3 EC C3 B2 F2 B2 F2 B2 D2
D1 DA 4E 93 AE B3 2E 8B D1 D2 B2 C2 B2 CA B1 B2
B2 B2 B1 92 B2 A2 B1 C2 B2 DA 92 BA AE D3 ED CB
B2 DA B2 CA B2 DA 4F C3 CD 83 F0 AA 6E 8B F1 C2
B2 B2 B2 DA B2 C2 B2 C2 B1 BA B2 DA B1 8A B1 BA
92 7A AE CB 6E D3 92 E2 B2 D2 B2 DA 6D D3 00 FC
AC AB 8E 83 D1 C2 B2 DA B2 CA B2 D2 B2 D2 B2 92
B1 9A F2 92 F2 A2 B2 DA 0C DC 6F BB 72 9A 72 D2
72 F2 6E A3 10 B3 4E AB 4D A5 11 BD B0 8A D1 92
EF 92 0B C5 FB FF FF FF FF FF FF FF D1 CD 0A AC
92 8A 91 8A 31 B4 EE BD 4D 7B AD 93 ED 9B 11 C4
D2 8A 92 AA B2 9A D2 C2 B2 AA 53 C2 53 AB 8D BC
AD CB 10 CB 30 A3 93 CA 92 D2 93 F2 6E B3 AE 83
A5 EB 25 D4 B3 9A 92 C2 92 D2 92 BA 92 BA 92 BA
73 B2 73 B2 0C B4 8F E3 30 CB F1 DA 93 F2 92 D2
93 CA 4F 9B 8E 9B 8E A3 4F 93 92 92 B2 A2 92 BA
92 D2 91 B2 B2 CA 52 AA 92 A2 4B D4 50 E3 4F BB
F1 E2 B3 EA B3 E2 B2 F2 CD 8B AD A3 F0 92 8E B3
92 BA B2 B2 91 C2 B2 E2 B1 BA 92 CA 52 B2 0F DB
4B C4 30 BB 4F C3 B2 CA D1 C2 93 F2 D2 EA 4E 8B
4E 83 8D 83 90 9C 32 9B 52 A4 31 9B 12 AC 71 9B
B2 A3 92 8A 91 A4 EB BC 10 94 EF 9B B2 B4 72 A4
31 93 91 AC EC 83 AE 94 8D 83 90 9C B2 9B 52 AC
52 8B B3 93 11 9B 73 AC 53 9B B0 BC AC BC B1 B4
2F 9C F2 9B 92 B4 B3 B4 EF 93 4E 83 8F 84 ED 83
71 A4 52 9B 52 B4 51 83 12 9C B2 A3 13 AC 13 9B
0E BD 6C B4 D0 A3 6F AC B3 B4 B2 AC 13 9C 2F 9C
0D 7C 6F 8C AD 83 91 AC 32 93 B2 A3 92 A3 12 A4
91 9B 92 9B 73 9B ED C4 ED AB 30 A4 50 AC 12 A4
F2 93 73 B4 4F 94 6E 83 CD 83 4D 8C F2 AB D2 8B
F2 93 B2 AB D2 AB 8D AC 0A B4 73 D2 2C DC AE E3
30 BB F1 92 93 DA 92 D2 93 F2 8E A3 8E A3 4F A3
8E 9B B2 D2 92 DA 92 BA 92 C2 92 AA 92 DA 52 B2
92 A2 4B C4 10 CB 4F A3 D1 C2 93 F2 93 F2 B2 C2
8D 7B 8E A3 CD 8B 6E B3 92 C2 92 E2 92 BA 92 A2
91 B2 92 EA 53 BA B2 D2 4B BC 10 C3 4F C3 B2 D2
92 BA 93 CA B2 4A 10 7B 8E B3 4E 8B 2F BB 92 C2
92 DA 91 9A 92 EA 91 AA 92 D2 53 A2 30 C3 6B D4
F1 9A 4F AB B2 F2 92 EA 93 F2 11 CB AD 83 AE AB
8D 8B 11 BB 92 AA 92 DA 91 B2 92 CA 91 BA 93 D2
53 B2 30 DB 6B C4 F1 CA 2F BB 93 EA 92 EA 92 D2
B2 DA 4E 93 AE B3 2F 83 B2 DA 92 A2 92 BA 91 B2
92 BA 91 9A 92 92 53 AA CD E3 0C D4 11 D3 30 D3
93 DA 92 DA 93 F2 4F C3 AD 83 F0 BA 4E 93 F1 DA
92 9A 92 D2 92 C2 92 BA 92 B2 73 DA 73 8A CD D3
ED A3 10 C3 10 B3 93 D2 B2 F2 93 E2 4D D3 00 FC
8C A3 6E 9B B1 D2 92 D2 92 A2 92 CA 92 CA B2 C2
73 C2 D3 9B 6B B5 AF E3 70 D3 31 B3 B3 A2 B2 D2
B3 F2 8E A3 30 A3 4E 9B 4D A5 11 C5 91 8A 92 8A
AC A3 AC C5 FE DF FF F7 FF FF FF EF 97 A4 CC AB
2F 9B 72 82 12 A4 EE AD 0E 7B AE 8B 6E 93 52 BA
13 93 53 AC 12 BB D3 C3 B3 AC AF BD 2F 93 72 BD
B2 DA 53 C2 53 72 74 BA 73 D2 74 DA 4F 9B 8F 83
85 EB 26 CC 74 92 73 C2 73 D2 73 C2 53 C2 53 B2
8E BB 50 DB D1 9A B2 A2 34 AA 53 9A 74 F2 74 EA
74 C2 2F 83 4F 9B 6F A3 30 93 73 8A 73 DA 73 C2
73 D2 53 B2 73 D2 CD C3 F1 B2 D1 CA 93 E2 33 AA
53 E2 74 E2 74 BA 73 F2 8E 8B 8E A3 D1 92 6F B3
73 BA 73 B2 72 BA 73 E2 53 BA 73 E2 ED CB 2F EB
F1 B2 73 BA 33 B2 73 CA B2 EA 74 F2 B2 E2 2F 8B
B1 8A 6E 7B F1 D2 53 B2 53 EA 52 AA 53 C2 53 B2
B1 D2 CD B3 92 E2 D1 CA 53 A2 33 A2 54 F2 53 DA
52 9A B2 E2 AD 7B 6E B3 6E 7B 10 CB 53 BA 53 E2
52 B2 53 CA 52 A2 B2 F2 CD D3 92 E2 D1 BA 34 EA
33 9A 53 BA 53 E2 54 F2 10 AB 4E 73 30 93 8E 8B
B2 D2 53 B2 53 EA 52 8A 53 C2 53 C2 30 DB 8E CB
92 DA D1 B2 33 BA 33 CA 54 F2 53 F2 54 D2 10 B3
AD 8B 2F B3 6E 7B B2 BA 53 AA 53 C2 53 BA 53 E2
53 B2 2F CB 6F D3 B2 D2 B1 AA 34 C2 71 DA 92 BA
53 AA 53 F2 6E AB 4F 7B 8E 83 8E 9B 73 D2 53 AA
53 B2 53 CA 53 CA 34 D2 8F D3 31 DB D2 D2 D2 DA
53 AA 53 82 74 DA 73 CA 73 F2 6F A3 6F 8B 2F 83
4F 9B 73 CA 73 DA 72 BA 73 DA 53 C2 73 C2 AE CB
11 A3 F1 A2 93 D2 33 9A 54 AA 74 DA 74 F2 93 F2
6E 93 6F 8B AD 73 4F B3 73 C2 73 E2 72 BA 73 C2
53 B2 93 E2 CD C3 D2 E2 F1 BA 93 BA 33 BA 54 D2
74 BA 74 C2 73 52 D0 72 6F 8B 2F 83 10 BB 73 C2
73 E2 72 9A 73 EA 53 AA 92 BA CD AB D2 C2 D1 BA
34 B2 33 A2 74 F2 73 EA 74 F2 D2 CA 8E 7B 8E AB
6E 83 D1 C2 73 B2 73 DA 72 B2 73 CA 53 BA F1 C2
CD B3 93 D2 F1 B2 53 E2 53 B2 74 EA 73 DA 73 AA
93 C2 2F 93 8F B3 EF 82 93 DA 73 92 73 BA 72 AA
73 EA 53 9A 11 A3 AE AB B2 BA D1 A2 54 C2 53 CA
74 DA 73 D2 74 E2 10 BB 8D 83 B1 B2 2F 8B B2 A2
73 9A 73 D2 73 C2 73 BA 53 AA 4F E3 6F AB B2 B2
D1 AA 53 C2 53 A2 74 CA 73 EA 74 E2 2E D3 00 FC
6D A3 4F 93 92 D2 73 CA 73 8A 73 92 73 CA 73 BA
6E C3 0F C5 51 B4 72 BC F4 C3 33 BD B4 A2 73 D2
D4 F2 2F 94 51 AC 2F 9D CD 84 32 9D 72 8A D1 92
0B AC 14 A4 FF E7 FF FF FF F7 FF FF 38 AC 8C A3
4F 9B 14 7A F3 A3 F0 B5 EF 72 AF 83 6F 8B 34 93
94 82 95 B4 34 B2 54 CA D4 AB 4F DC 2F AC 95 AD
15 D2 34 C2 14 82 15 BA 15 F2 15 EA 10 8B 50 83
66 FB 06 C4 35 82 14 C2 15 D2 F5 B1 54 B2 34 BA
AE BB 70 DB 15 8A 15 9A 14 B2 15 A2 15 F2 15 DA
15 E2 F1 9A 30 8B 30 A3 F1 8A 14 82 14 D2 F4 A9
15 C2 33 AA 34 C2 0D C4 D2 BA 15 BA 15 EA 14 AA
15 E2 15 EA 15 D2 35 F2 6F 83 4F 9B 72 8A 30 AB
14 BA 15 BA F4 B9 15 E2 53 BA 54 CA 0C DC D2 EA
15 AA 15 D2 14 AA 15 D2 15 E2 15 EA 74 EA F0 82
72 7A 2F 73 B2 BA 14 7A 15 C2 F4 A9 15 BA 54 B2
B2 CA 2C BC 54 E2 14 BA 92 8A 33 A2 15 F2 35 E2
14 A2 73 DA 8E 7B 50 AB 2F 7B D2 C2 15 B2 15 DA
F4 B1 34 D2 53 9A B3 F2 2C D4 34 E2 14 AA 35 EA
34 B2 14 C2 15 CA 55 EA CE 93 F0 72 11 8B 4F 83
73 D2 14 B2 15 EA F4 81 34 C2 54 BA 50 C3 CD D3
15 A2 14 A2 14 9A 34 C2 15 F2 35 F2 15 DA F1 AA
6E 7B 11 9B 2F 73 93 8A 14 AA 14 AA F5 81 54 CA
54 B2 50 CB AE DB 15 CA 13 9A 35 B2 2D B3 2F C3
34 B2 35 DA 6E AB F0 72 4F 83 4F 93 14 DA F4 A1
F5 A9 F5 C9 14 D2 14 CA AE DB 8C E3 14 CA F5 E1
14 C2 F5 91 D5 D1 F5 D1 B7 F9 11 A3 30 8B F1 82
30 9B 34 BA 15 CA 14 B2 15 D2 53 C2 34 8A CD C3
11 E3 15 AA 15 C2 14 92 15 AA 15 DA 15 F2 54 E2
2F 7B 30 8B 6E 73 10 B3 14 C2 15 E2 F4 A9 15 B2
53 C2 74 E2 2C CC 93 AA F5 99 15 C2 14 B2 15 DA
15 E2 15 C2 35 42 92 6A 30 83 F0 7A D2 BA 14 C2
15 CA F4 91 15 EA 53 AA 73 E2 0D BC 0E C3 D1 9A
2B AD 91 BA 15 F2 35 F2 15 F2 93 CA 4F 7B 6F AB
2F 7B 93 CA 14 B2 15 EA F4 A9 34 CA 54 BA D2 CA
0D BC 15 D2 F5 A9 15 E2 14 B2 15 F2 15 C2 D6 59
34 8A F0 92 50 AB B1 7A 34 DA 14 92 15 B2 F4 A1
34 B2 34 A2 F1 A2 ED AB 15 B2 14 AA 14 C2 14 CA
15 DA 15 D2 15 DA D2 BA 4F 7B 73 B2 F0 82 73 8A
14 BA 15 E2 F5 B9 34 AA 54 AA 6F BB 6F CB 15 B2
14 72 14 8A 14 A2 15 CA 15 FA 15 FA EF CA 00 FC
4E 9B 10 8B 54 D2 15 D2 15 BA F5 A1 54 CA 34 C2
AE C3 8F A3 35 9A 35 C2 74 BA 75 D2 D5 BB 15 D4
D5 EB 30 93 D2 AA F0 A2 0F 95 D3 BC 13 7A B1 92
EB AB 95 9B FF E7 FF F7 FF F7 FF FF 97 BC AF 8A
AA BC B0 92 11 AC EE BD 2E 7B AE 93 AE 83 52 7B
72 8A 71 B2 D1 BA 8E E3 CC BB 33 B2 F2 92 32 CB
92 D2 92 C2 92 A2 93 DA 93 E2 93 BA 6E 9B AE 8B
85 FB 25 CC B3 92 92 CA F1 D2 F1 CA 0C DC AE CB
53 B2 73 D2 92 AA 92 9A 92 AA 92 A2 93 F2 93 D2
93 DA 4F A3 8E 93 8E A3 4F A3 92 AA 92 D2 F0 B2
D2 CA 0C CC 8F D3 53 AA 92 D2 92 C2 92 D2 91 AA
92 E2 93 F2 93 F2 B3 F2 CD 93 AE A3 F0 92 8E B3
92 C2 92 AA F0 BA F1 E2 6B D4 30 DB 53 BA 93 EA
91 B2 93 DA 92 B2 93 CA 93 EA 93 EA D2 E2 4E 8B
D0 8A 8D 83 30 B3 92 7A B2 CA F0 BA D1 D2 4B CC
D1 CA 52 9A 73 EA 91 C2 B1 A2 91 9A 93 E2 92 BA
92 A2 D2 DA CC 83 AE B3 8D 83 50 C3 92 C2 B2 E2
F0 AA 30 CB 4B C4 93 EA 53 C2 92 C2 91 B2 93 EA
92 7A 92 AA 93 EA 93 E2 50 BB 6E 7B 6F 93 AD 8B
F1 D2 92 B2 D2 EA F0 92 50 CB 4B D4 73 BA 52 BA
92 D2 91 B2 92 AA 92 CA 93 F2 93 F2 93 DA 4F B3
CD 83 6F A3 8D 83 F1 C2 92 AA D1 B2 D1 8A 6E DB
CD D3 53 BA 73 C2 92 D2 91 A2 92 B2 72 BA 73 BA
72 8A 93 DA 6F B3 8D 7B EC 7B EE 93 52 BB 32 9B
91 A3 71 BB 8D C4 8D CC F3 B2 90 BB 71 BB 72 C3
12 BB 52 9B 93 B3 92 BB 8A DC EB A3 6F A3 4F A3
8E 9B B2 AA 92 C2 F0 C2 D1 D2 2C D4 4F 9B 53 A2
73 E2 91 B2 92 DA 92 AA 92 AA 93 E2 93 F2 B2 EA
8D 93 8E 93 CD 7B 6F BB 92 C2 B2 C2 F0 BA D1 AA
4B CC 50 EB 53 B2 93 C2 92 9A 92 AA 92 C2 93 C2
93 CA 93 A2 93 5A 10 9B 8E 7B 4E 7B 2F C3 92 C2
B2 CA F0 A2 11 EB 6B C4 D1 E2 53 A2 B2 C2 B1 B2
10 CB B1 9A 93 EA 93 F2 93 F2 11 CB AD 83 AE AB
8D 8B 11 CB 92 BA B2 DA F0 B2 11 D3 6B CC D2 D2
53 AA 92 E2 92 BA 92 E2 91 AA 93 F2 B2 C2 EC 63
11 93 2F 9B AE B3 2F 83 B2 DA 92 9A B2 D2 F0 BA
6F DB 2B B4 73 BA 53 9A 92 D2 92 BA 92 CA 92 CA
93 D2 93 DA 93 DA 50 BB AD 83 D1 BA 4E 8B F1 9A
92 A2 D1 DA F1 C2 8F C3 2C CC 73 9A 72 BA 92 C2
92 72 92 AA 92 AA 93 C2 92 CA 93 C2 4D D3 00 FC
8D A3 6E 93 B1 DA 92 C2 D1 AA F1 BA 0C E4 CD 9B
53 92 73 A2 72 A2 72 C2 92 C2 52 BA 53 A2 93 D2
93 EA 6E A3 D0 AA 0E A3 4E A5 11 BD 91 8A 4B B4
AC A3 B5 A3 FF FF FF FF FF FF FF FF B6 BC AF 8A
4B B4 0E 93 11 AC 2E BE 4D 83 CD 83 ED 83 71 7B
D2 8A EE CC 2C C4 B1 BA B1 A3 31 AB 31 9B D2 C3
B2 CA B1 C2 B1 AA B2 D2 B2 E2 B2 AA 8E 9B CE 93
A5 FB 25 C4 B3 82 72 CA ED DB 0C E4 B1 D2 D1 BA
B1 B2 B2 E2 B1 B2 B2 A2 B1 B2 B2 AA B2 F2 B2 D2
B2 DA 4E AB 8D 9B AD A3 6E B3 92 BA 92 CA 2B CC
8E DB B1 BA D1 D2 B1 AA B2 CA B1 C2 B2 DA B1 B2
B2 D2 B2 EA B2 EA B2 F2 CD 93 AD A3 0F 9B 8E AB
72 B2 92 A2 6B CC 8E EB D1 BA B1 DA B1 B2 B2 EA
B1 B2 B2 E2 B1 B2 B2 D2 B2 F2 B2 F2 F1 EA 4E 93
EF 8A AD 83 30 C3 72 92 D1 CA 6A CC 10 D3 D1 B2
0F B3 D0 9A 12 DB F1 C2 51 B3 D0 A2 B2 E2 B2 BA
B1 A2 2F E3 EC 83 AD B3 AD 8B 4F C3 73 CA D1 EA
6A C4 F0 C2 B0 AA 92 F2 91 CA 92 BA 91 BA 72 F2
91 82 92 AA B2 F2 B2 E2 4F BB 6D 83 6E 93 CC 93
F0 D2 72 B2 6F EB 6B B4 B1 CA D1 C2 B2 C2 B1 C2
B2 E2 B1 BA B1 B2 B1 CA B2 E2 B2 EA B2 D2 4F B3
CC 8B 8E 9B AD 8B F1 D2 72 A2 AC CB CB BC 91 BB
6F B3 4E C3 B1 CA B1 D2 B1 A2 B1 B2 D1 B2 30 A3
2F 93 F1 DA 6E B3 AD 83 0B 8C 0D 94 51 C3 12 93
AC B4 8C C4 51 AB 71 C3 51 B3 52 BB 52 BB 72 BB
31 AB 72 AB B2 BB B2 B3 6A D4 EB 83 8E A3 6E A3
8D A3 92 AA 92 C2 0C D4 CD DB D1 B2 B1 B2 B1 B2
B2 DA B1 AA B2 DA B1 AA B2 B2 B2 EA B2 EA D2 EA
AD 93 AD 93 EC 83 8E BB 72 C2 B2 C2 6A D4 6F B3
D1 AA B2 EA B1 BA B2 C2 B1 82 B2 9A B1 CA B2 C2
B2 BA B2 92 B2 62 0F A3 8E 93 6E 7B 4F C3 72 C2
B2 CA 6A C4 30 EB D1 AA B1 D2 B1 AA B2 C2 B1 BA
92 B2 B1 92 B2 EA B2 EA B2 F2 10 D3 AD 83 CD B3
AD 8B 10 CB 72 BA 10 E3 8A C4 F1 CA D1 BA B2 E2
B1 BA B2 DA B1 BA B2 DA B1 9A B2 E2 D2 D2 AE 83
10 9B 4E 9B CD B3 4E 8B D1 CA 72 9A 30 CB 6A D4
D1 EA D1 9A B1 A2 B1 AA B2 DA B1 BA B2 CA B1 B2
B2 C2 B2 EA B2 D2 4F C3 AD 8B 6E B3 AD 93 D1 B2
72 9A AE DB 2B D4 B1 AA D1 B2 B1 AA B1 BA B1 CA
B1 62 B1 8A B1 B2 B2 BA B2 CA B2 BA 6D D3 00 FC
AC A3 8E 93 B1 D2 93 BA CD BB 0C D4 D1 D2 D1 9A
B1 92 B1 C2 11 9B 32 C3 B1 BA B2 BB D2 AB B2 D2
B2 EA 6E 9B D0 AB EE 9B 4D A5 11 BD CF 8A 8A BC
0E 9B D4 A3 FF FF FF F7 FF FF FF F7 B6 AC 71 8A
4F 9B CC A3 31 A4 6F B6 4D 83 EE 73 8E 83 EF BB
6C BD 32 C5 11 93 52 A3 52 A4 D2 BC 12 93 D2 B5
92 BA B2 C2 92 BA 92 CA B2 E2 92 B2 6E 9B CE 8B
A5 FB 06 B4 EE 83 ED DB B2 CA D2 D2 B2 D2 B2 B2
B2 AA B2 C2 B2 B2 B2 A2 B2 A2 B2 A2 B3 EA B3 C2
D3 DA 6F A3 AE 93 AE 9B 50 A3 CE BB CE DB B2 AA
D2 CA B2 B2 B2 CA B2 A2 B2 B2 B2 C2 B2 E2 B1 B2
B2 C2 B3 E2 B3 EA D3 EA ED 8B ED A3 F0 92 AE 9B
2C BC 8F BB B2 B2 D2 E2 B2 B2 B2 C2 B2 B2 B3 E2
B2 B2 B3 E2 B2 A2 B3 DA D3 EA B3 E2 12 DB 8E 8B
10 8B 8E 7B D0 BB 4C BC D0 BB 12 AB 52 BB 11 A3
CE 9B 30 8B F3 9C F2 93 51 9D 31 A3 93 DB 73 D3
F1 9A 6C C4 2C 84 CE AB 8E 7B AE B3 6C D4 D0 C3
12 8B 52 A3 F1 9A 93 CB 32 B3 72 A3 11 AB 73 CB
51 A3 F1 C2 D3 EA B3 DA 70 BB AE 7B 8F 93 AE 83
70 D3 2C CC F2 E2 D1 8A B2 C2 B2 BA B2 C2 B2 BA
B2 C2 B2 B2 B2 B2 B2 C2 B3 E2 D3 E2 B3 C2 6F B3
0D 84 8F 73 8E 83 CE D3 0D BC F0 B2 31 AB 53 C3
6F B3 4E BB B2 C2 D2 CA D1 A2 B2 C2 11 AB ED 9B
50 D3 F2 EA AE A3 8E 93 AE AB 8E 93 8F E3 ED AB
92 AA B2 CA 92 B2 92 DA 92 CA 92 D2 92 D2 92 CA
92 AA 92 CA 93 D2 93 DA 54 EA 8F 73 CE A3 6F 9B
6F 8B 0D BC AF D3 B2 BA D2 BA B2 9A B2 DA B2 B2
B2 DA B1 A2 B2 D2 B2 A2 B2 AA B3 D2 B3 EA F2 EA
CD 93 CE 93 ED 73 8F B3 0D D4 AF D3 B2 BA D2 92
B2 A2 B3 E2 B2 BA B2 AA B2 6A B3 BA B2 B2 B3 B2
B3 BA B3 82 D3 62 2F 9B AE 8B 4F 73 6F BB 2C D4
31 CB B2 A2 D2 E2 B2 AA B2 D2 B1 A2 B2 BA B1 BA
D2 9A B2 A2 B3 EA D3 EA B3 EA 31 DB CD 83 EE AB
8E 83 70 CB 2C CC F2 DA D2 AA B2 CA B2 B2 B3 E2
B2 B2 B2 E2 B2 B2 B2 CA B1 A2 B3 E2 B3 EA 94 AA
D2 8A 8E 9B CE AB 10 83 50 A3 2C B4 D2 82 D1 AA
B2 DA B2 A2 B2 8A B2 92 B2 CA B2 BA B2 D2 B2 8A
B3 B2 D3 E2 B3 D2 6F BB CD 83 ED AB AE 83 8F DB
ED C3 B2 DA D2 C2 B2 BA B2 82 B2 B2 B2 AA B2 B2
B2 62 B2 62 B2 AA B3 CA D2 EA D3 DA 6D D3 00 FC
8D A3 2F 8B CD DB CD CB 92 AA B2 9A 92 CA 92 BA
92 82 92 BA 32 83 72 C4 F2 92 D2 CD 12 B6 32 CB
92 F2 4E 9B F0 AB EE 9B 0E 95 11 B5 6D A3 CD A3
71 8A D4 AB FF FF FF E7 FF FF FF F7 97 AC 52 82
F1 92 A8 BC EF AC 11 A6 EF 72 8C A4 AA AC D1 BA
0F BD B3 C4 F3 92 53 A3 53 A4 D3 BC 73 82 73 BD
73 BA 73 C2 73 C2 74 F2 73 CA 74 B2 2F 93 6F 83
A5 FB 04 DC 90 92 AF E2 D2 D9 D2 D9 D2 D9 D2 C1
D2 B1 D2 91 D2 B9 D2 99 D2 79 D2 B9 D3 F9 D3 B9
D3 E9 6F B2 6F 9A CA CB 4C CB 8F BA 8F DA D2 C1
D2 D9 D2 C9 D2 D1 D2 B1 D2 E9 D2 C9 D2 F1 D1 B9
D2 F1 D3 F9 D3 F1 D2 D1 CD 9A AE AA 8A C3 6B D3
CE CA 50 C2 D2 C1 D2 E9 D2 A9 D2 D9 D2 B1 D2 F1
D2 C1 D2 E1 D2 99 D3 F9 D3 F9 D3 E1 12 C2 4F 92
F1 A1 29 C4 AF D2 AE BA 31 DA D2 C1 D2 D1 D1 B9
B3 F9 B1 B1 92 E9 B2 D1 93 F9 B2 B9 D3 E9 D2 E1
D2 B1 12 EA CD 8A EE C2 28 BC CF B2 0C DB 8C C3
32 92 10 93 11 AA D3 D2 72 BA B2 B2 31 B2 D3 D2
CE AA 4F B2 D3 F9 D3 E9 70 C2 4F 82 EE AA 28 C4
70 E2 CE D2 F2 F1 D2 99 D2 D1 D2 D1 D2 E1 D2 C9
D2 C1 D2 B9 D2 C1 D2 D1 D3 D9 D3 F1 D3 D1 6F C2
AE 82 2D 93 09 BC 8F C2 AE BA B2 C1 B2 91 B2 E1
B2 C9 B3 C1 D2 D1 D2 D9 D1 B1 D2 D1 B2 B9 B3 D1
B3 C9 B3 E1 AE B2 4F 9A AB CB EA C3 70 EA AE B2
D2 B1 D2 D1 D2 C9 D2 E1 D2 D1 D2 E1 D2 C9 D2 E1
D2 C9 D2 C9 D3 D1 D3 E1 D2 F9 AE 92 6F A2 8B D3
8B 9B AF AA 70 EA D2 C1 D2 E1 D2 B1 D2 E1 D2 C1
D2 E9 D1 B9 D2 E1 D2 B9 D2 E9 D3 E1 D3 F9 F2 F9
AE 9A 8F 9A 28 B4 4C DB AF D2 70 DA D2 C1 D2 99
D2 B1 D2 F1 D2 D1 D2 91 D2 69 D2 D9 D2 A1 D3 99
D3 E9 D3 81 D3 61 10 A2 AF 92 09 B4 EE B2 CE AA
11 DA D2 A1 D2 F1 D1 B9 D2 E9 D1 A9 D2 C9 D1 C1
D2 A9 D2 A9 D3 E9 D3 F9 D3 F9 31 E2 AE 82 EE C2
28 BC CE CA CE CA F2 F9 D2 B9 D2 D9 D1 C1 D2 E1
D2 C1 D2 D9 D2 A9 D2 E1 D1 C1 D3 F9 D3 F9 D2 C9
F2 91 2F A2 4C CB E9 B3 CE A2 CE BA D2 91 D2 B1
D2 D9 D1 B1 D2 A1 D2 A1 D2 C1 D2 C9 D2 D9 D2 A9
D3 E9 D2 E9 D3 D9 70 CA 8E 8A 6C CB 29 BC 70 E2
8F CA D2 F1 D2 D1 D2 E1 D2 89 D2 B9 D2 B9 D2 B1
D2 69 D2 79 D2 B1 D3 E9 D2 C9 D3 B9 8D E2 C0 FB
69 C4 6B B4 30 DB 30 C3 73 A2 73 9A 73 CA 73 BA
73 9A B3 BA 53 8B 33 C5 13 A4 13 BD 74 AD B4 BA
74 F2 0F 9B B2 A3 0B C5 0B B6 52 B5 88 BC 4F 9B
52 82 B5 A3 FF FF FF EF BE EF FF FF B7 BC 90 8A
92 8A 6D 9B 6B CD 0D C6 0B 94 CD 8B 8B AC B2 BB
73 9A D2 C2 92 9A 72 9A B2 BA 72 D2 72 BB 92 AB
92 BA 92 C2 92 CA 93 FA 93 DA 93 C2 CD 9B 8A AC
4C BB 49 B3 8D A2 6D E2 8D E2 8D E2 8D EA 8D D2
8D CA 8D BA 8C E2 8D E2 8D A2 8D D2 8D FA 8D EA
8D EA A8 D3 C7 CB 4A C3 4A D3 6D CA 6D E2 8C DA
8D E2 8C DA 8D DA 8C C2 8D EA 8C DA 8D F2 8C CA
8D E2 8D FA 8D FA 8D E2 06 D4 C8 D3 EA BA 69 D3
4D DA 6D E2 8C D2 8D D2 8C AA 8D E2 8D C2 8D F2
8C D2 8D EA 8C BA 8D FA 8D FA 8D FA CC FA 06 CC
0A C3 69 B3 0B E3 4D CA 8D F2 8C CA 8D DA 8C CA
8D F2 8C C2 8D CA 8C CA AD EA 8C D2 8D F2 8D E2
8C C2 EC F2 46 CC 89 DB 69 B3 0B BB 4E CA 4E F2
6C CA 6D D2 8C C2 4D FA 6C E2 6D D2 6C D2 4D FA
6D DA 6D B2 8D EA 8D FA 2A EB 26 C4 4A BB 88 BB
CC E2 4D D2 8D FA 8C B2 8D DA 8C DA 8D EA 8C DA
8D D2 8C CA 8C D2 8D DA 8D FA 8D FA 8D DA 4A DB
46 C4 4A 9B 68 BB AC EA 4D CA 8C D2 8C B2 8D E2
8C DA 8C DA 8D DA 8D E2 8C BA 8D DA 8D C2 8D CA
8D CA 8D F2 C8 DB E7 CB 49 CB 89 C3 6D E2 4D 92
8D CA 8C E2 8D DA 8D EA 8D DA 8D E2 8D E2 8D E2
8C D2 8D D2 8D E2 8D EA 8D FA A8 C3 E7 D3 2A CB
69 AB 6D B2 6D EA 8C DA 8D CA 8C A2 8D BA 8C CA
8D F2 8C D2 8D D2 8C B2 8D EA 8D EA 8D FA AD FA
06 D4 A8 C3 89 AB 4A DB 4D DA 6D CA 8C DA 8D EA
8C D2 8D F2 8C DA 8D B2 8C C2 8D FA 8C DA 8D DA
8D DA 8D FA 8D E2 C8 D3 89 DB 49 B3 0B D3 4E DA
8D E2 8C C2 8D F2 8C CA 8D F2 8C B2 8D D2 8C C2
8D B2 8C B2 8D EA 8D FA 8D FA EB E2 26 C4 05 D4
C7 B3 E7 D3 8B CA CB EA 8D D2 8D E2 8C D2 8D F2
8C D2 8D FA 8D E2 8D DA 8C D2 8D DA 8D EA 8D DA
CC BA 07 D4 69 D3 69 B3 CC E2 4E BA 8D AA 8C CA
8D F2 8C CA 8D C2 8C BA 8D EA 8C E2 8D FA 8D C2
8D E2 8D DA 8D FA 4A EB 26 C4 69 CB 88 BB 8D E2
6D DA 8D DA 8D B2 8D C2 8C 9A 8D B2 8C D2 8C CA
8D C2 8D 9A 8C C2 8D DA 8D CA 8D F2 4A E3 07 BC
0C A4 0C AC 73 A2 73 AA 92 BA 92 92 92 CA 92 CA
92 D2 72 CA 72 8A 92 CA 92 D2 72 A2 73 7A 93 B2
93 EA 0C B4 AE B3 AD AB 8C AD AD CD 0B AC 92 8A
91 8A D4 A3 FF FF BE FF DF FF FF FF F9 AB 75 71
96 79 13 82 2D CD 4F C6 4B 9C F2 52 B2 7A 77 B9
77 69 38 99 97 89 57 89 97 81 F7 79 77 C1 77 99
77 B1 77 C1 77 A9 78 B9 98 B1 78 D1 8F B3 AB B4
D2 8A D2 72 D7 71 98 B9 98 C9 98 C1 98 B9 98 A9
98 91 98 71 98 A9 98 C9 98 91 98 91 99 F1 99 B1
99 D1 CF B3 4D A4 93 8A 94 92 98 99 98 71 98 91
98 C1 97 91 98 C1 97 89 98 C9 98 B9 98 E1 97 89
98 C9 99 F1 99 E9 99 B9 AB AC 0E BC D6 79 D3 92
98 B9 98 D1 97 B9 98 B1 97 59 79 D9 98 B1 98 E9
97 A9 79 D1 97 81 79 F1 99 F1 79 F1 D7 E9 AB AC
B3 92 B3 6A 35 C2 97 A1 98 E1 97 99 78 D1 97 A1
79 E9 97 91 78 79 98 99 78 E9 97 99 79 D1 99 D1
98 89 17 E2 29 9D 70 BB B2 5A 75 92 98 C1 98 E1
97 89 99 A1 97 91 99 D9 98 B1 98 C9 97 A1 99 E1
97 B9 98 91 98 D9 99 F1 D3 D2 EA 9C D3 92 F2 72
16 CA 98 A1 98 E9 97 71 98 B9 98 B9 98 D9 97 A9
98 D1 97 A1 97 B9 98 C1 99 B9 99 E9 99 D1 F2 BA
0A 9D B3 52 D2 6A 16 C2 97 91 98 A1 98 69 98 B1
98 B9 98 B9 98 C1 98 C9 97 79 98 B9 98 A9 99 79
99 A9 99 F1 EF BB 8C AC D3 92 12 5B B7 B9 98 61
98 91 98 C1 98 B9 98 D1 98 C1 98 D1 98 B1 98 C9
97 A9 98 99 99 C1 99 D1 99 F1 EE 9B 6D BC 54 92
D3 5A B7 A1 98 D9 97 A9 98 C9 97 99 98 B9 97 A1
98 D1 97 99 98 91 97 71 98 51 99 D1 99 F1 B8 F1
AB AC EE 9B F2 52 B3 AA 98 B9 98 C9 97 B1 98 D9
97 A9 99 E1 97 B9 98 71 98 89 99 F1 97 A1 99 A1
99 B9 99 F9 99 C1 2D AC 90 C3 54 62 75 B2 98 C1
98 C1 97 81 99 E9 97 99 98 E1 97 81 99 A9 97 99
98 99 97 89 99 C9 99 F1 99 F1 56 DA 0A 9D 70 B3
11 63 75 C2 97 A9 98 E1 97 A1 98 C1 97 A9 99 E1
97 91 99 D1 98 C1 98 B9 97 91 99 A9 99 E9 99 A9
16 62 AB B4 12 AB 93 62 16 A2 98 81 98 61 97 99
98 E1 97 71 98 49 98 89 98 D9 97 61 98 91 98 A1
99 E1 98 C1 99 C9 32 BB EA A4 12 9B 11 6B D7 C9
98 A9 98 E9 98 81 98 81 98 51 98 79 98 A1 98 A1
98 59 98 41 98 B1 99 D9 98 B9 99 E9 32 D3 AB 94
B2 7A 73 82 B7 A1 98 D1 77 C9 77 91 77 D1 77 89
77 59 F8 C1 F7 A1 58 89 77 A1 38 C9 78 71 98 A9
78 F1 CD BB 6F C3 D3 89 D3 8C EF D5 2F 9B 96 79
75 71 F8 9A FF F7 DF F7 FF FF FF FF DF 92 1D 48
1D 58 1D 48 9F 8A DB 9D 58 41 38 65 78 61 3F B1
FF 61 BF 89 FF 88 BF 92 1F 70 5F 49 1F B8 1F A8
1F A0 1F B8 1F 98 1F A0 1F A0 1F F0 3A 91 D7 59
98 79 78 61 1F 80 1F A0 1F C0 1F C0 1F B0 1F A0
1F 88 1F 50 1F A0 1F B0 1F 40 1F 80 1F E8 1F D0
1F E8 FA 78 59 61 78 79 1A 81 1F 80 1F 30 1F 70
1F B8 1F A0 1F B8 1F 78 1F A8 1F A8 1F E0 1F 70
1F C8 1F F8 1F F8 1F E0 B7 59 B8 79 7B 68 79 61
1F A8 1F D8 1F B8 1F 78 1F 30 1F F8 5C 90 1B C2
7F 90 5F 99 7F 68 5F C9 7F C9 7F C9 DF C1 F9 48
BD 58 B7 49 DC 99 5F 80 5F B9 5E 78 1F B1 7E 80
5F C1 5E 70 3F 49 BF 70 3F B9 3F 68 7F 71 5F A1
3F 68 DE A9 F6 39 78 7A 97 41 FB 69 BF A0 3F A9
5E 60 5F 71 7F 70 5F 89 BF 88 1F B1 7F 88 3F C1
5F 88 99 A9 D9 F8 1F F8 DC C0 19 31 3A 59 B7 59
5E C8 1F 98 1F F8 1E 58 1F B0 1F B0 1F C0 1F A8
1F D8 1F 90 1F 88 1F B8 1F 90 1F F0 1F E0 FB 90
D7 41 3A 69 97 51 5E 98 1F 70 1F 98 1F 50 1F A0
1F A8 1F B8 1F A8 1F B8 1E 60 1F B8 1F D0 1F 20
1F 98 1F F8 59 79 19 59 98 91 D7 21 1F 88 1F A8
1F 98 1F B8 1F B0 1F D8 1F B8 1F D0 1F A0 1F C8
1F 90 1F D0 1F D0 1F C8 1F F8 59 69 79 71 1A 81
79 31 1F 98 1F E0 1F A0 1F D0 1F A8 1F C8 1F A0
1F C0 1E 60 1F B8 1F 90 1F 30 1F D0 1F F8 1F E8
78 59 79 59 F6 39 59 91 1F B0 1F C0 1F A8 1F B8
1F 98 1F E8 1F B0 1F 20 1F 48 1F F8 1F 70 1F 38
1F B8 1F B8 1F 40 5C 58 59 99 19 51 FB 90 1F A8
1F C0 1E 60 1F E8 1E 90 1F D0 1E 58 1F A0 1E A0
1F A8 1F 78 1F F8 1F F8 1F F8 9D E0 77 39 B8 91
F6 41 BC C0 1F 90 1F E0 1F A0 1F D0 1E 98 1F E0
1F 78 1F C0 1F C0 1F B8 1F 38 1F 70 1F F8 1F B0
1F 08 DA 50 99 99 38 41 5E A0 1F 88 1F 48 1F 80
1F B8 1E 40 1F 00 1F 70 1F E0 1F 30 1F 90 1F 80
1F C8 1F B0 1F E0 FB 98 58 41 D8 89 D7 51 1E C8
1F A8 1F E0 1F 70 1F 70 1F 48 1F A0 1F A8 1F B0
1F 08 1F 18 1F B0 1F F0 1F E8 1F C8 7D A8 78 39
B8 61 59 69 1F C8 1F B0 1F B8 1F B0 1F D0 1F 30
1F 10 9F 93 3F 9A 1F 71 7F 9A 3F AA 1F 30 1F A0
1F E8 99 69 5D 8A 99 7A 58 6C 3F A4 1E 48 1D 58
1D 50 9F 71 FF E7 FF FF DF FF FF FF 9B A3 5A 58
5C 60 3B 58 1D 83 1A 8E D6 51 56 7E B6 69 5D B2
7D 7B 9E 93 1D 9A 7D AB 1D 88 1E 28 3D C0 3E D0
3E B8 9C B8 BC B0 3F A8 3E 80 3F A0 98 71 35 6A
F7 79 D7 59 7D A8 3D 80 3E C0 3E C8 1E C8 3E A0
3E 88 3E 68 3D B8 3E D0 BB 60 7D 80 3F D0 3F F0
3F F0 58 81 B7 69 D7 81 79 89 3D 80 3E 78 3D 98
3E A8 3D A8 3E B8 3D 80 3E B0 3D A8 3E E0 BB 88
7D E8 3F F8 3F F8 5E D8 15 62 16 82 BA 78 D7 29
3E 80 3E D8 3D B0 3F 88 3C 60 F0 CA 7A 69 BE C1
DD 88 DE B1 BB 99 FE C9 DF B9 DF B9 3D B2 77 59
3B 61 16 52 3B 9A BD 80 BE B9 BD 80 7E B1 DD 80
BE C1 BD 78 BE 49 1D 79 DE C9 5A 59 FE 61 DF B9
3A 69 99 B9 15 4A 17 92 D6 49 5A 51 3E B8 5E E0
3D 78 3F 80 3D 70 3E D8 3D A8 3E A0 3D 98 9D F0
DB 90 5D 60 5E B8 3F F0 3A A9 97 49 99 89 16 5A
BC D0 3D A0 3E E8 3D 80 3E D0 3D A0 3E A8 3D A8
3E B8 3D 90 7C 60 BB C0 3F D0 3F F0 3F E0 59 99
35 4A 98 81 D6 59 DC 98 3D 78 3D A0 3D 50 3E A8
3D 98 3D 90 3D A8 3E B8 3C 70 BC B8 9C D8 3F 28
3E A0 3F F8 B7 81 97 61 F7 91 16 2A 5D 88 3E C8
3E 60 3D A8 3E B0 3E 90 3D 90 3E D8 3E C0 1F B8
9B 88 5D B8 1F C8 1E D0 1F F8 97 89 B7 79 58 89
B7 41 1D A0 1E E8 1D A8 1E D8 1D A8 1E C0 1D A8
1E C8 1D 78 1E A8 BB 90 1E E8 1F F8 1F F0 3E E0
D6 61 B7 69 35 42 78 89 1E B8 1E E0 1D A8 1E 78
1D 98 3E F0 3D A0 3E 10 3D 70 3E F8 DB 80 3E 20
1F C8 3F 88 3F 28 FA 58 B8 99 77 61 3A 41 3E 88
3E D0 3D 58 3E C8 3D 98 3E C8 3D 70 3E E0 3D 98
5E C0 DB 68 3E 90 3F E8 3F F8 DC 80 F5 39 F7 99
34 42 1A 81 3E 90 3F E0 3D A8 3E 70 3D 78 3E F0
3D 70 3E B0 3D C0 7D B8 BB 28 3F 18 3F F8 3F A8
7D 20 58 69 F7 89 97 49 DC B8 3E B0 3E 60 3D 80
3E B0 3D 48 3E 08 3D 98 3E D0 3D 98 9D D8 BC 40
3F B0 3E A8 3E F8 79 B9 D6 39 16 6A 15 5A 9D 88
3D 80 3E A0 3D 78 3E 88 3D 50 3E B0 3D B8 3D A0
3E 10 9C 28 9C C0 3F F0 3E F8 3F C8 FB A8 D6 41
F6 69 97 69 7D C8 3E 88 3E B8 3E 78 3E D0 3D 20
3D 20 DE 8B 1D 9B 3E 82 3B C4 5D 94 DF 30 9F A8
FF 80 57 42 7B 93 D7 73 36 74 9C A4 3B 50 5C 60
5B 58 7A 82 FF E7 FF FF FF F7 FF F7 4E D6 2E 9B
52 8A 51 82 12 B4 EF BD 4E 7B 4E 8D 4E 93 F2 AA
53 9B F3 BA 73 B3 D3 C2 93 B2 33 83 53 BA 73 D2
34 AA 2C D4 6B E4 34 D2 73 A2 54 9A 4F 8B AD 93
6E AB 6E 63 92 6A 53 B2 73 CA 73 D2 B1 D2 73 B2
73 AA 73 AA 53 C2 53 DA E9 D4 CE BB 34 DA 73 E2
74 EA 2F A3 4F 93 6F A3 30 AB 53 B2 73 CA 73 C2
73 CA 72 BA 73 CA 72 AA 73 CA 53 C2 54 DA E9 C4
6F EB 34 F2 73 EA 73 C2 8E 93 8E A3 D1 9A 6F 73
53 AA 34 D2 53 C2 73 8A 73 72 73 F2 73 B2 53 EA
33 BA D2 D2 28 CD F1 F2 34 E2 54 CA B2 D2 2F 8B
B1 92 6E 83 F1 CA 53 B2 73 E2 72 AA 53 DA 72 B2
53 F2 72 A2 53 9A 33 AA D2 F2 08 B5 B2 A2 54 D2
73 AA B2 D2 AD 73 8E 9B 6E 7B 10 93 53 CA 73 E2
72 A2 53 9A 72 A2 73 E2 73 BA 73 B2 14 B2 8F F3
E9 C4 53 62 74 AA 54 DA 11 63 4E 83 50 BB 8E 83
B2 CA 53 B2 73 E2 72 B2 73 DA 73 BA 73 C2 72 AA
53 8A 14 A2 CD A3 CA E4 54 D2 73 EA 54 DA 10 AB
AD 83 4F 9B 6E 83 D2 C2 53 A2 73 C2 73 A2 73 DA
73 A2 73 72 73 C2 53 CA 33 72 6B B4 0C EC 34 62
73 AA 54 F2 4F A3 4F 93 8E AB 8E 6B 73 9A 73 C2
73 82 73 AA 73 B2 73 BA 73 BA 73 D2 53 D2 CC BB
88 C5 4F 9C 54 AB 73 BB 74 D3 AF 93 AF 93 6F 9B
AF 83 13 AB 53 C3 F2 AA 33 A3 F3 A2 33 AB F2 AA
73 B3 B3 92 53 93 89 B5 50 D4 74 B3 94 BB D3 CB
8E 8B AF 8B CD 7B EF 93 F3 AA 73 C3 F3 A2 92 93
11 A3 94 EA 92 AA 93 5A 33 92 D2 D2 08 DD F2 AA
74 D2 94 BA 93 52 D0 72 6F B3 2F 8B 30 5B 73 9A
93 AA 72 82 93 D2 72 AA 93 CA 72 92 73 D2 33 A2
50 C3 28 C5 B3 5A 94 AA 94 EA F2 82 8E 73 8F AB
AD 7B 11 9B 72 AA B1 D2 73 BA 73 82 72 7A 73 DA
72 A2 73 BA 14 BA 6F EB AA AC 54 6A 73 EA 74 BA
93 5A 2F 93 6F B3 4F 7B D2 C2 53 BA 73 92 72 AA
73 D2 72 7A 73 52 73 CA 53 CA 14 BA 2C EC AA 8C
54 A2 54 A2 EF E2 EA BB 4F 7B AE 73 AD 83 92 9A
53 7A 73 D2 73 9A 73 7A 73 7A 73 9A 73 BA 53 9A
34 5A 2C 8C CD E3 34 F2 73 D2 54 CA D1 BA 6E 73
8E 93 4F 93 92 9A 53 B2 73 A2 73 92 73 C2 73 9A
73 6A 53 A3 D3 7A 33 9A 69 E5 EE CB 34 7B 93 B3
54 AB 2F 6B 11 AB EF 9A 4E 9D F2 BC 32 82 72 8A
D0 92 A8 CD FA EF FF F7 FF FF FF FF 74 CD 2B AC
B6 79 95 71 96 A3 D2 B5 71 6A 11 73 D1 8A B6 99
76 89 77 B9 76 B9 96 C9 B6 A1 B7 59 58 A1 AE EB
CE BB 97 99 D6 C1 98 E1 B7 C1 98 A9 B2 9A 30 83
F1 9A D1 52 D6 59 96 A9 97 C1 B6 D1 F1 C2 B7 A9
77 A1 78 91 2D DC 31 DB 97 79 B6 81 98 B1 97 E1
B7 E9 93 82 D2 8A D1 92 93 A2 96 B9 B7 A1 96 B1
97 C9 B6 B1 B7 D1 77 A1 97 99 8B D4 D3 F2 96 99
B7 E1 97 E9 97 E1 B7 D9 10 73 11 9B 14 8A D2 7A
97 A9 92 AA 14 B2 97 79 B6 61 B7 E1 77 B1 D6 D9
AA E4 35 AA B6 79 B7 F1 B7 E1 97 C9 F6 D1 92 7A
F4 89 F1 72 54 CA 96 A9 97 E9 96 A1 97 D9 B6 A9
97 D9 57 89 54 BA CA DC F6 F1 B6 69 97 91 97 A1
97 91 16 CA 30 63 11 93 F1 6A 74 B2 97 C1 B7 E1
B6 91 B7 99 B6 99 98 A9 58 99 B3 CA 4C D4 B7 E9
D6 99 B7 79 B7 D1 98 E9 74 62 B1 72 B3 AA 10 7B
15 BA 96 99 B7 E9 B6 A1 B7 D9 B6 A1 97 C9 58 89
90 AB 6C C4 B6 49 D6 C1 B7 E1 B7 E1 97 C9 93 AA
30 63 B2 62 F1 72 15 B2 96 99 B6 C1 96 B1 B7 C9
B6 99 97 51 58 A9 0D EC 6F 8B 97 51 B6 E1 98 51
B7 99 98 E9 D2 9A B2 7A F1 9A 11 5B B6 81 97 C1
97 79 96 89 B6 99 B7 81 77 B1 78 D1 6C E4 67 D5
B5 A2 D7 7A 37 A3 17 A3 38 B3 52 8B 51 73 F2 7A
32 73 96 A2 53 94 35 83 37 54 76 6B 16 84 D7 7A
77 7C 6A BD 33 75 57 6B D7 84 37 7D 17 7D 57 85
31 73 B1 5C 10 5C 72 74 77 83 97 7C 56 7B 96 54
54 7B 77 AB 57 72 76 4B EA B4 F3 A3 76 82 97 7B
B7 A3 B7 8B B7 33 74 6A D2 8B B2 7A 93 43 B7 6A
77 53 36 62 77 AB 56 92 37 A3 18 62 13 9C EA CC
96 7B B6 7A B7 6B B7 8B B8 B3 F5 93 F0 6A F1 83
50 63 B5 7B B5 8A F0 B2 97 A1 B7 A9 B6 71 97 A9
58 91 D3 B2 CA DC D6 D9 B6 71 B7 71 97 E1 97 C9
D6 41 92 7A F2 9A B1 6A 15 BA 97 B1 B7 91 96 A9
B7 D9 B6 69 97 31 58 B9 CF F3 2D B4 97 B9 B6 41
97 81 B7 99 B7 C9 93 A2 F1 6A 11 63 10 73 D6 99
96 71 97 C1 97 B1 B6 79 B6 49 97 59 58 99 AE 9B
0E 8C 97 49 B6 A9 98 C1 B7 B1 98 B9 34 B2 F1 6A
F1 82 B2 8A D6 99 97 C1 97 79 97 79 B6 B9 B6 71
77 49 57 89 8B AC 50 C3 77 C1 B6 B9 78 91 77 99
77 79 B2 7A 14 A2 52 92 11 95 B5 BC 95 71 96 79
AD A3 6F CD DF FF FF FF FF FF FF FF D6 BC 4A B4
D1 92 13 7A F3 AB F0 BD EF 72 4F 8B CF 93 93 AC
54 9A 14 AB 53 BA 54 CA D5 A2 CF 93 B0 C4 51 CD
F1 CA 34 AA 34 B2 35 AA 34 CA 35 B2 10 A3 8E 83
4F 93 4F 63 53 82 34 AA 34 C2 34 CA D6 D1 F5 99
8F AB 30 83 10 B3 D2 BA 14 92 34 BA 35 A2 35 EA
35 E2 F0 6A 2F 9B 4F 9B 11 AB 34 BA 34 C2 34 AA
34 CA F4 B1 15 B2 CD BB B2 BA 30 CB 93 E2 14 92
34 E2 35 CA 35 C2 34 AA 6E 5B 6F A3 91 9A 50 63
34 A2 09 D4 0E BB 35 C2 F5 91 15 A2 AE C3 B2 C2
30 CB 34 BA 14 82 F5 F9 13 EA AD C3 B3 BB F0 82
D2 9A 6F 83 92 B3 94 A2 34 BB 93 9A 14 BB 55 9A
53 AB CD B3 73 A3 CF BB 34 CB 73 6A 55 8B 33 8B
B1 A2 73 F2 8E 73 4F 9B 4F 7B D1 AA 14 CA 14 DA
33 92 F5 A1 13 9A 2D C3 CD BB 92 E2 10 C3 F5 F1
14 A2 14 8A F4 E1 F5 F1 B1 B2 0F 7B F0 BA 6E 8B
73 BA 14 A2 14 EA 33 AA F4 E1 D5 79 10 E3 6F B3
B2 C2 10 BB 14 62 14 CA F5 D1 F5 C1 15 BA D1 AA
8E 6B 10 5B 4F 83 73 9A 14 9A 34 BA 33 A2 15 92
F5 99 30 7B 6F CB 11 D3 F0 82 14 5A 34 DA 35 62
34 A2 35 EA 30 A3 10 83 4F 93 6F 6B 34 AA 34 D2
34 8A 34 B2 F5 B1 F5 61 AE CB 11 DB 30 B3 93 E2
F4 C9 F4 A9 F5 D1 F5 C9 D5 E1 10 B3 2F 53 F0 62
2F 93 14 C2 D5 E1 14 C2 F4 81 B5 69 D5 C1 6E CB
B1 DA 2F AB 53 6A F4 81 D4 E1 D5 F9 D5 C1 F4 E1
2F 93 AF 83 CE 6B F0 B2 F4 B9 F4 A9 13 C2 D4 61
B5 A1 34 D2 CD A3 B2 72 4F A3 73 B2 14 82 14 7A
15 FA 15 D2 35 4A B1 72 30 B3 10 8B D1 52 34 8A
14 72 33 72 15 D2 D5 99 54 DA CE A3 D2 BA 4F A3
34 92 14 A2 15 E2 15 E2 15 F2 93 DA 4E 7B 4F AB
8E 73 D2 9A 14 9A 15 92 33 8A 14 AA D5 69 D2 62
AE BB 93 AA 4F BB 34 B2 34 7A 35 7A 35 DA 35 E2
54 92 F0 92 50 93 0F 7B 93 C2 34 BA 34 9A 33 9A
15 A2 D5 81 F1 6A AE D3 F1 DA 30 93 34 C2 34 5A
35 A2 34 E2 35 DA F1 A2 4F 83 6F 8B 6E 83 73 BA
34 8A 34 AA 34 BA 14 A2 D5 49 50 93 50 AB F1 92
10 93 14 AA 34 A2 35 AA 35 B2 35 C2 B2 BA 4F 83
6F 8B 30 93 53 D2 34 C2 34 82 34 8A F5 B9 F5 91
6F A3 30 94 30 94 D2 B2 34 B2 54 D2 55 DA 54 AA
55 7A 30 7B B2 B2 F0 A2 2F 9D F3 BC 33 7A 72 8A
4A B4 72 B4 FF E7 FF F7 FF FF FF EF 19 9C EF 92
4C B4 F3 81 F4 93 CF 8D B0 72 70 63 30 83 D4 91
D4 A2 15 B4 75 B2 F1 D2 4F B5 32 A3 B2 C2 F6 BC
D5 B9 14 AA 14 BA 15 92 15 8A F6 C1 F1 AA 6F 83
30 8B 30 73 34 9A 15 C2 F5 C9 F5 81 6F CB 11 A3
D2 A2 B2 EA B6 B1 F5 99 15 72 15 8A 15 FA 15 F2
15 EA D1 72 10 93 30 9B F1 AA 15 BA 15 CA F5 B1
F5 B1 6F CB F1 B2 F1 AA 74 AA B6 B9 F5 E1 14 A2
15 D2 15 CA 15 BA 15 BA 4F 73 50 A3 72 92 30 9B
15 A2 D7 D1 D6 B1 35 BA 8E 93 6E C3 CE B3 54 AB
35 A2 F5 9A 94 7A 15 D3 15 C3 36 BB 94 C3 F0 7A
B3 92 4F 7B 73 AB 74 9A 35 AB 54 92 14 C3 CE C3
93 AB 50 9B 35 BB 55 AA 15 BB 74 72 36 8B 35 9B
15 CB 54 BB 8E 73 D0 8B 2F 73 92 7B B5 B2 15 C3
55 7A 53 93 AE AB 73 E3 B1 BB F5 92 35 9A F5 CA
74 9A B5 5A 15 C3 16 A3 72 83 F0 7A 91 A3 6F 83
34 83 74 92 F5 C2 55 92 52 D3 AF 9B 73 B3 71 7B
D6 A2 55 AA 94 62 B5 B2 15 AB 15 C3 B6 CA 31 83
8F 6B 71 63 2F 7B 34 8B 53 82 73 9A D5 A1 11 D3
30 B3 93 72 D1 C2 D6 C9 F4 79 14 62 15 DA 15 62
15 52 F6 E1 10 9B F0 82 30 93 4F 63 14 8A 15 A2
F5 71 F5 B1 50 CB 30 A3 D2 BA B2 D2 B6 C1 F5 E9
14 C2 15 72 15 CA 15 C2 16 D2 10 AB 30 5B F1 5A
10 9B 34 B2 15 C2 F4 B9 F5 41 8F 7B D2 A2 D1 C2
93 8A B5 79 15 52 14 6A 15 8A 15 EA 15 9A 55 C2
2F 93 10 83 6F 73 11 A3 15 B2 15 6A F5 B1 15 AA
AE CB F2 EA F1 AA 54 7A B6 91 F6 99 14 8A 15 6A
15 EA 15 D2 15 42 92 6A 11 BB F0 82 D2 92 15 92
15 6A F5 69 54 DA AE AB 74 B2 F1 CA 15 D2 B5 89
15 8A 14 92 15 A2 15 92 F6 F1 93 8A 2F 6B 50 AB
6E 73 B3 D2 15 9A 15 9A F5 91 73 CA AE 93 B3 72
F1 AA F5 C9 D5 C1 15 B2 14 A2 15 A2 15 A2 16 BA
35 3A D1 82 30 8B F0 72 73 CA F5 C9 15 EA D5 91
F2 9A 8F C3 73 82 F1 C2 D6 D9 D5 81 15 9A 15 72
15 AA 15 DA F6 F9 D2 AA 2F 6B 50 53 4F 83 34 72
14 9A 15 9A D5 C9 F1 B2 6F 8B B2 AA B2 72 D5 99
D5 71 14 9A 14 8A 16 EA 15 AA F6 C1 93 BA 30 73
50 83 F0 6A 34 72 15 8A F5 69 F5 91 6F DB 31 DB
B2 D2 D2 C4 96 A3 F5 83 F5 B3 55 B5 35 6A D5 91
56 62 10 7C 33 A4 31 95 AE 84 13 A5 D4 79 8F A3
0B AC 37 93 FF E7 FF FF FF F7 FF FF 19 A4 51 8A
EA BC F3 81 B5 A3 F1 B5 D0 72 70 5B 70 7B 75 8B
55 AA D5 A3 34 B2 70 D3 2C C4 B6 91 35 AB F5 BD
F5 D1 F5 C1 F5 A1 F6 81 F6 91 F6 C9 F1 AA 4F 83
30 8B 10 73 15 A2 D5 C1 34 D2 35 9A 2D DC AF B3
B6 A1 D6 A9 F5 A1 F5 99 F5 69 F6 A9 F6 F1 F6 F1
F6 D1 D1 6A 10 93 10 93 D2 AA D5 C1 F5 A9 54 B2
15 C2 2D D4 50 BB B6 99 F6 99 F5 B9 F6 E9 F5 99
F6 D1 F6 E9 F6 E9 F6 B9 4F 7B 30 9B 53 92 11 83
D5 B9 CE A3 72 9B B4 B3 8B D4 70 B4 15 83 36 6C
14 93 56 8C 35 73 56 A4 76 9C 76 94 B5 8C D1 7A
F3 82 70 73 53 94 B5 92 35 84 13 8B 14 A4 AB CC
54 AC 76 7A 16 8C 55 93 36 A4 D4 8A D3 9C 95 7C
76 94 94 94 6F 6B 70 74 30 73 13 94 16 9B F7 AB
34 7B 92 8C AB CC 36 64 16 7B 16 94 F4 8A 56 A4
14 83 D1 73 75 6C 96 6C 73 7C D0 7A 52 84 6F 7B
34 74 D5 82 55 94 F4 82 92 BC AB C4 B6 7B F5 62
36 8C 14 93 35 5B 75 93 96 AC 76 8C 12 6C CE 73
4F 7B 51 A3 10 7B D4 A2 F5 B1 54 C2 34 92 8F E3
ED BB B6 51 D6 B1 F5 B1 F4 61 F5 59 F5 B1 F6 61
F6 A9 F6 E9 11 A3 F1 72 30 73 50 6B F5 91 D6 69
34 62 15 AA EE DB CE B3 B6 99 D6 B9 F5 B9 F6 A9
F5 91 F5 59 F6 D9 F6 E1 F6 E9 11 7B 10 5B D1 5A
11 93 F5 B9 D6 D9 34 C2 15 4A 4C 94 11 B3 B6 B1
D6 91 F4 89 F5 51 F5 69 F6 91 F6 F1 F6 A1 15 BA
10 8B 10 83 6F 6B F1 AA D6 B9 F6 71 34 C2 35 D2
8B D4 11 7B B6 59 F6 71 F5 B1 F6 E9 F5 89 F6 59
F6 D1 F6 D1 F6 41 72 72 11 93 D1 72 B2 7A D6 91
F6 59 34 7A 74 EA AA BC 54 C2 B6 A1 F6 99 F4 81
F6 49 F5 61 F6 89 F6 B9 F6 F1 74 A2 2F 6B 30 9B
6F 6B 93 D2 D6 89 15 B2 34 B2 93 EA AA B4 54 6A
B6 99 F6 D9 F5 C9 F6 89 F5 99 F6 A1 F6 B1 F6 C1
15 3A B1 82 31 AB F0 72 54 C2 D6 A9 15 9A 34 92
50 9B 6B AC D6 49 B6 A9 F5 C9 F5 81 F6 79 F5 51
F6 59 F6 91 F6 B1 B2 9A 10 6B 50 5B 4F 6B 15 42
D5 99 35 6A 15 9A 50 C3 6C B4 D6 79 D5 71 F5 69
F5 A1 F5 B1 F5 91 F6 D9 F6 81 F6 B9 73 BA 10 83
30 93 F1 5A 15 5A D6 89 34 62 35 72 2D C4 AE C3
B6 91 96 62 95 82 35 92 95 A2 96 CA 36 B3 56 B3
36 6B 11 5B D3 9A 11 6B F0 9C D4 B4 D4 71 2C B4
CC AB 17 93 FF E7 FF FF FF FF FF FF 97 BC 52 82
6B B4 6D 9B D2 AB EF BD 2E 7B 8E 7B AE 93 D2 BB
72 B2 6E AB 6B DC 34 B2 13 AA 33 9A 52 BB 53 BB
73 BA 72 CA 73 A2 73 A2 73 92 73 D2 4F B3 AD 8B
8E 93 6E 7B D1 9A 92 AA 2C CC 6B A4 34 AA 53 BA
73 BA 73 D2 73 BA 73 A2 73 A2 73 A2 73 F2 73 EA
73 C2 2F 7B 6F 93 6E 93 30 AB 92 CA 73 92 6B AC
AE BB 34 A2 53 82 72 A2 73 A2 72 B2 73 AA 72 82
73 CA 73 DA 73 DA 73 B2 8E 73 AE 73 6E 83 6F 6B
B2 7A B2 9A C9 CC 8F F3 14 B2 34 E2 33 AA 33 BA
52 C2 33 D2 52 9A 13 FA 13 E2 13 DA 72 D2 2F 93
B1 7A 6E 73 D1 D2 92 BA 91 CA E9 CC B1 F2 14 A2
33 C2 52 9A 33 DA 52 C2 33 F2 52 82 33 D2 33 A2
13 DA 72 F2 AD 7B 6E A3 6E 83 4C B4 50 BB 29 E4
E8 C4 92 AA 14 AA 33 A2 52 8A 33 CA 52 BA 33 F2
52 BA 53 A2 33 BA 13 BA D0 AA 4E 83 2F BB 8E 93
B1 9A 72 AA 4F E3 A9 CC 33 E2 14 BA 33 EA 52 92
33 9A 53 A2 53 6A 53 BA 33 AA 33 9A 53 82 30 AB
AD 73 4F 7B 6E 83 D1 72 93 AA 8F A3 C9 C4 54 D2
33 B2 72 A2 73 AA 73 AA 72 82 73 9A 73 AA 73 7A
73 8A 73 B2 6F AB 4F 6B 8E 5B 8E 9B B2 D2 92 82
6B 94 4C B4 34 AA 54 7A 72 9A 73 D2 73 D2 73 BA
72 92 73 72 73 E2 73 EA 73 F2 6F 83 6E 6B 2F 6B
6F 8B B2 BA 93 B2 4B DC 0D 84 14 62 53 AA 72 B2
73 92 72 A2 73 52 72 82 73 DA 73 EA 73 8A 93 AA
6E 93 6F 8B AD 7B 4F 7B B2 8A B2 B2 E9 CC 6F A3
14 82 54 5A 72 62 73 6A 72 92 73 C2 72 92 73 8A
73 D2 73 BA 73 52 D0 7A 6F 6B 2F 73 30 AB B2 9A
93 5A C9 B4 10 E3 14 8A 73 92 72 A2 73 BA 72 7A
73 5A 72 82 73 C2 73 EA 73 DA F1 72 8D 73 8E B3
AD 7B 10 CB B2 9A 11 C3 09 CD B2 72 14 6A 73 72
72 A2 73 A2 73 A2 73 AA 72 8A 73 8A 73 EA 73 C2
93 5A 2F 93 8F 9B 4E 7B F1 A2 B2 82 11 63 E9 CC
73 C2 33 7A 73 52 72 B2 73 D2 72 92 73 92 73 5A
73 4A 73 BA 73 CA 30 7B 6E 83 AE 93 AD 73 D2 8A
92 AA CE 8B 8A BC 34 C2 33 62 73 5A 72 82 72 92
73 92 73 BA 73 6A 73 B2 73 6A 73 B2 D1 A2 6E 6B
8E 73 4F 7B D1 A2 93 8A ED 93 6B A4 34 AA 53 92
72 8A 53 5A 53 92 53 92 53 8A 13 DA 73 72 B3 92
93 A2 4F 83 B1 9A CF 6A 6E AD D2 BC CF 92 28 C5
90 8A 95 A3 FF FF FF FF FF FF FF FF 58 B4 F3 79
6F A3 2A AC D3 A3 B0 B5 CF 72 6F 63 10 8B 70 DB
EB D4 D4 AB 73 BA 74 C2 54 AB 34 A3 54 AA 14 B3
14 BA 14 C2 14 BA 15 B2 35 92 15 F2 10 AB 8E 83
50 8B F0 7A 0D CC 0D B4 54 A2 53 8A 34 BA 34 AA
14 AA 15 AA 14 AA 14 C2 14 8A 14 72 15 E2 15 EA
35 EA F1 8A 30 73 10 63 F0 AA 4C D4 AC AC 11 7B
34 9A 34 AA 14 A2 14 92 14 B2 14 B2 15 AA 14 92
15 E2 15 CA 15 CA 15 A2 6F 73 6F 5B 2F 6B 10 63
6B 94 50 BB 53 82 54 DA 14 BA 92 E2 92 9A 75 AA
54 BA 75 CA 54 9A 75 D2 75 CA 75 C2 D4 CA F0 8A
92 6A 30 63 F2 C2 6B CC 71 D3 73 A2 94 C2 53 A2
75 A2 34 8A 75 D2 54 B2 75 D2 34 6A 75 AA 75 B2
75 BA D3 D2 8E 73 8F 93 F0 7A 0B A5 CA B5 8A CC
92 92 95 B2 54 AA 75 B2 54 7A 75 BA 54 B2 75 DA
54 BA 75 CA 95 CA 75 B2 12 9B 0F 7B 31 9B 30 7B
51 83 AB CC D3 AA 93 9A 74 D2 54 B2 75 D2 54 8A
75 8A 72 92 53 82 14 B2 15 92 35 6A 15 62 D2 AA
8E 63 11 5B F0 6A AE 73 4C BC 34 8A 53 7A 14 9A
14 AA 14 B2 14 92 14 62 13 92 14 A2 14 AA 15 A2
15 7A 15 9A 30 AB 10 63 50 5B 10 73 8F D3 2C BC
54 5A 53 9A 14 BA 14 82 14 92 14 C2 14 C2 15 BA
14 9A 14 5A 15 C2 15 C2 F6 D1 30 6B 4F 7B F1 72
F1 72 0D C4 8F D3 54 AA 53 52 34 5A 34 9A 14 B2
15 9A 14 9A 15 4A 14 6A 15 C2 15 C2 15 92 54 BA
4F 83 30 8B 6F 83 F1 4A 2C 94 8F E3 53 9A 54 72
34 72 35 92 14 7A 15 4A 14 5A 15 72 14 92 15 AA
15 CA 15 BA 35 42 91 7A 30 5B D1 6A F1 BA 6B CC
D2 5A 53 7A 34 DA 33 8A 15 62 14 9A 15 DA 14 7A
15 5A 14 7A 15 B2 35 C2 15 BA 93 52 4F 73 50 9B
4F 73 11 B3 6B C4 73 CA 73 9A 34 42 34 6A 15 AA
14 A2 15 7A 14 AA 15 A2 14 6A 15 8A 15 E2 15 92
54 62 F0 82 50 63 B1 6A 50 9B 6B AC 54 4A 73 B2
34 E2 33 72 14 4A 14 AA 14 B2 14 BA 15 9A 14 4A
15 52 35 E2 15 D2 F1 6A 4F 7B 6F 83 30 6B 70 CB
0D B4 34 5A 73 8A 34 C2 34 72 14 6A 14 6A 14 9A
14 82 14 A2 14 5A 15 BA 35 82 15 CA 92 9A 4F 63
4F 5B D1 7A ED D3 0D AC 54 62 53 72 34 A2 34 AA
14 8A 34 92 74 A2 94 82 14 72 F5 E2 D5 7A 15 62
15 C2 F0 A2 32 83 50 63 10 A5 B4 B4 AC A3 2C B4
13 7A 76 A3 FF FF FF F7 FF FF FF EF D6 AC B0 8A
F0 92 0A AC 2D BD 6F AD 2E 7B 8B 94 E9 BC 30 D3
F0 B4 11 C5 31 BB 31 CB F1 B4 D1 BC 31 A3 F1 BD
D1 DA D1 C2 D1 CA D2 DA D1 B2 D2 E2 8E AB CD 8B
6B A4 A9 B4 10 AB 10 AB B1 BA D1 AA D1 BA D1 CA
D1 AA D1 92 D1 AA D1 D2 D1 82 D1 AA D2 D2 D2 D2
D2 EA 6E AB 8E 73 6B 8C C8 D4 CC BB 6D BC EC AB
F1 C2 F0 AA 11 D3 F0 9A 11 C3 F1 B2 31 CB F0 B2
11 D3 32 CB 32 CB 31 93 ED 9B ED 6B C9 9C 6B 8C
30 83 31 D3 D1 82 31 A3 F1 AA 6A CC 8D 9C D1 84
B0 A3 F1 94 F1 7B F1 8C 12 9D 12 95 50 9D 6E 8B
AF 83 28 A5 2E A5 B0 9B F1 A4 71 9B 91 8C B0 9B
F1 9C 70 93 D1 9C F1 9B D1 9C 90 8B 32 8D 11 B5
12 8D 30 85 EC 83 0D 85 E8 AC CF A4 11 94 93 9C
91 93 F1 A4 B0 9B F1 94 11 94 B1 9C B0 9B F1 A4
F1 9B 32 A5 11 AD 12 95 EF 8C 6E 83 6D 8D 28 AD
D0 94 D0 A3 B1 9C 71 93 71 A4 F1 93 91 84 D0 7B
B1 84 EC 8B CD 93 F1 C2 12 E3 11 83 12 6B AF AB
CD 73 2C 84 C9 9C 50 93 30 AB F1 AA D1 72 11 5B
F1 B2 F1 AA F1 8A F1 72 F0 8A 11 7B 11 AB 32 9B
31 6B 32 A3 CD AB 6E 73 AB 8C C9 9C 31 B3 30 A3
F1 6A F1 AA 11 BB 11 A3 11 C3 11 93 11 AB 11 9B
11 A3 11 63 32 83 51 83 4F 9B AD 73 8E 8B 6B 9C
6A 94 10 A3 F1 E2 B1 B2 D1 62 D1 7A D1 AA D0 C2
D1 8A D0 9A D1 6A D1 72 D1 7A D2 72 D2 AA 11 D3
AD 73 AE B3 E8 C4 2C 7C 10 73 11 C3 B1 B2 D1 7A
D0 7A D1 F2 D1 B2 D1 62 D1 72 D1 6A D0 92 D1 C2
D2 BA D2 B2 F1 62 0F 83 AE 73 C9 A4 CD B3 10 A3
F1 6A B1 92 D1 CA D0 82 D1 62 D0 92 D1 D2 D0 9A
D1 82 D1 72 D2 82 D1 92 D2 CA 50 6B AD 83 ED 73
28 AD AE 83 10 A3 F1 DA B1 92 D1 62 D0 8A D1 CA
D0 AA D1 A2 D1 AA D1 82 D0 6A D2 8A D1 DA D2 92
F1 5A 4E 83 2C 7C C8 AC 4F 9B 10 8B D1 62 B1 B2
D1 F2 D0 82 D1 6A D1 9A D1 A2 D1 BA D1 8A D1 62
D2 7A D1 DA D2 9A 6F 73 8D 7B 4B 74 E8 AC 10 9B
10 7B D1 5A D1 9A D1 C2 D1 82 D1 82 D1 72 D1 8A
D1 AA D1 BA D1 6A D2 6A D1 AA D2 D2 2F 93 8D 7B
8A 8C 8A B4 10 B3 10 83 D1 72 D1 7A D1 82 D1 C2
D1 A2 D1 D2 71 C3 91 94 11 7B F1 C5 32 B6 51 63
F2 92 6E 8B 30 8C 2B A5 CA BD 70 BD 2A AC 0F 9B
B0 8A F3 AB FF F7 FF D7 DF F7 BF F7 77 AC 71 8A
92 8A CC A3 8C CD 6F B6 AB 83 2C 8C 6A AC 32 C2
D2 AB B3 CC D2 82 52 A2 52 B2 F3 99 92 BA 33 B5
53 CA 52 AA 52 B2 33 F2 33 C2 33 AA 8E AB 0B 9C
EC AB 4A A4 52 72 53 9A 52 B2 53 C2 52 B2 53 C2
53 CA 53 DA 52 B2 53 BA 52 AA 53 AA 33 AA 33 AA
33 B2 8D AB AD 8B 0C AC EB C3 90 C2 54 AA 53 92
92 CA 92 B2 93 CA 92 8A 93 C2 92 B2 93 CA 92 A2
93 8A 93 92 93 CA B3 9A 2B A4 EC 73 6A 84 0C BC
73 B2 93 B2 92 8A 93 CA 92 B2 74 DA 53 B2 73 A2
72 B2 73 CA 72 9A 73 D2 73 B2 53 AA B2 AA CC 9B
0B 74 A8 8C 30 D3 53 AA 73 C2 72 9A 73 AA 72 B2
73 B2 72 92 73 B2 72 C2 73 9A 72 8A 53 C2 73 C2
53 BA B2 D2 4A 94 AD 83 89 A4 4F AB 53 A2 73 9A
72 92 73 BA 72 A2 73 A2 72 8A 73 C2 72 A2 73 D2
73 92 72 8A E9 C4 52 8C 8E 8C 0B 94 8E 6D C9 9C
31 8C 13 9B 13 A4 12 8B D3 A3 72 93 F3 7B 52 73
F3 5B B3 63 D3 5B 92 83 73 8C 73 64 73 4C AF 5C
6B 84 AD 6C 8A 94 32 5C 93 5B F3 63 72 73 13 54
92 93 92 73 B2 5B D3 63 0E 7B 4F 63 93 7A 93 5A
93 42 93 6A CD 9B CC 7B 2C 74 6A 84 73 7A 93 5A
92 5A 92 62 92 5A 93 6A 92 6A 93 92 92 8A 93 82
92 7A 93 52 93 52 F1 52 4D 7B AD 73 AD 73 CC 7B
0B 7C 53 4A 33 B2 52 AA 53 52 52 7A 53 72 52 92
33 52 72 72 53 52 52 6A 33 4A 33 42 33 62 53 62
0B 7C AD 8B 8A 94 CD 6B 53 62 33 5A 52 72 53 52
52 72 33 6A 52 6A 33 52 52 6A 33 4A 52 6A 33 4A
33 6A 33 42 33 4A 8E 8B 8E 63 4A 9C 4E 5B 53 62
33 4A 72 82 33 6A 72 72 53 5A 52 72 33 5A 72 72
33 4A 52 6A 33 42 33 5A 33 6A B1 4A 2B 94 AD 63
A9 94 10 5B 53 6A 33 5A 52 6A 33 52 52 72 33 72
52 82 33 72 52 5A 33 52 52 72 33 42 33 92 33 62
72 52 CC 8B AD 6B 6A 9C B1 52 53 62 53 4A 52 A2
33 B2 52 72 53 5A 52 62 53 6A 52 62 53 52 52 62
33 4A 33 5A 33 42 2F 63 0B 8C CC 6B 89 94 72 52
53 6A 53 4A 52 72 52 7A 52 62 53 5A 52 6A 52 62
52 62 52 7A 52 62 33 42 33 5A 33 6A 0F 63 EC 83
0B 7C 2B 84 53 4A 33 52 52 62 53 5A 52 5A 52 5A
52 62 73 4A 32 73 F3 9C F2 8B D3 94 33 95 93 52
33 3A 8D 73 2F 94 8C 84 AB B5 CF C5 4A B4 B1 92
71 8A B4 AB BF FF BF E7 7F F6 9F FE 78 B3 D4 79
96 79 F4 81 CE C4 12 E6 CD BC 53 BD D3 93 35 CD
B5 B3 B6 DD F5 B3 76 C4 36 C4 D6 CC 35 BC 36 D5
F6 D4 35 BC 56 C4 97 F6 16 EE 57 F6 B1 DD AD CD
73 AC F3 9B 15 D5 36 BC B6 CC D6 D4 B6 CC B6 CC
D6 CC 56 DD 56 BC 36 DD 96 CC 56 DD 77 F6 36 F6
77 F6 30 C5 4F C5 54 A4 B4 B4 F6 BB D6 CC 35 BC
96 CC 95 B3 56 E5 95 B3 16 DD 15 C4 96 ED 35 A3
76 E5 57 F6 16 F6 57 F6 6E CD 0F DE 93 8B 13 BD
15 BC 36 DD D5 B3 96 E5 D5 B3 96 E5 55 BC D6 E5
95 B3 D6 ED 15 BC F6 ED 36 F6 37 F6 56 F6 AC BC
B2 D5 73 8B 95 D5 35 AB B6 E5 35 A3 36 DD 75 AB
D6 ED 15 A3 96 E5 15 BC B6 E5 55 A3 57 F6 36 EE
37 F6 35 F6 4C C5 F1 D5 F3 7A 94 D5 36 C4 B6 E5
55 AB F6 ED 95 AB D6 ED 36 BC 76 E5 95 AB B6 E5
F5 BB 76 F6 56 F6 57 EE 33 E6 AC BC 74 CD 92 8B
B5 DD 95 AB D6 E5 55 A3 56 D5 35 BC 76 DD D5 B3
96 E5 D6 CC 16 D5 35 BC B7 EE 36 EE 57 F6 13 E6
6C CD 34 BD 33 83 B5 D5 76 C4 F6 D4 F5 B3 56 D5
15 BC 56 C4 76 C4 96 C4 75 C4 F6 D4 B6 CC 77 F6
16 EE 57 F6 90 D5 2E C5 B4 AC 52 9C D6 CC 96 CC
D6 CC 56 C4 76 CC F6 D4 76 C4 D6 D4 B6 CC 76 E5
15 BC 16 D5 57 F6 17 EE 38 EE B0 D5 CE D5 D4 9B
13 A4 B5 CC 36 D5 B5 B3 16 D5 F5 B3 D6 CC 75 AB
96 DD 55 AB 56 DD 15 BC B6 E5 57 F6 37 EE 76 EE
2D C5 D0 CD F3 8B 33 BD 16 BC 96 DD F5 B3 56 DD
B5 B3 D6 E5 D5 B3 B6 E5 35 BC D6 E5 95 AB F6 ED
57 EE 37 F6 57 F6 AE BC F1 D5 B4 7A 34 C5 16 BC
D6 E5 15 A3 D6 E5 35 A3 56 DD 75 AB D6 E5 35 A3
B6 E5 F5 B3 77 F6 36 EE 37 EE 55 EE 0C BD D2 D5
92 83 B5 D5 95 B3 F6 E5 B5 B3 76 DD 75 AB F6 E5
95 AB D6 E5 56 C4 76 DD 75 AB 77 F6 36 EE 57 EE
F5 E5 ED C4 93 C5 B3 7A 95 D5 36 C4 96 DD 95 AB
96 DD 75 AB 16 D5 36 C4 36 D5 F5 BB 56 DD 96 C4
77 F6 36 EE 57 F6 12 E6 0D BD 73 BD D2 8B 35 D5
D5 B3 96 E5 96 C4 B6 C4 35 BC F6 D4 36 BC 15 BC
B6 CC 56 BC 36 BC 97 F6 16 EE 57 EE 71 D5 8D CD
93 A4 B3 93 35 D5 16 D5 96 CC D6 CC 96 CC 96 C4
76 C4 36 DD 56 C4 16 D5 B6 CC 56 DD 57 F6 16 EE
77 F6 6F CD 90 D5 B4 AC 74 AC B1 DD EF 92 77 71
B4 79 F7 9A 5F FE 3F FE 3F FE BF FE 1F 92 1F 40
79 79 28 C5 63 DE 65 DE 43 DE 46 DE C6 D5 06 DE
A6 CD 06 DE A6 D5 E6 D5 C6 D5 E6 D5 C6 D5 06 DE
06 DE C6 D5 C6 D5 86 E6 66 E6 66 E6 64 DE 63 DE
06 D6 E6 D5 06 DE C6 D5 E6 D5 06 D6 E6 D5 E6 D5
06 DE 26 DE C6 D5 06 DE E6 D5 26 DE 66 E6 66 E6
66 E6 44 DE 44 DE E6 D5 06 DE C6 D5 06 D6 C6 D5
E6 D5 A6 CD 26 DE A6 CD 06 DE C6 D5 46 DE 86 CD
26 DE 66 E6 66 E6 66 E6 43 DE 64 DE C6 D5 26 DE
C6 D5 26 DE A6 CD 46 DE A6 D5 26 DE C6 D5 46 DE
A6 CD 46 DE C6 D5 46 E6 66 E6 66 E6 66 E6 23 DE
65 E6 C6 D5 46 DE 86 CD 46 DE 86 CD 26 DE 86 CD
46 DE 86 CD 46 DE C6 D5 46 DE 86 CD 66 E6 66 E6
66 E6 66 E6 42 DE 65 DE A6 CD 46 DE C6 D5 46 DE
86 CD 46 DE A6 CD 46 DE C6 D5 26 DE A6 CD 46 DE
C6 D5 66 E6 46 E6 46 E6 65 E6 22 DE 46 DE C6 D5
26 DE 86 CD 26 DE 86 CD 06 DE C6 D5 26 DE A6 D5
26 DE E6 D5 06 DE C6 D5 66 E6 46 E6 46 E6 65 E6
42 DE 26 DE A6 CD 26 DE C6 D5 06 DE A6 D5 06 DE
C6 D5 C6 D5 C6 D5 E6 D5 C6 D5 06 DE E6 D5 86 E6
66 E6 66 E6 64 DE 43 DE 06 DE 06 DE 06 DE E6 D5
06 D6 C6 D5 E6 D5 06 DE E6 D5 06 DE E6 D5 26 DE
C6 D5 06 DE 66 E6 66 E6 66 E6 44 DE 63 DE C6 D5
E6 D5 E6 D5 06 DE A6 CD 06 DE A6 D5 06 DE 86 CD
26 DE 86 CD 26 DE C6 D5 46 DE 66 E6 66 E6 66 E6
43 DE 64 DE E6 D5 26 DE C6 D5 26 DE A6 D5 26 DE
A6 CD 46 E6 A6 D5 46 DE C6 D5 46 DE 86 CD 46 E6
66 E6 66 E6 66 E6 23 DE 65 E6 86 CD 26 DE C6 D5
46 DE 86 CD 46 E6 86 CD 26 DE 86 CD 46 E6 86 CD
26 DE A6 D5 66 E6 66 E6 66 E6 66 E6 42 DE 65 E6
C6 D5 46 DE 86 CD 46 E6 A6 CD 26 DE 86 CD 46 E6
A6 CD 46 E6 C6 D5 26 DE 86 CD 66 E6 66 E6 66 E6
46 E6 42 DE 46 DE 86 CD 26 DE C6 D5 26 DE A6 CD
26 DE 86 CD 06 DE C6 D5 06 DE A6 D5 26 DE E6 D5
66 E6 66 E6 66 E6 65 E6 43 DE 46 DE E6 D5 26 DE
A6 CD 26 DE E6 D5 E6 DD C6 D5 06 DE C6 D5 C6 D5
E6 D5 C6 D5 C6 D5 86 E6 66 E6 66 E6 44 DE 63 DE
06 DE C6 D5 06 DE 06 DE E6 D5 E6 D5 E6 D5 E6 D5
C6 D5 06 DE C6 D5 06 DE E6 D5 26 DE 66 E6 66 E6
66 E6 44 DE 44 DE 06 DE E6 D5 64 DE 04 D6 75 8A
1F 50 DF 78 5F FE 1F FE DF FF DF FF 5B A3 AB A3
C0 E6 A0 DE 40 D6 40 D6 40 D6 40 D6 60 DE 40 D6
60 DE 40 D6 60 DE 60 DE 60 DE 60 D6 60 DE 60 D6
60 D6 60 DE 60 DE 40 D6 40 D6 40 D6 40 D6 40 D6
60 D6 60 DE 40 D6 60 DE 60 D6 60 D6 60 D6 60 D6
60 D6 40 D6 60 DE 40 D6 60 DE 40 D6 40 D6 40 D6
40 D6 40 D6 40 D6 60 DE 40 D6 60 DE 60 D6 60 DE
60 DE 60 DE 40 D6 60 DE 40 D6 60 DE 40 D6 60 DE
40 D6 40 D6 40 D6 40 D6 40 D6 40 D6 60 DE 40 D6
60 DE 40 D6 60 DE 40 D6 60 DE 40 D6 60 DE 40 D6
60 DE 40 D6 60 DE 40 D6 40 D6 40 D6 40 D6 40 D6
40 D6 60 DE 40 D6 60 DE 40 D6 60 DE 40 D6 60 DE
40 D6 60 DE 40 D6 60 DE 40 D6 60 DE 40 D6 40 D6
40 D6 40 D6 40 D6 40 D6 60 DE 40 D6 60 DE 40 D6
60 DE 40 D6 60 DE 40 D6 60 DE 40 D6 60 DE 40 D6
60 DE 40 D6 40 D6 40 D6 40 D6 40 D6 40 D6 60 DE
40 D6 60 DE 40 D6 60 DE 40 D6 60 DE 40 D6 60 DE
40 D6 60 D6 60 D6 60 DE 40 D6 40 D6 40 D6 40 D6
40 D6 40 D6 60 DE 40 D6 60 DE 60 D6 60 DE 40 D6
60 DE 60 DE 60 DE 60 DE 60 DE 40 D6 60 D6 40 D6
40 D6 40 D6 40 D6 40 D6 40 D6 60 D6 60 D6 60 D6
60 D6 60 DE 60 D6 40 D6 60 DE 60 D6 60 D6 40 D6
60 DE 40 D6 40 D6 40 D6 40 D6 40 D6 40 D6 60 DE
60 DE 60 D6 40 D6 60 DE 40 D6 60 DE 60 D6 60 DE
40 D6 60 DE 40 D6 60 DE 40 D6 40 D6 40 D6 40 D6
40 D6 40 D6 60 DE 40 D6 60 DE 40 D6 60 DE 40 D6
60 DE 40 D6 60 DE 40 D6 60 DE 40 D6 60 DE 40 D6
40 D6 40 D6 40 D6 40 D6 40 D6 80 DE 40 D6 60 DE
40 D6 60 DE 40 D6 60 DE 40 D6 60 DE 40 D6 60 DE
40 D6 60 DE 40 D6 40 D6 40 D6 40 D6 40 D6 40 D6
60 DE 40 D6 60 DE 40 D6 60 DE 40 D6 60 DE 40 D6
60 DE 40 D6 60 DE 40 D6 60 DE 40 D6 40 D6 40 D6
40 D6 40 D6 40 D6 60 DE 40 D6 60 DE 40 D6 60 DE
40 D6 60 DE 40 D6 60 DE 40 D6 60 DE 40 D6 60 D6
40 D6 40 D6 40 D6 40 D6 40 D6 40 D6 60 DE 40 D6
60 DE 40 D6 60 DE 60 D6 60 DE 40 D6 60 DE 60 DE
60 D6 60 DE 60 DE 40 D6 40 D6 40 D6 40 D6 40 D6
60 D6 60 DE 40 D6 40 D6 60 D6 60 D6 60 D6 60 DE
60 DE 40 D6 60 DE 40 D6 60 D6 40 D6 40 D6 40 D6
40 D6 40 D6 40 D6 60 D6 60 DE 40 D6 60 DE 00 E7
44 C5 D7 9A FF FE FF FE FF FF FF FF 6D F7 26 EF
C9 E6 C9 E6 E9 E6 E9 E6 C9 E6 C9 E6 C9 E6 C9 E6
C9 E6 C9 E6 C9 E6 C9 E6 C9 E6 C9 E6 C9 E6 C9 E6
CA E6 C6 E6 C6 E6 CA E6 C9 E6 C9 E6 C9 E6 E9 E6
C9 E6 C9 E6 C9 E6 C9 E6 C9 E6 C9 E6 C9 E6 C9 E6
C9 E6 C9 E6 C9 E6 C9 E6 C5 E6 C7 E6 CA E6 C9 E6
C9 E6 C9 E6 C9 E6 C9 E6 C9 E6 C9 E6 C9 E6 C9 E6
C9 E6 C9 E6 C9 E6 C9 E6 C9 E6 C9 E6 C9 E6 C5 E6
C7 E6 CA E6 C9 E6 C9 E6 C9 E6 C9 E6 C9 E6 C9 E6
C9 E6 C9 E6 C9 E6 C9 E6 C9 E6 C9 E6 C9 E6 C9 E6
C9 E6 C8 E6 C5 E6 C8 E6 C9 E6 C9 E6 C9 E6 C9 E6
C9 E6 C9 E6 C9 E6 C9 E6 C9 E6 C9 E6 E9 E6 C9 E6
C9 E6 C9 E6 C9 E6 C9 E6 C8 E6 C5 E6 C9 E6 C9 E6
C9 E6 C9 E6 C9 E6 C9 E6 C9 E6 C9 E6 C9 E6 C9 E6
C9 E6 C9 E6 C9 E6 E9 E6 C9 E6 C9 E6 C9 E6 C7 E6
C5 E6 C9 E6 C9 E6 C9 E6 C9 E6 C9 E6 C9 E6 C9 E6
C9 E6 C9 E6 C9 E6 C9 E6 C9 E6 C9 E6 C9 E6 C9 E6
E9 E6 CA E6 C7 E6 C5 E6 C9 E6 C9 E6 C9 E6 C9 E6
C9 E6 C9 E6 C9 E6 C9 E6 C9 E6 C9 E6 C9 E6 C9 E6
C9 E6 C9 E6 C9 E6 C9 E6 CA E6 E6 E6 C6 E6 CA E6
C9 E6 C9 E6 C9 E6 C9 E6 C9 E6 C9 E6 C9 E6 C9 E6
C9 E6 C9 E6 C9 E6 C9 E6 C9 E6 C9 E6 C9 E6 C9 E6
C5 E6 C7 E6 EA E6 C9 E6 C9 E6 C9 E6 C9 E6 C9 E6
C9 E6 C9 E6 C9 E6 C9 E6 C9 E6 C9 E6 C9 E6 C9 E6
C9 E6 C9 E6 C9 E6 C5 E6 C8 E6 C9 E6 C9 E6 E9 E6
C9 E6 C9 E6 C9 E6 C9 E6 C9 E6 C9 E6 C9 E6 C9 E6
C9 E6 C9 E6 C9 E6 C9 E6 C9 E6 C9 E6 C5 E6 C9 E6
C9 E6 C9 E6 C9 E6 C9 E6 E9 E6 C9 E6 C9 E6 C9 E6
C9 E6 C9 E6 C9 E6 C9 E6 C9 E6 C9 E6 C9 E6 C9 E6
C8 E6 C5 E6 C9 E6 C9 E6 C9 E6 C9 E6 C9 E6 C9 E6
C9 E6 E9 E6 C9 E6 C9 E6 C9 E6 C9 E6 C9 E6 C9 E6
C9 E6 C9 E6 C9 E6 C7 E6 C6 E6 C9 E6 C9 E6 C9 E6
C9 E6 C9 E6 C9 E6 C9 E6 C9 E6 C9 E6 E9 E6 C9 E6
C9 E6 C9 E6 C9 E6 C9 E6 C9 E6 CA E6 C6 E6 C6 E6
C9 E6 C9 E6 C9 E6 C9 E6 C9 E6 C9 E6 C9 E6 C9 E6
C9 E6 C9 E6 C9 E6 E9 E6 C9 E6 C9 E6 C9 E6 C9 E6
CA E6 C6 E6 C7 E6 CA E6 C9 E6 C9 E6 C9 E6 C9 E6
C9 E6 C9 E6 C9 E6 C9 E6 C9 E6 C9 E6 C9 E6 C9 E6
E9 E6 C9 E6 C9 E6 C9 E6 C5 E6 C7 E6 CA E6 C9 E6
C9 E6 C9 E6 C9 E6 C9 E6 C9 E6 C9 E6 C9 E6 A9 E6
07 EF 65 F7 FB FF FF FF FF FF FF FF FF FF FF FF
FF FF FF FF FF FF FF FF FF FF FF FF FF FF FF FF
FF FF FF FF FF FF FF FF FF FF FF FF FF FF FF FF
FF FF FF FF FF FF FF FF FF FF FF FF FF FF FF FF
FF FF FF FF FF FF FF FF FF FF FF FF FF FF FF FF
FF FF FF FF FF FF FF FF FF FF FF FF FF FF FF FF
FF FF FF FF FF FF FF FF FF FF FF FF FF FF FF FF
FF FF FF FF FF FF FF FF FF FF FF FF FF FF FF FF
FF FF FF FF FF FF FF FF FF FF FF FF FF FF FF FF
FF FF FF FF FF FF FF FF FF FF FF FF FF FF FF FF
FF FF FF FF FF FF FF FF FF FF FF FF FF FF FF FF
FF FF FF FF FF FF FF FF FF FF FF FF FF FF FF FF
FF FF FF FF FF FF FF FF FF FF FF FF FF FF FF FF
FF FF FF FF FF FF FF FF FF FF FF FF FF FF FF FF
FF FF FF FF FF FF FF FF FF FF FF FF FF FF FF FF
FF FF FF FF FF FF FF FF FF FF FF FF FF FF FF FF
FF FF FF FF FF FF FF FF FF FF FF FF FF FF FF FF
DF FF FF FF FF FF FF FF FF FF FF FF FF FF FF FF
FF FF FF FF FF FF FF FF FF FF FF FF FF FF FF FF
FF FF FF FF FF FF FF FF FF FF DF FF FF FF FF FF
FF FF FF FF FF FF FF FF FF FF FF FF FF FF FF FF
FF FF FF FF FF FF FF FF FF FF FF FF FF FF FF FF
FF FF FF FF DF FF FF FF FF FF FF FF FF FF FF FF
FF FF FF FF FF FF FF FF FF FF FF FF FF FF FF FF
FF FF FF FF FF FF FF FF FF FF FF FF FF FF FF FF
FF FF FF FF FF FF FF FF FF FF FF FF FF FF FF FF
FF FF FF FF FF FF FF FF FF FF FF FF FF FF FF FF
FF FF FF FF FF FF FF FF DF FF FF FF FF FF FF FF
FF FF FF FF FF FF FF FF FF FF FF FF FF FF FF FF
FF FF FF FF FF FF FF FF FF FF FF FF FF FF FF FF
FF FF DF FF FF FF FF FF FF FF FF FF FF FF FF FF
FF FF FF FF FF FF FF FF FF FF FF FF FF FF FF FF
FF FF FF FF FF FF FF FF FF FF FF FF DF FF FF FF
FF FF FF FF FF FF FF FF FF FF FF FF FF FF FF FF
FF FF FF FF FF FF FF FF FF FF FF FF FF FF FF FF
FF FF FF FF FF FF DF FF FF FF FF FF FF FF FF FF
FF FF FF FF FF FF FF FF FF FF FF FF FF FF FF FF
FF FF FF FF FF FF FF FF FF FF FF FF FF FF FF FF
DF FF FF FF FF FF FF FF FF FF FF FF FF FF FF FF
FF FF FF FF FF FF FF FF FF FF FF FF FF FF FF FF
FF FF FF FF FF FF FF FF 4B 80 4F 3C 0A 3D 3D 3D
3D 3D 3D 3D 3D 3D 3D 3D 3D 3D 3D 3D 3D 20 45 4D
42 45 44 44 45 44 20 42 49 4E 41 52 59 20 44 55
4D 50 20 3D 3D 3D 3D 3D 3D 3D 3D 3D 3D 3D 3D 3D
3D 3D 3D 0A 00 00 00 00 53 74 61 72 74 20 46 6C
61 73 68 20 41 64 64 72 20 3A 20 30 78 00 00 00
0A 00 00 00 45 6E 64 20 46 6C 61 73 68 20 41 64
64 72 20 20 20 3A 20 30 78 00 00 00 54 6F 74 61
6C 20 53 69 7A 65 20 20 20 20 20 20 20 3A 20 00
20 62 79 74 65 73 0A 00 2D 2D 2D 2D 2D 2D 2D 2D
2D 2D 2D 2D 2D 2D 2D 2D 2D 2D 2D 2D 2D 2D 2D 2D
2D 2D 2D 2D 2D 2D 2D 2D 2D 2D 2D 2D 2D 2D 2D 2D
2D 2D 2D 2D 2D 2D 2D 2D 2D 2D 2D 2D 2D 2D 0A 00
30 78 00 00 3A 20 00 00 20 00 00 00 20 20 20 00
0A 20 20 20 20 20 41 53 43 49 49 3A 20 00 00 00
5C 30 00 00 5C 6E 00 00 5C 72 00 00 5C 74 00 00
5C 62 00 00 5C 66 00 00 5C 76 00 00 5C 78 00 00
00 00 00 00 3D 3D 3D 3D 3D 3D 3D 3D 3D 3D 3D 3D
3D 3D 3D 3D 3D 3D 3D 3D 3D 3D 3D 3D 3D 3D 3D 3D
3D 3D 3D 3D 3D 3D 3D 3D 3D 3D 3D 3D 3D 3D 3D 3D
3D 3D 3D 3D 3D 3D 3D 3D 3D 3D 0A 0A 00 00 00 00
0A 49 4D 41 47 45 20 53 41 4D 50 4C 45 20 54 45
53 54 0A 00 4F 66 66 73 65 74 20 30 78 00 00 00
48 65 6C 6C 6F 20 57 6F 72 6C 64 20 21 21 0A 00
00 00 00 00 00 00 00 00 00 00 00 00 00 00 00 00
00 00 00 00 00 00 00 00 00 00 00 00 00 00 00 00
00 00 00 00 00 00 00 00 00 00 00 00 00 00 00 00
00 00 00 00 00 00 00 00 00 00 00 00 00 00 00 00
00 00 00 00 00 00 00 00 00 00 00 00 00 00 00 00
@10026B00
10 00 00 00 00 00 00 00 03 7A 52 00 01 7C 01 01
1B 0C 02 00 24 00 00 00 18 00 00 00 F8 95 FD FF
24 00 00 00 00 44 0E 10 48 81 01 88 02 44 0C 08
00 48 C1 44 C8 0C 02 10 44 0E 00 00 24 00 00 00
40 00 00 00 F4 95 FD FF 24 00 00 00 00 44 0E 10
48 81 01 88 02 44 0C 08 00 48 C1 44 C8 0C 02 10
44 0E 00 00 24 00 00 00 68 00 00 00 F0 95 FD FF
30 00 00 00 00 44 0E 20 48 81 01 88 02 44 0C 08
00 54 C1 44 C8 0C 02 20 44 0E 00 00 24 00 00 00
90 00 00 00 F8 95 FD FF 78 00 00 00 00 44 0E 10
48 81 01 88 02 44 0C 08 00 02 5C C1 44 C8 0C 02
10 44 0E 00 24 00 00 00 B8 00 00 00 48 96 FD FF
24 00 00 00 00 44 0E 10 48 81 01 88 02 44 0C 08
00 48 C1 44 C8 0C 02 10 44 0E 00 00 24 00 00 00
E0 00 00 00 44 96 FD FF 24 00 00 00 00 44 0E 10
48 81 01 88 02 44 0C 08 00 48 C1 44 C8 0C 02 10
44 0E 00 00 24 00 00 00 08 01 00 00 40 96 FD FF
88 00 00 00 00 44 0E 20 48 81 01 88 02 44 0C 08
00 02 6C C1 44 C8 0C 02 20 44 0E 00 24 00 00 00
30 01 00 00 A0 96 FD FF 54 00 00 00 00 44 0E 20
48 81 01 88 02 44 0C 08 00 78 C1 44 C8 0C 02 20
44 0E 00 00 24 00 00 00 58 01 00 00 CC 96 FD FF
C8 00 00 00 00 44 0E 30 48 81 01 88 02 44 0C 08
00 02 AC C1 44 C8 0C 02 30 44 0E 00 24 00 00 00
80 01 00 00 6C 97 FD FF E0 00 00 00 00 44 0E 30
48 81 01 88 02 44 0C 08 00 02 C4 C1 44 C8 0C 02
30 44 0E 00 24 00 00 00 A8 01 00 00 24 98 FD FF
6C 00 00 00 00 44 0E 20 48 81 01 88 02 44 0C 08
00 02 50 C1 44 C8 0C 02 20 44 0E 00 24 00 00 00
D0 01 00 00 68 98 FD FF 24 00 00 00 00 44 0E 10
48 81 01 88 02 44 0C 08 00 48 C1 44 C8 0C 02 10
44 0E 00 00 24 00 00 00 F8 01 00 00 64 98 FD FF
24 00 00 00 00 44 0E 10 48 81 01 88 02 44 0C 08
00 48 C1 44 C8 0C 02 10 44 0E 00 00 24 00 00 00
20 02 00 00 60 98 FD FF 88 00 00 00 00 44 0E 20
48 81 01 88 02 44 0C 08 00 02 6C C1 44 C8 0C 02
20 44 0E 00 24 00 00 00 48 02 00 00 C0 98 FD FF
84 00 00 00 00 44 0E 20 48 81 01 88 02 44 0C 08
00 02 68 C1 44 C8 0C 02 20 44 0E 00 28 00 00 00
70 02 00 00 1C 99 FD FF 3C 03 00 00 00 44 0E 30
48 81 01 88 02 44 0C 08 00 03 20 03 C1 44 C8 0C
02 30 44 0E 00 00 00 00 28 00 00 00 9C 02 00 00
2C 9C FD FF C0 01 00 00 00 44 0E 70 48 81 01 88
02 44 0C 08 00 03 A4 01 C1 44 C8 0C 02 70 44 0E
00 00 00 00 24 00 00 00 C8 02 00 00 C0 9D FD FF
90 00 00 00 00 44 0E 20 48 81 01 88 02 44 0C 08
00 02 74 C1 44 C8 0C 02 20 44 0E 00 28 00 00 00
F0 02 00 00 28 9E FD FF 38 03 00 00 00 44 0E 10
48 81 01 88 02 44 0C 08 00 03 1C 03 C1 44 C8 0C
02 10 44 0E 00 00 00 00 24 00 00 00 1C 03 00 00
34 A1 FD FF EC 00 00 00 00 44 0E 10 48 81 01 88
02 44 0C 08 00 02 D0 C1 44 C8 0C 02 10 44 0E 00
@10026E40
01 1B 03 3B BC FC FF FF 14 00 00 00 D4 92 FD FF
D4 FC FF FF F8 92 FD FF FC FC FF FF 1C 93 FD FF
24 FD FF FF 4C 93 FD FF 4C FD FF FF C4 93 FD FF
74 FD FF FF E8 93 FD FF 9C FD FF FF 0C 94 FD FF
C4 FD FF FF 94 94 FD FF EC FD FF FF E8 94 FD FF
14 FE FF FF B0 95 FD FF 3C FE FF FF 90 96 FD FF
64 FE FF FF FC 96 FD FF 8C FE FF FF 20 97 FD FF
B4 FE FF FF 44 97 FD FF DC FE FF FF CC 97 FD FF
04 FF FF FF 50 98 FD FF 2C FF FF FF 8C 9B FD FF
58 FF FF FF 4C 9D FD FF 84 FF FF FF DC 9D FD FF
AC FF FF FF 14 A1 FD FF D8 FF FF FF
